control,snr_db,eps_over_lambda,xP,yP,alpha_db_m,q,L_hat,U_hat,unique,exact,t_gcs,t_cr,S_hat,S_NOM,L_NOM,U_NOM,UH_NOM,Gamma_NOM,same_NOM,S_CR,L_CR,U_CR,UH_CR,Gamma_CR,same_CR,S_GR,L_GR,U_GR,UH_GR,Gamma_GR,same_GR
endpoints,20.0,0.03,0.0,0.0,0.0,0.0,0.9204579302490785,0.9893526395464691,0,1,1.5107993340061512,0.03315699999802746,0 1 2 3 4 5 6 23,0 10 11 12 13 14 15 23,0.9188515007149081,0.9893376931541404,0.9893377107799781,-0.06962209504569072,0,0 1 2 3 4 5 6 23,0.9204579302490785,0.9893526395464691,0.9893526586284728,-0.06963615049227823,1,0 10 11 12 13 14 15 23,0.9188515007149081,0.9893376931541404,0.9893377107799781,-0.06962209504569072,0
endpoints,20.0,0.03,-6.0,1.0,0.0,0.0,34.861350104626,34.86615426025274,0,1,0.1255433750047814,0.08019158398383297,0 8 9 15 17 19 20 23,0 1 5 12 14 17 18 23,25.24917310886465,25.251080646346658,25.25108064634665,0.38058844264432534,0,0 7 13 14 17 19 20 23,34.35707331703861,34.74682857993023,35.337450360672555,0.003295884239689073,0,0 10 11 12 13 14 15 23,16.050509004255257,16.358290089501025,16.65268242084594,1.1311121097553154,0
endpoints,20.0,0.03,-4.8,1.0,0.0,0.0,28.876349750536296,29.16821283922284,0,1,0.12260825000703335,0.028331707988400012,0 1 5 7 8 9 20 23,0 6 9 13 14 15 17 23,25.17558389355933,25.381646520378393,25.53107949306392,0.13768623037721683,0,0 1 5 7 8 9 20 23,28.876349750536296,29.16821283922284,29.664923378196573,-0.010006204024062493,1,0 10 11 12 13 14 15 23,16.735513892913488,16.815060627378582,16.822618631833713,0.717290849580364,0
endpoints,20.0,0.03,-3.6,1.0,0.0,0.0,22.504754554859527,22.699247703396242,0,1,0.10443075001239777,0.029405874985968694,0 1 4 5 7 10 12 23,0 3 5 8 10 15 16 23,20.397007471693154,20.614196263954867,20.691471916777687,0.09171147236093868,0,0 3 5 8 10 15 16 23,20.397007471693154,20.614196263954867,20.691471916777687,0.09171147236093868,0,0 10 11 12 13 14 15 23,6.9608786108295915,6.995867758347287,6.995867758347289,2.216863916275067,0
endpoints,20.0,0.03,-2.4000000000000004,1.0,0.0,0.0,19.380457627892785,19.567290863578485,0,1,0.08436841698130593,0.02456741701462306,0 8 10 18 19 21 22 23,0 6 12 14 15 17 18 23,15.016021750777503,15.018088691330107,15.018088691330098,0.29047430909640726,0,0 8 10 13 14 17 21 23,18.02499932134025,18.028774007521683,18.028774007521676,0.07497368483332112,0,0 10 11 12 13 14 15 23,18.131118191019855,18.134987462607402,18.1349874626074,0.06867775165841294,0
endpoints,20.0,0.03,-1.2000000000000002,1.0,0.0,0.0,17.38907507655701,17.391966395388998,1,1,0.1318254999932833,0.03945758301415481,0 1 6 7 20 21 22 23,0 1 2 3 7 13 21 23,14.275444787418307,14.277128611710701,14.277128611710692,0.217967250242024,0,0 1 6 7 20 21 22 23,17.38907507655701,17.391966395388998,17.391966395388998,-0.00016624450428759374,1,0 10 11 12 13 14 15 23,5.6861592682616715,5.730388738633447,5.738812519876649,2.0345367251129742,0
endpoints,20.0,0.03,0.0,1.0,0.0,0.0,1.0215508674251341,1.0928066841343878,0,1,2.2595637910126243,0.05490650000865571,0 1 2 3 4 5 6 23,0 1 10 11 12 13 14 23,1.020255595351714,1.088468964151261,1.0884689641512606,-0.06147910407193524,0,0 1 2 3 4 21 22 23,1.0204803044586839,1.09455524017495,1.0945552401749499,-0.06669775089482666,0,0 10 11 12 13 14 15 23,1.019802146478593,1.0904987341648005,1.0904987341647998,-0.06322599429010123,0
endpoints,20.0,0.03,1.1999999999999993,1.0,0.0,0.0,34.06892067415481,34.075225286622164,1,1,0.15158787500695325,0.029424082982586697,0 2 3 13 17 18 20 23,0 2 6 8 15 17 21 23,29.12007445981959,29.124785209090255,29.124785209090255,0.1697569760453177,0,0 2 3 5 18 20 21 23,33.879553050839306,33.8863450303836,33.88634503038359,0.00538788245257793,0,0 10 11 12 13 14 15 23,9.682117269990123,9.745077820143196,9.745077820143194,2.4960131979381357,0
endpoints,20.0,0.03,2.4000000000000004,1.0,0.0,0.0,55.66150477048816,55.67566234479652,0,1,0.08981266600312665,0.021729166008299217,0 3 7 9 10 18 20 23,0 5 6 10 11 15 21 23,49.34770461937839,49.357410866037,49.35741086603699,0.12772335083704767,0,0 1 2 9 13 17 22 23,53.513173509553546,53.76264312790093,53.76264312790093,0.03531935061432612,0,0 10 11 12 13 14 15 23,37.894012854212704,38.0874714546125,38.0874714546125,0.4614124446884855,0
endpoints,20.0,0.03,3.5999999999999996,1.0,0.0,0.0,69.77471801330137,69.78677121977718,1,1,0.08205345799797215,0.02161666701431386,0 1 6 9 13 16 20 23,0 5 11 14 16 17 20 23,67.76973006296242,67.78129607363431,67.78129607363428,0.029409616740014854,0,0 5 11 14 16 17 20 23,67.76973006296242,67.78129607363431,67.78129607363428,0.029409616740014854,0,0 10 11 12 13 14 15 23,13.078953345847626,13.169495308430703,13.1694953084307,4.298207439174511,0
endpoints,20.0,0.03,4.799999999999999,1.0,0.0,0.0,79.19210785086838,79.3526888631805,1,1,0.09627116701449268,0.021292916004313156,0 1 3 4 12 14 20 23,0 3 5 6 12 13 16 23,75.11752336470498,75.12558015423326,75.12558015423325,0.05412973434995805,0,0 3 6 7 15 18 19 23,77.37871610968874,77.64500076019797,77.64500076019797,0.01992539217622724,0,0 10 11 12 13 14 15 23,71.04425915495467,71.05555088599043,71.05555088599044,0.1145098006197034,0
endpoints,20.0,0.03,6.0,1.0,0.0,0.0,83.47911047249548,83.48518588647973,1,1,0.09364220799761824,0.02240345798782073,0 7 8 11 12 19 22 23,0 4 5 9 11 16 17 23,82.87503523753692,82.88015648948108,82.88015648948105,0.007226747732919758,0,0 4 5 9 11 16 17 23,82.87503523753692,82.88015648948108,82.88015648948105,0.007226747732919758,0,0 10 11 12 13 14 15 23,23.8885915894217,24.012078330171768,24.012078330171768,2.4765466497584225,0
endpoints,20.0,0.03,-6.0,2.0,0.0,0.0,36.90505833670914,36.90937817886203,1,1,0.14499258299474604,0.030612500006100163,0 1 3 4 5 12 17 23,0 2 8 12 14 18 19 23,29.735858002262322,29.73860605911304,29.738606059113028,0.24098144557787804,0,0 1 5 7 9 12 13 23,36.090102413670245,36.48791335398745,36.809420401005866,0.01143241540492479,0,0 10 11 12 13 14 15 23,18.376607600193854,18.56935116102506,18.86696680956373,0.9874177625639728,0
endpoints,20.0,0.03,-4.8,2.0,0.0,0.0,30.436576731541713,30.478258129255533,0,1,0.0948401250061579,0.03122283300035633,0 6 7 10 11 17 22 23,0 6 10 11 12 13 20 23,24.209065471962123,24.211591478150407,24.211591478150407,0.2571076444524105,0,0 8 9 12 13 15 20 23,30.14806934956411,30.583785556896434,30.93410741434373,-0.004813296414234336,0,0 10 11 12 13 14 15 23,15.963129159224918,16.129715331199506,16.248804656183573,0.8869878424121116,0
endpoints,20.0,0.03,-3.6,2.0,0.0,0.0,19.8157922472568,19.817925402349882,1,1,0.1088778330013156,0.029154624993680045,0 5 8 9 20 21 22 23,0 1 3 8 19 20 22 23,18.633429256081268,18.6354589652161,18.635458965216092,0.06333803123624948,0,0 3 4 7 20 21 22 23,19.255099505261647,19.258032856442203,19.258032856442195,0.0289624280409313,0,0 10 11 12 13 14 15 23,10.083250154954634,10.084455051318317,10.084455051318312,0.9649839427531912,0
endpoints,20.0,0.03,-2.4000000000000004,2.0,0.0,0.0,23.510916740259294,23.591558516094867,0,1,0.10078895799233578,0.033675999991828576,0 1 3 8 17 20 22 23,0 1 3 8 14 17 20 23,23.50863518461246,23.51268395423598,23.512683954235982,-7.516002767371521e-05,0,0 1 3 8 17 20 22 23,23.510916740259294,23.591558516094867,23.591558516094853,-0.0034182470725940828,1,0 10 11 12 13 14 15 23,7.025434060868118,7.080984228979632,7.098083950040901,2.3202893806822122,0
endpoints,20.0,0.03,-1.2000000000000002,2.0,0.0,0.0,23.017356667114317,23.234682264680654,0,1,0.15754016701248474,0.038632042007520795,0 1 8 12 15 20 21 23,0 8 10 11 15 16 17 23,19.996668544896686,19.998995714644114,19.998995714644106,0.1509256262433234,0,0 12 14 15 16 17 20 23,21.750122962651258,21.75309635377361,21.753096353773607,0.05811863712548626,0,0 10 11 12 13 14 15 23,6.19311694929307,6.261483541495231,6.325138623489793,2.676022864961139,0
endpoints,20.0,0.03,0.0,2.0,0.0,0.0,1.3235010204100945,1.4016638550314005,0,1,2.1853860419942066,0.0520828329899814,0 1 2 3 4 5 6 23,0 1 10 11 12 13 14 23,1.3218908279312331,1.3855725959578664,1.385572595957866,-0.04479850116035311,0,0 1 2 3 4 21 22 23,1.322094691779669,1.408470823746515,1.408470823746515,-0.06032769859612852,0,0 10 11 12 13 14 15 23,1.3213272865066488,1.3929409197257432,1.392940919725743,-0.04985128825802654,0
endpoints,20.0,0.03,1.1999999999999993,2.0,0.0,0.0,39.98094923038352,40.18896529689582,1,1,0.13209091700264253,0.035378458007471636,0 2 6 12 15 17 22 23,0 7 8 10 15 16 17 23,34.88015469778698,34.88475661099807,34.884756610998075,0.14608651785114612,0,0 2 3 6 11 17 18 23,37.65997916093177,37.86411652668522,37.8641165266852,0.055906037110529994,0,0 10 11 12 13 14 15 23,6.954824198720793,6.989226316091191,6.989226316091188,4.72036838159554,0
endpoints,20.0,0.03,2.4000000000000004,2.0,0.0,0.0,56.002767757136596,56.0138343081653,1,1,0.12483466701814905,0.027574125007959083,0 2 3 11 12 14 17 23,0 1 2 9 10 11 14 23,46.90441305177891,46.90942434042237,46.909424340422355,0.19384896627005488,0,0 1 6 7 8 14 20 23,54.67381992490172,54.95196484272172,54.95196484272172,0.019122208230813564,0,0 10 11 12 13 14 15 23,10.755416371810732,10.757457311595028,10.757457311595031,4.205948407229418,0
endpoints,20.0,0.03,3.5999999999999996,2.0,0.0,0.0,62.94626943599149,62.955546971123745,1,1,0.08744350000051782,0.01989345799665898,0 1 3 4 19 20 22 23,0 3 5 10 15 16 18 23,60.29278890112634,60.29982330025557,60.29982330025556,0.043888124224813474,0,0 1 5 8 16 17 20 23,61.61535662661294,61.623730823394,61.62373082339394,0.021461514824341332,0,0 10 11 12 13 14 15 23,21.72435784227481,21.72572847712177,21.725728477121766,1.8973145596603085,0
endpoints,20.0,0.03,4.799999999999999,2.0,0.0,0.0,78.08732552974918,78.09623778839816,1,1,0.14533512498019263,0.03166283300379291,0 2 4 7 10 17 19 23,0 6 10 11 13 14 19 23,76.46027078013617,76.46858373490862,76.46858373490863,0.02116871682169763,0,0 2 8 14 17 19 20 23,77.4600669995691,77.86536398755558,77.86536398755555,0.0028505811933154934,0,0 10 11 12 13 14 15 23,53.89525625411821,53.90396136463108,53.903961364631066,0.4486379767440607,0
endpoints,20.0,0.03,6.0,2.0,0.0,0.0,84.13160546981153,84.47901875121909,0,1,0.10209962498629466,0.022565416991710663,0 4 10 12 13 14 16 23,0 9 12 14 16 18 20 23,83.95192720034036,83.95805827719656,83.95805827719657,0.0020670701082914356,0,0 9 12 14 16 18 20 23,83.95192720034036,83.95805827719656,83.95805827719657,0.0020670701082914356,0,0 10 11 12 13 14 15 23,31.2257862623898,31.374867301630996,31.374867301630992,1.6814967745039042,0
endpoints,20.0,0.03,-6.0,4.0,0.0,0.0,43.703188151536146,43.99663781463989,1,1,0.07272424999973737,0.02565941697685048,0 6 7 10 13 14 18 23,0 7 12 14 17 18 19 23,38.49494475863526,38.498312035855776,38.49831203585576,0.1351975149152711,0,0 1 8 9 14 15 20 23,41.61444068575885,41.84296130086821,41.85141471868883,0.04445734223474607,0,0 10 11 12 13 14 15 23,21.066231936059896,21.241176310910596,21.305670149521635,1.0574749492139883,0
endpoints,20.0,0.03,-4.8,4.0,0.0,0.0,38.25004109217803,38.41202218081233,0,1,0.09632929199142382,0.02840541600016877,0 9 14 15 19 20 22 23,0 4 7 9 17 18 22 23,34.596729205754976,34.791265285143716,34.80327813053204,0.09941506233494923,0,0 11 15 16 19 20 22 23,38.18214896657765,38.58502992696488,38.65024013527177,-0.008681834261135113,0,0 10 11 12 13 14 15 23,13.465046970191562,13.554337714825845,13.554337714825845,1.8219778713599428,0
endpoints,20.0,0.03,-3.6,4.0,0.0,0.0,36.53790113482493,36.72296573133436,0,1,0.08394158401642926,0.030362082994543016,0 4 8 9 11 15 17 23,0 4 8 9 11 12 15 23,36.19710456008294,36.58909480835187,36.94384742225189,-0.0013991511349237262,0,0 4 8 9 11 12 15 23,36.19710456008294,36.58909480835187,36.94384742225189,-0.0013991511349237262,0,0 10 11 12 13 14 15 23,15.02652045705073,15.259279438682697,15.357638047906061,1.3944709369565862,0
endpoints,20.0,0.03,-2.4000000000000004,4.0,0.0,0.0,35.8212497742101,35.89891480159678,0,1,0.05785620800452307,0.025279833003878593,0 4 5 9 11 15 17 23,0 7 8 11 12 14 19 23,30.67932454621606,30.681755762422082,30.68175576242209,0.16750977524182908,0,0 1 2 5 9 17 21 23,34.7955474407428,35.176037758197275,35.536586476768605,0.018342373306739823,0,0 10 11 12 13 14 15 23,18.917994843630773,19.135834197275774,19.148675569479185,0.8719460779666302,0
endpoints,20.0,0.03,-1.2000000000000002,4.0,0.0,0.0,36.645951897926906,36.82111402876354,0,1,0.05176212498918176,0.018084832991007715,0 2 4 8 9 18 19 23,0 4 6 13 20 21 22 23,32.127992159907166,32.13005240505596,32.13005240505598,0.14055064199522826,0,0 4 8 9 14 18 19 23,36.522978596952385,36.84009511044833,36.84009511044833,-0.005269889014655749,0,0 10 11 12 13 14 15 23,16.446958033307123,16.44840182335589,16.448401823355884,1.227933892391389,0
endpoints,20.0,0.03,0.0,4.0,0.0,0.0,2.511716501994067,2.615288446607737,0,1,1.8466352079994977,0.03907975001493469,0 1 2 3 4 5 6 23,0 1 10 11 12 13 14 23,2.5088669749393837,2.5630201425084316,2.5630201425084316,-0.020016869810532856,0,0 1 2 3 4 21 22 23,2.5089889112561448,2.6404100322246076,2.6404100322246076,-0.04873997926833862,0,0 10 11 12 13 14 15 23,2.5078701959551104,2.589732611492021,2.5897326114920207,-0.03012516008477295,0
endpoints,20.0,0.03,1.1999999999999993,4.0,0.0,0.0,50.899623231670304,51.05575727464614,1,1,0.08529374998761341,0.022854957991512492,0 1 5 10 13 15 21 23,0 3 8 10 11 19 20 23,45.19207953501375,45.194681247789646,45.19468124778962,0.12623038433664524,0,0 1 5 10 13 15 21 23,50.899623231670304,51.05575727464614,51.05575727464614,-0.0030581084545654447,1,0 10 11 12 13 14 15 23,20.417314062453045,20.41843644494697,20.41843644494697,1.4928266847908733,0
endpoints,20.0,0.03,2.4000000000000004,4.0,0.0,0.0,61.423291964775814,61.60774310486073,1,1,0.07452004199149087,0.026278333010850474,0 2 6 8 11 14 22 23,0 1 9 11 12 13 18 23,58.508656243127184,58.51367309708285,58.51367309708283,0.04972545242315363,0,0 2 6 8 11 14 22 23,61.423291964775814,61.60774310486073,61.60774310486074,-0.002993960349610081,1,0 10 11 12 13 14 15 23,20.82591448769707,20.928272391212985,20.928272391212985,1.9349432584108186,0
endpoints,20.0,0.03,3.5999999999999996,4.0,0.0,0.0,72.57943621875043,72.58613992478546,1,1,0.07116462499834597,0.02130754102836363,0 3 5 6 7 9 14 23,0 5 8 9 11 12 14 23,72.5090905721841,72.51568792396772,72.51568792396772,0.0008790966011320567,0,0 5 8 9 11 12 14 23,72.5090905721841,72.51568792396772,72.51568792396772,0.0008790966011320567,0,0 10 11 12 13 14 15 23,24.545368680332057,24.66289719965379,24.66289719965379,1.9428592930991608,0
endpoints,20.0,0.03,4.799999999999999,4.0,0.0,0.0,78.28681926349643,78.29211910225587,1,1,0.11539250001078472,0.026828125002793968,0 3 5 8 12 13 20 23,0 1 11 12 18 19 22 23,73.36947842253102,73.37387295087045,73.37387295087042,0.06695770735607187,0,0 5 7 10 13 14 18 23,76.07358892372407,76.45630619485583,76.45630619485583,0.023941950111680432,0,0 10 11 12 13 14 15 23,23.907471159625484,23.97563887122751,23.975638871227506,2.2652652003966507,0
endpoints,20.0,0.03,6.0,4.0,0.0,0.0,83.51410207047739,83.51889404462985,1,1,0.08321870799409226,0.02419362499495037,0 4 5 12 13 16 22 23,0 1 7 9 18 19 21 23,79.78502037580918,79.78965500185876,79.78965500185873,0.04667832024755425,0,0 1 5 6 9 12 13 23,82.14791837161596,82.15213783723637,82.15213783723637,0.016578561058744556,0,0 10 11 12 13 14 15 23,32.53126446853518,32.53324228826355,32.53324228826355,1.5670390098378024,0
endpoints,20.0,0.05,0.0,0.0,0.0,0.0,0.8048276197918492,0.9878418574880615,0,1,1.3908061249821912,0.026154708000831306,0 1 2 3 4 5 6 23,0 10 11 12 13 14 15 23,0.8007373050675686,0.9877844372254507,0.9877845163752613,-0.1852193763524983,0,0 1 2 3 4 5 6 23,0.8048276197918492,0.9878418574880615,0.9878419388942488,-0.18526673708845554,1,0 10 11 12 13 14 15 23,0.8007373050675686,0.9877844372254507,0.9877845163752613,-0.1852193763524983,0
endpoints,20.0,0.05,-6.0,1.0,0.0,0.0,15.43106672154732,15.73647037717692,0,1,0.15702145799878053,0.05958987498888746,0 2 3 14 15 17 22 23,0 1 5 12 14 17 18 23,10.638265617880561,10.658002937153872,10.658002937153872,0.44783847523202613,0,0 1 2 11 12 14 15 23,15.312245721537147,16.108670675078564,16.27228105558056,-0.04206454816781091,0,0 10 11 12 13 14 15 23,8.745452566842857,9.25091800367081,9.867253935879221,0.6680578852200609,0
endpoints,20.0,0.05,-4.8,1.0,0.0,0.0,11.951657607008217,12.17218332714845,0,1,0.12770454201381654,0.03701000000000931,0 5 7 8 9 18 20 23,0 6 9 13 14 15 17 23,10.022409983927346,10.41047340576676,10.746332064699986,0.1480417019640754,0,0 1 5 7 8 9 20 23,11.70820234742528,12.33713376375785,13.058576072925995,-0.03124519553172278,0,0 10 11 12 13 14 15 23,8.360005427064,8.604590380739088,8.853992146996527,0.38898623620263884,0
endpoints,20.0,0.05,-3.6,1.0,0.0,0.0,8.970485302729758,9.383786964184562,0,1,0.12133366600028239,0.03453358300612308,0 1 4 5 7 10 12 23,0 3 5 8 10 15 16 23,7.787530198765175,8.07003167500945,8.416844788718572,0.11157993722735338,0,0 1 4 5 7 10 12 23,8.970485302729758,9.383786964184562,9.635203422151555,-0.04404422894853299,1,0 10 11 12 13 14 15 23,3.5832450297139293,3.637213615512033,3.637213615512032,1.4663069731379874,0
endpoints,20.0,0.05,-2.4000000000000004,1.0,0.0,0.0,7.457244465311631,7.809980521925199,0,1,0.08754949999274686,0.05031566700199619,0 8 10 18 19 21 22 23,0 6 12 14 15 17 18 23,5.6268304166853,5.72025097403977,5.728377090141908,0.3036568673568456,0,0 8 10 18 19 21 22 23,7.457244465311631,7.809980521925199,8.041879179098833,-0.04516478058086337,1,0 10 11 12 13 14 15 23,6.837808393749525,7.112477627853148,7.128760544654114,0.048473521534653896,0
endpoints,20.0,0.05,-1.2000000000000002,1.0,0.0,0.0,6.709200054226618,6.712358352276913,1,1,0.13476329101831652,0.05812899998272769,0 6 7 13 20 21 22 23,0 1 2 3 7 13 21 23,5.251271444245298,5.31079410492167,5.31079410492167,0.263313907803167,0,0 6 7 13 20 21 22 23,6.709200054226618,6.712358352276913,6.712358352276913,-0.0004705198805756705,1,0 10 11 12 13 14 15 23,3.1980260408146837,3.3265609350135343,3.3748302489666178,1.0168577053885595,0
endpoints,20.0,0.05,0.0,1.0,0.0,0.0,0.8932212924269708,1.0872185186109753,0,1,2.3159281669941265,0.060450834018411115,0 1 2 3 4 5 6 23,0 1 10 11 12 13 14 23,0.8898797053881579,1.079705690348715,1.0797056903487146,-0.17271780596202557,0,0 1 2 3 4 21 22 23,0.8905168065841673,1.0902014527555233,1.0902014527555228,-0.18068234988192144,0,0 10 11 12 13 14 15 23,0.8887113271160798,1.083818750498266,1.083818750498266,-0.1758573174561442,0
endpoints,20.0,0.05,1.1999999999999993,1.0,0.0,0.0,14.52570597899685,14.529460190733062,1,1,0.12627812498249114,0.03559524999582209,0 1 2 3 14 20 21 23,0 2 6 8 15 17 21 23,11.746150756993279,11.748722236538468,11.748722236538464,0.23636474559096965,0,0 3 6 13 14 17 20 23,14.22486652515172,14.228847838096543,14.22884783809654,0.020863118664147473,0,0 10 11 12 13 14 15 23,5.820851989112601,5.912229506649902,5.912229506649901,1.4568914252497747,0
endpoints,20.0,0.05,2.4000000000000004,1.0,0.0,0.0,29.19903981872227,29.211471201226967,0,1,0.09624995800550096,0.02169954200508073,0 3 7 9 10 18 20 23,0 5 6 10 11 15 21 23,23.818486298531564,23.82611900346526,23.826119003465248,0.22550549732734804,0,0 1 2 9 13 17 22 23,28.008712479133344,28.019754804036037,28.01975480403603,0.042087627923009796,0,0 10 11 12 13 14 15 23,21.66253685779666,21.990845987477368,21.99084598747737,0.32778156126188085,0
endpoints,20.0,0.05,3.5999999999999996,1.0,0.0,0.0,42.68814821447596,42.704393940255486,1,1,0.08562766699469648,0.0275979999860283,0 5 9 12 14 15 20 23,0 5 11 14 16 17 20 23,40.18241843393963,40.19624628280929,40.19624628280928,0.06199339893915368,0,0 5 9 12 14 15 20 23,42.68814821447596,42.704393940255486,42.704393940255464,-0.00038042281555983326,1,0 10 11 12 13 14 15 23,8.843276675628296,9.016322791293991,9.016322791293991,3.734540810328454,0
endpoints,20.0,0.05,4.799999999999999,1.0,0.0,0.0,55.24611936897273,55.407664525696546,1,1,0.08078633301192895,0.01699487498262897,0 1 3 4 12 14 20 23,0 3 5 6 12 13 16 23,49.279737141664945,49.29197745075386,49.291977450753876,0.12079332634133966,0,0 5 6 11 14 15 22 23,52.99925905004489,53.466585328748394,53.466585328748394,0.0332831062481842,0,0 10 11 12 13 14 15 23,49.981846293259046,50.09116488869906,50.09116488869904,0.10291145138524538,0
endpoints,20.0,0.05,6.0,1.0,0.0,0.0,62.76525335276769,62.7771221297413,1,1,0.1096594590053428,0.02934754200396128,0 7 8 11 12 19 22 23,0 4 5 9 11 16 17 23,61.011730530653125,61.021009100101814,61.021009100101786,0.028584323307478066,0,0 3 4 16 17 19 20 23,61.29350456610338,61.305525398986184,61.305525398986155,0.023810707832309763,0,0 10 11 12 13 14 15 23,18.42694607243588,18.554937092267515,18.554937092267515,2.3826713095634338,0
endpoints,20.0,0.05,-6.0,2.0,0.0,0.0,16.70888199700485,17.2541041390958,0,1,0.1475697499990929,0.04179508300148882,0 1 3 4 5 12 17 23,0 2 8 12 14 18 19 23,12.893365967042687,12.951334119779327,12.951334119779322,0.2901282479838876,0,0 1 3 4 5 12 17 23,16.70888199700485,17.2541041390958,17.445213296327278,-0.03159956249803453,1,0 10 11 12 13 14 15 23,9.98346407072006,10.390810539859958,10.865059159392695,0.608044139858799,0
endpoints,20.0,0.05,-4.8,2.0,0.0,0.0,13.319799004717392,13.39068397324791,0,1,0.10365804098546505,0.044140915997559205,0 1 2 5 13 17 22 23,0 6 10 11 12 13 20 23,10.054557464173726,10.127594146114955,10.127594146114951,0.31519873452146574,0,0 4 7 8 13 19 20 23,12.40260460385489,12.951832397001343,13.571613497375505,0.028410389853503748,0,0 10 11 12 13 14 15 23,7.820196162901688,8.049145638408818,8.117891528436,0.6548090447212351,0
endpoints,20.0,0.05,-3.6,2.0,0.0,0.0,7.95068167765476,7.952026471197833,1,1,0.17083762501715682,0.051043666986515746,0 5 8 9 20 21 22 23,0 1 3 8 19 20 22 23,7.3573763185823715,7.358662125619961,7.358662125619957,0.08045206342245548,0,0 3 4 7 20 21 22 23,7.720796652996572,7.722334377894422,7.722334377894422,0.029569724462332747,0,0 10 11 12 13 14 15 23,4.78027030291984,4.828740745083756,4.8287407450837545,0.6465331433975863,0
endpoints,20.0,0.05,-2.4000000000000004,2.0,0.0,0.0,9.324876136960889,9.490561198364095,0,1,0.18730641598813236,0.060274291987298056,0 1 3 8 14 17 20 23,0 1 3 8 14 17 20 23,9.324876136960889,9.490561198364095,9.501328794093668,-0.017457878194997112,1,0 1 3 8 17 20 22 23,9.184860149684612,9.483029805690943,9.58821115720198,-0.016677546308579982,0,0 10 11 12 13 14 15 23,4.470837076305617,4.705920919753257,4.7484249081717955,0.98151993966142,0
endpoints,20.0,0.05,-1.2000000000000002,2.0,0.0,0.0,8.933962767574105,9.193424346353506,0,1,0.1689466249954421,0.03813904200796969,0 3 6 8 19 20 21 23,0 8 10 11 15 16 17 23,7.752982097926434,7.754208102205217,7.75420810220522,0.15214379725421323,0,0 3 10 15 20 21 22 23,8.812639639394076,9.097967732889199,9.370998423974266,-0.018026549459195684,0,0 10 11 12 13 14 15 23,3.6057338697318495,3.7237717248643913,3.8100716977757814,1.3991703647998062,0
endpoints,20.0,0.05,0.0,2.0,0.0,0.0,1.1572405574577913,1.3831301221895067,0,1,2.2600202079920564,0.06439816698548384,0 1 2 3 4 5 6 23,0 1 10 11 12 13 14 23,1.1529701528484997,1.3540541884191084,1.3540541884191084,-0.14535136971962836,0,0 1 2 3 4 21 22 23,1.1537198711388383,1.3950527408458988,1.3950527408458981,-0.17046823852975523,0,0 10 11 12 13 14 15 23,1.1514771481831023,1.3686059830172375,1.3686059830172375,-0.15443847840959202,0
endpoints,20.0,0.05,1.1999999999999993,2.0,0.0,0.0,17.57928583332356,18.030398204259097,1,1,0.1378702920046635,0.045471042016288266,0 2 6 12 15 17 22 23,0 7 8 10 15 16 17 23,14.8432968625269,14.846121454217096,14.846121454217096,0.1840995567451793,0,0 1 2 8 13 20 21 23,16.758390881055902,16.809787263455785,16.809787263455785,0.045776817862570596,0,0 10 11 12 13 14 15 23,4.642453728838101,4.648515978688202,4.6485159786882,2.7816984848322246,0
endpoints,20.0,0.05,2.4000000000000004,2.0,0.0,0.0,29.331156931700963,29.401628599769236,1,1,0.12508558301487938,0.026799207989824936,0 1 2 3 11 12 17 23,0 1 2 9 10 11 14 23,22.08237539878394,22.086708188768252,22.086708188768238,0.32800038290073164,0,0 4 5 6 9 11 12 23,25.009891995060237,25.480126406381974,25.480126406381974,0.15113859577848987,0,0 10 11 12 13 14 15 23,7.372971376370528,7.37510861178547,7.37510861178547,2.97704745457302,0
endpoints,20.0,0.05,3.5999999999999996,2.0,0.0,0.0,35.374882924749976,35.38446608268814,1,1,0.06816495800740086,0.020034874993143603,0 1 3 4 19 20 22 23,0 3 5 10 15 16 18 23,32.792743450604846,32.80008505419858,32.80008505419857,0.07849973151889156,0,0 1 3 4 19 20 22 23,35.374882924749976,35.38446608268814,35.38446608268814,-0.0002708295192520582,1,0 10 11 12 13 14 15 23,12.96336697677952,12.965182097488016,12.96518209748802,1.728452455103103,0
endpoints,20.0,0.05,4.799999999999999,2.0,0.0,0.0,53.71958406972819,53.8266472601304,0,1,0.12813070899574086,0.03022066698758863,0 2 4 7 10 17 19 23,0 6 10 11 13 14 19 23,51.20853002142262,51.221103293443846,51.22110329344383,0.0487783475098269,0,0 2 8 14 17 19 20 23,52.71358213932906,53.548604002581605,53.548604002581605,0.003192988320262158,0,0 10 11 12 13 14 15 23,34.63036246272299,34.639940054894666,34.63994005489465,0.550798990546681,0
endpoints,20.0,0.05,6.0,2.0,0.0,0.0,63.36651371313293,63.72538918466106,0,1,0.08339258399792016,0.02096229200833477,0 4 10 12 13 14 16 23,0 9 12 14 16 18 20 23,62.941636158784135,62.95373024337015,62.95373024337015,0.006556934246263468,0,0 9 12 14 16 18 20 23,62.941636158784135,62.95373024337015,62.95373024337015,0.006556934246263468,0,0 10 11 12 13 14 15 23,22.77086668206533,23.100439557780795,23.100439557780795,1.7430869250186856,0
endpoints,20.0,0.05,-6.0,4.0,0.0,0.0,20.660652748932904,21.152158935470105,0,1,0.08701212500454858,0.035732332995394245,0 2 6 7 10 14 18 23,0 7 12 14 17 18 19 23,17.30599921922838,17.802403787890768,17.93385230834206,0.16055410241769286,0,0 6 7 10 13 14 18 23,20.437900036245868,21.2951534811031,21.783934888097683,-0.029795546330916967,0,0 10 11 12 13 14 15 23,10.823417912233287,11.17285730317752,11.499959916297003,0.8491825491279739,0
endpoints,20.0,0.05,-4.8,4.0,0.0,0.0,17.64779099177591,17.78024959767648,0,1,0.11999912501778454,0.04728358399006538,0 7 14 15 19 20 22 23,0 4 7 9 17 18 22 23,14.986264582125322,15.397646334527742,15.615618285788678,0.1461356241312306,0,0 11 15 16 19 20 22 23,17.452234374821277,18.132737432205143,18.434802551687657,-0.0267442487513182,0,0 10 11 12 13 14 15 23,7.28700901295274,7.466273129102811,7.467651854258038,1.3636680157047198,0
endpoints,20.0,0.05,-3.6,4.0,0.0,0.0,15.89469169985223,16.450168052662058,0,1,0.06942570800310932,0.0279392919910606,0 4 17 18 19 20 21 23,0 4 8 9 11 12 15 23,15.63172773495977,16.199837864062314,16.904024156533264,-0.018836371497706117,0,0 4 8 9 11 12 15 23,15.63172773495977,16.199837864062314,16.904024156533264,-0.018836371497706117,0,0 10 11 12 13 14 15 23,8.340467648262393,8.79463204140945,9.079614181115335,0.8073174210145699,0
endpoints,20.0,0.05,-2.4000000000000004,4.0,0.0,0.0,15.18552491596867,15.870973468592101,0,1,0.11149458301952109,0.030281999992439523,0 4 5 9 11 15 17 23,0 7 8 11 12 14 19 23,13.024575202202731,13.036789472842182,13.036789472842177,0.16482090530054694,0,0 1 2 5 9 17 21 23,14.814768019517183,15.472442802198676,16.01177027999555,-0.01854380009013401,0,0 10 11 12 13 14 15 23,10.438360364625218,10.962083982656868,11.058060689073265,0.38527719181806264,0
endpoints,20.0,0.05,-1.2000000000000002,4.0,0.0,0.0,16.050080417395648,16.492290582676365,0,1,0.08955370899639092,0.042014500009827316,0 2 4 8 9 18 19 23,0 4 6 13 20 21 22 23,13.646905369709248,13.648412710398219,13.64841271039821,0.17596681445364615,0,0 2 8 9 10 18 19 23,15.92588937452737,16.44156633892271,16.686414152887078,-0.023810743663776224,0,0 10 11 12 13 14 15 23,8.99061047938196,9.100312718590915,9.100312718590915,0.7636844923589428,0
endpoints,20.0,0.05,0.0,4.0,0.0,0.0,2.19619276499206,2.538227313516308,0,1,1.8606477919965982,0.03470545800519176,0 1 2 3 4 5 6 23,0 1 10 11 12 13 14 23,2.188267266518665,2.4327855323092065,2.4327855323092056,-0.09725179806235207,0,0 1 2 3 4 21 22 23,2.1894602364385514,2.5848110188668207,2.5848110188668194,-0.15034687295829108,0,0 10 11 12 13 14 15 23,2.1854968051448056,2.486934045529513,2.486934045529513,-0.11690751552502432,0
endpoints,20.0,0.05,1.1999999999999993,4.0,0.0,0.0,25.619705136157314,25.82757047837729,1,1,0.09719808399677277,0.023494958004448563,0 1 5 10 13 15 21 23,0 3 8 10 11 19 20 23,21.204020974442237,21.20617199362625,21.206171993626246,0.20812493380972308,0,0 1 5 10 13 15 21 23,25.619705136157314,25.82757047837729,25.82757047837729,-0.008048195721467422,1,0 10 11 12 13 14 15 23,11.880022520979654,11.881787549083292,11.881787549083286,1.15621639676043,0
endpoints,20.0,0.05,2.4000000000000004,4.0,0.0,0.0,34.75465633073931,34.77652240074839,1,1,0.10125858400715515,0.03428304099361412,0 2 6 8 11 14 22 23,0 1 9 11 12 13 18 23,31.22883168913842,31.2343135537627,31.234313553762703,0.1127075442499208,0,0 2 6 8 11 14 22 23,34.75465633073931,34.77652240074839,34.77652240074839,-0.0006287595337195473,1,0 10 11 12 13 14 15 23,13.70550704079559,13.720423226456747,13.72042322645674,1.5330600781849628,0
endpoints,20.0,0.05,3.5999999999999996,4.0,0.0,0.0,46.386674598009975,46.39620475385976,0,1,0.08482295897556469,0.03417800000170246,0 3 5 6 7 9 14 23,0 5 8 9 11 12 14 23,45.88248463168407,45.891794174750196,45.89179417475019,0.010783636424746001,0,0 5 8 9 11 12 14 23,45.88248463168407,45.891794174750196,45.89179417475019,0.010783636424746001,0,0 10 11 12 13 14 15 23,16.380471374735805,16.61765401237918,16.617654012379194,1.791409338734253,0
endpoints,20.0,0.05,4.799999999999999,4.0,0.0,0.0,54.314419487415876,54.323175748395705,0,1,0.08293475001119077,0.029202166013419628,0 3 5 8 12 13 20 23,0 1 11 12 18 19 22 23,46.98583921173478,46.992320606741316,46.992320606741316,0.15581479667603748,0,0 3 5 8 12 13 20 23,54.314419487415876,54.323175748395705,54.3231757483957,-0.00016118831160361058,1,0 10 11 12 13 14 15 23,16.245831967176475,16.4683206080133,16.468320608013297,2.2981152590013996,0
endpoints,20.0,0.05,6.0,4.0,0.0,0.0,62.35894970079142,62.36792816946357,1,1,0.0879990829853341,0.027623250003671274,0 5 12 13 16 19 22 23,0 1 7 9 18 19 21 23,55.93067863972347,55.9385359008831,55.9385359008831,0.11477622173173385,0,0 3 5 8 11 14 15 23,60.88302938982679,61.20281470846425,61.20281470846422,0.018890225847199016,0,0 10 11 12 13 14 15 23,22.0979512941407,22.100597748645853,22.10059774864584,1.8215956151960766,0
endpoints,30.0,0.03,0.0,0.0,0.0,0.0,0.9287380176709528,0.9989249622718737,0,1,1.5283742919855285,0.023956708988407627,0 1 2 3 4 5 6 23,0 10 11 12 13 14 15 23,0.9271143724440514,0.9989234385497451,0.9989234403466499,-0.07026106122876519,0,0 1 2 3 4 5 6 23,0.9287380176709528,0.9989249622718737,0.9989249642171776,-0.07026247941716601,1,0 10 11 12 13 14 15 23,0.9271143724440514,0.9989234385497451,0.9989234403466499,-0.07026106122876519,0
endpoints,30.0,0.03,-6.0,1.0,0.0,0.0,52.68634479409468,52.69703940084162,0,1,0.10996312499628402,0.03579116699984297,0 8 9 15 17 19 20 23,0 1 4 5 14 17 18 23,33.401343943276856,33.40463319393053,33.404633193930515,0.5772166839319628,0,0 7 13 14 17 19 20 23,51.54459965182077,52.13257922071617,53.64394954280369,0.01062225544287787,0,0 10 11 12 13 14 15 23,19.010050619411953,19.37549439385021,19.841448976941244,1.7192258284164015,0
endpoints,30.0,0.03,-4.8,1.0,0.0,0.0,40.1015046827149,40.51088512146197,0,1,0.12535375001607463,0.033481874997960404,0 1 5 7 8 9 20 23,0 6 9 13 14 15 17 23,33.30970554684026,33.590122408543635,33.93479066014531,0.19384812579650212,0,0 1 5 7 8 9 20 23,40.1015046827149,40.51088512146197,41.62319013894297,-0.010105442957359156,1,0 10 11 12 13 14 15 23,19.978582107713706,20.080795721763465,20.102799452792276,0.9970077500092835,0
endpoints,30.0,0.03,-3.6,1.0,0.0,0.0,28.781143176052854,29.03582436566858,1,1,0.07644274999620393,0.03297349999775179,0 1 4 5 7 10 12 23,0 3 5 8 10 15 16 23,25.42477221692954,25.696578597781972,25.85365197718709,0.1200379484970473,0,0 3 5 8 10 15 16 23,25.42477221692954,25.696578597781972,25.85365197718709,0.1200379484970473,0,0 10 11 12 13 14 15 23,7.464889366103933,7.5025019400365744,7.502501940036577,2.8362060291466644,0
endpoints,30.0,0.03,-2.4000000000000004,1.0,0.0,0.0,23.872295886889802,24.106550946060665,0,1,0.10963724998873658,0.026091832987731323,0 8 10 18 19 21 22 23,0 1 3 6 14 21 22 23,22.246170500432516,22.492745407021328,22.89669471545161,0.061333130078368825,0,0 1 3 6 14 21 22 23,22.246170500432516,22.492745407021328,22.89669471545161,0.061333130078368825,0,0 10 11 12 13 14 15 23,22.00015323026124,22.005811135263365,22.005811135263357,0.08481781199310023,0
endpoints,30.0,0.03,-1.2000000000000002,1.0,0.0,0.0,20.918701790381046,20.92283353255757,1,1,0.15961699999752454,0.040180834010243416,0 1 6 7 20 21 22 23,0 1 2 3 7 13 21 23,16.56818104839435,16.57042230011671,16.5704223001167,0.2624121106577779,0,0 1 6 7 20 21 22 23,20.918701790381046,20.92283353255757,20.92283353255757,-0.00019747526882973876,1,0 10 11 12 13 14 15 23,6.018075927800553,6.065624556326899,6.0770846677767825,2.4487300682930138,0
endpoints,30.0,0.03,0.0,1.0,0.0,0.0,1.0317597054780263,1.1044974075629572,0,1,2.304529166984139,0.08993262500735,0 1 2 3 4 5 6 23,0 1 10 11 12 13 14 23,1.0304492206096019,1.100021121643754,1.1000211216437539,-0.062054641336091065,0,0 1 2 3 4 21 22 23,1.0306790894826263,1.1062967335753606,1.1062967335753604,-0.06737525822429524,0,0 10 11 12 13 14 15 23,1.029990440838155,1.1019318636952702,1.1019318636952693,-0.06368103194867714,0
endpoints,30.0,0.03,1.1999999999999993,1.0,0.0,0.0,50.88760723476967,50.901434887949016,1,1,0.14981262499350123,0.028345708007691428,0 2 3 13 17 18 20 23,0 2 6 8 15 17 21 23,40.58272752385699,40.591723974003585,40.591723974003585,0.2536448874987409,0,0 2 3 5 18 20 21 23,50.46504223341724,50.47985634333593,50.47985634333592,0.008077497064580497,0,0 10 11 12 13 14 15 23,10.685629879955888,10.75695653563885,10.756956535638846,3.7306695965698147,0
endpoints,30.0,0.03,2.4000000000000004,1.0,0.0,0.0,120.96014307669788,121.02573796088905,0,1,0.08802362499409355,0.028975791996344924,0 3 7 9 10 18 20 23,0 3 8 14 18 21 22 23,109.99868187030866,110.04660039240342,110.0466003924034,0.09917201117871,0,0 1 2 9 13 17 22 23,111.25523588358672,111.84096036611373,111.84096036611375,0.08153705655541854,0,0 10 11 12 13 14 15 23,59.91674354002738,60.232299745838716,60.232299745838716,1.00822720678293,0
endpoints,30.0,0.03,3.5999999999999996,1.0,0.0,0.0,215.81040713155235,215.92163056236706,1,1,0.08936650000396185,0.022229791997233406,0 1 6 9 13 16 20 23,0 5 11 14 16 17 20 23,197.91368467727872,198.0090348900756,198.00903489007547,0.08990181812339593,0,0 5 11 14 16 17 20 23,197.91368467727872,198.0090348900756,198.00903489007547,0.08990181812339593,0,0 10 11 12 13 14 15 23,14.979220053710879,15.098076873843041,15.09807687384304,13.293900404324827,0
endpoints,30.0,0.03,4.799999999999999,1.0,0.0,0.0,341.0429785583782,342.8521645542565,1,1,0.08435016698786058,0.01711537502706051,0 1 3 4 12 14 20 23,0 3 4 5 6 7 8 23,321.45917899684156,321.5997561076768,321.5997561076768,0.060457827101683126,0,0 3 4 5 6 7 8 23,321.45917899684156,321.5997561076768,321.5997561076768,0.060457827101683126,0,0 10 11 12 13 14 15 23,228.51056862187457,228.62341249342285,228.62341249342296,0.49172376896521697,0
endpoints,30.0,0.03,6.0,1.0,0.0,0.0,439.1863197219727,439.33672532229286,1,1,0.0798798329778947,0.023737250012345612,0 7 8 11 12 19 22 23,0 1 2 5 9 11 14 23,353.1479207834647,353.2342407203683,353.2342407203683,0.24332884271444932,0,0 2 4 8 14 16 22 23,414.01014147215733,414.17297328874105,414.1729732887412,0.06039347819973173,0,0 10 11 12 13 14 15 23,31.093155810508904,31.254889903740875,31.254889903740875,13.05176345444131,0
endpoints,30.0,0.03,-6.0,2.0,0.0,0.0,57.454940960314886,57.4650906477893,1,1,0.1262204999802634,0.031612791994120926,0 1 3 4 5 12 17 23,0 2 5 9 12 18 21 23,53.710826575986296,53.72041493399476,53.720414933994775,0.06951781796377898,0,0 1 5 7 9 12 13 23,55.50539586991069,56.123104641527966,57.07005676523051,0.023730624442351855,0,0 10 11 12 13 14 15 23,22.362639531652626,22.59825112946978,23.092980634937266,1.542450768917663,0
endpoints,30.0,0.03,-4.8,2.0,0.0,0.0,43.187242487800575,43.271048080987406,0,1,0.10942508300649934,0.03889700002036989,0 6 7 10 11 17 22 23,0 6 7 10 11 17 22 23,43.187242487800575,43.271048080987406,43.271048080987406,-0.0019367590318121186,1,0 2 6 8 13 18 21 23,42.36014968583571,42.835593186816894,43.72492840827963,0.008209278191854352,0,0 10 11 12 13 14 15 23,18.88759902045329,19.085326051606597,19.271585972571252,1.2628506513864397,0
endpoints,30.0,0.03,-3.6,2.0,0.0,0.0,24.533949796581222,24.537163889987763,1,1,0.09363395802211016,0.029444416984915733,0 5 8 9 20 21 22 23,0 1 3 8 19 20 22 23,22.745391744123317,22.74836504100307,22.748365041003062,0.07849288299883117,0,0 3 4 7 20 21 22 23,23.679214647415957,23.683590210551703,23.683590210551692,0.035905011802250364,0,0 10 11 12 13 14 15 23,11.17633066945026,11.177796688834475,11.177796688834471,1.1948824513052951,0
endpoints,30.0,0.03,-2.4000000000000004,2.0,0.0,0.0,30.45790041625713,30.58736408926344,1,1,0.12611766599002294,0.032066832995042205,0 1 3 8 17 20 22 23,0 1 3 8 14 17 20 23,30.451075881953933,30.45772690284151,30.457726902841518,5.696860313042507e-06,0,0 1 3 8 17 20 22 23,30.45790041625713,30.58736408926344,30.593277386477013,-0.0042325867841536136,1,0 10 11 12 13 14 15 23,7.539181574713664,7.599698939504122,7.622903603519271,3.007777236797291,0
endpoints,30.0,0.03,-1.2000000000000002,2.0,0.0,0.0,29.635574110456332,29.923659650367703,0,1,0.16915083301137201,0.041752290999284014,0 1 8 12 15 20 21 23,0 8 10 11 15 16 17 23,24.80913147627091,24.812664666093895,24.812664666093884,0.19437289421610826,0,0 12 14 15 16 17 20 23,27.570653580586345,27.575360992927,27.575360992926992,0.07471209961885084,0,0 10 11 12 13 14 15 23,6.588916845575772,6.661697044812898,6.736426882303879,3.4486523345476883,0
endpoints,30.0,0.03,0.0,2.0,0.0,0.0,1.3406876069838172,1.4209549791488663,0,1,2.2026991250168066,0.0630887910083402,0 1 2 3 4 5 6 23,0 1 10 11 12 13 14 23,1.339053567945567,1.4043462806760858,1.4043462806760851,-0.04532975560815511,0,0 1 2 3 4 21 22 23,1.3392638520155524,1.4279729452584142,1.4279729452584142,-0.06112534454131513,0,0 10 11 12 13 14 15 23,1.338481673410659,1.411649672888516,1.4116496728885155,-0.05026889267752688,0
endpoints,30.0,0.03,1.1999999999999993,2.0,0.0,0.0,65.31349127486546,65.65878314786474,1,1,0.12902791699161753,0.03261087500141002,0 2 6 12 15 17 22 23,0 7 8 10 15 16 17 23,52.714574598932735,52.72485275652541,52.72485275652544,0.23876099903914927,0,0 2 3 6 11 17 18 23,59.32071174062265,59.66891346414232,59.66891346414228,0.09459830057262919,0,0 10 11 12 13 14 15 23,7.457926897338684,7.494863985230143,7.494863985230141,7.714433164307769,0
endpoints,30.0,0.03,2.4000000000000004,2.0,0.0,0.0,122.54490171837612,122.59601518105626,1,1,0.12055920800776221,0.0325706250150688,0 2 3 11 12 14 17 23,0 1 2 9 10 11 14 23,86.0027747979606,86.01897620325218,86.0189762032522,0.4246263688237548,0,0 1 6 7 8 14 20 23,116.34888184118617,116.95856101493679,116.95856101493679,0.04776341855579003,0,0 10 11 12 13 14 15 23,12.008140224443084,12.01066913444173,12.010669134441734,9.203003708341862,0
endpoints,30.0,0.03,3.5999999999999996,2.0,0.0,0.0,161.6704208497126,161.72893011549215,1,1,0.07323374997940846,0.018095916020683944,0 1 3 4 19 20 22 23,0 3 5 10 18 19 20 23,151.82761402781153,151.87156935836688,151.87156935836686,0.06452064420447035,0,0 1 5 8 16 17 20 23,153.12493273671762,153.17447466273583,153.1744746627357,0.055465809206680206,0,0 10 11 12 13 14 15 23,27.524163564132643,27.526302497359833,27.526302497359833,4.873306844071016,0
endpoints,30.0,0.03,4.799999999999999,2.0,0.0,0.0,321.566970803024,321.7061227015046,0,1,0.13397966700722463,0.029487416992196813,0 2 4 7 10 17 19 23,0 2 6 10 12 17 18 23,311.83976032814917,311.949993528204,311.94999352820395,0.030828586229640464,0,0 2 8 14 17 19 20 23,311.82453146905823,313.5368169964857,313.53681699648564,0.025611517918255444,0,0 10 11 12 13 14 15 23,112.93129745262172,112.96823147659143,112.96823147659143,1.8465256700921011,0
endpoints,30.0,0.03,6.0,2.0,0.0,0.0,457.0527284322782,459.51087989466436,1,1,0.07963162497617304,0.025142375001451,0 4 10 12 13 14 16 23,0 1 3 7 12 14 21 23,389.5202142706328,389.6290308375628,389.629030837563,0.17304587763847712,0,0 4 5 6 7 13 14 23,439.62773045134435,441.7707323023249,441.77073230232475,0.03459259523669633,0,0 10 11 12 13 14 15 23,44.792338321480884,45.007847674591446,45.007847674591446,9.154956347541606,0
endpoints,30.0,0.03,-6.0,4.0,0.0,0.0,75.85176934677624,76.42899669240543,1,1,0.1042825409967918,0.027765083010308444,0 6 7 10 13 14 18 23,0 5 10 16 17 19 22 23,60.07084867068175,60.14190585252311,60.14190585252309,0.26121326339035633,0,0 1 8 9 14 15 20 23,69.77622535016206,70.23843111096728,70.4446007678745,0.07991833170277718,0,0 10 11 12 13 14 15 23,26.476202838484976,26.703982474177835,26.85544527249405,1.8404665641210345,0
endpoints,30.0,0.03,-4.8,4.0,0.0,0.0,60.845690232706595,61.180377379380865,0,1,0.06694420799612999,0.02808550000190735,0 9 14 15 19 20 22 23,0 3 8 11 19 20 22 23,47.08024788920852,47.085194835046146,47.085194835046124,0.2922467549697454,0,0 11 15 16 19 20 22 23,60.67883272576759,61.32619040872492,61.869278831968145,-0.007835154488089024,0,0 10 11 12 13 14 15 23,15.48783810298381,15.594784499960257,15.594784601857691,2.9016691915724553,0
endpoints,30.0,0.03,-3.6,4.0,0.0,0.0,56.58686821382956,56.87655936425125,0,1,0.0993675829959102,0.026706374977948144,0 4 8 9 11 15 17 23,0 4 8 9 11 12 15 23,55.76813343011865,56.37508364156071,57.41484006380591,0.003756705242610403,0,0 4 8 9 11 12 15 23,55.76813343011865,56.37508364156071,57.41484006380591,0.003756705242610403,0,0 10 11 12 13 14 15 23,17.590323244784514,17.869340059389987,18.02998020419844,2.1667016255641895,0
endpoints,30.0,0.03,-2.4000000000000004,4.0,0.0,0.0,54.884173627081616,55.06644954843111,0,1,0.07919816600042395,0.024805791006656364,0 4 5 9 11 15 17 23,0 2 11 17 18 20 22 23,37.89313567694911,37.89716679913167,37.897166799131654,0.4482394928884015,0,0 1 2 5 9 17 21 23,52.511980222710044,53.09025940472142,54.21795149595678,0.03378989371072194,0,0 10 11 12 13 14 15 23,23.169517056594383,23.455139003303785,23.490481817829377,1.3399636906586179,0
endpoints,30.0,0.03,-1.2000000000000002,4.0,0.0,0.0,56.84604283167621,57.119433263757784,0,1,0.08721500000683591,0.022126207972178236,0 2 4 8 9 18 19 23,0 4 6 13 20 21 22 23,46.68527890125866,46.68939431158301,46.68939431158303,0.21753652344068786,0,0 4 8 9 14 18 19 23,56.560436561271146,57.17115607101205,57.171881612163986,-0.005686665473967678,0,0 10 11 12 13 14 15 23,19.568725015848035,19.57074000435919,19.57074000435918,1.9046445264212957,0
endpoints,30.0,0.03,0.0,4.0,0.0,0.0,2.5743454619774866,2.6832581532891164,0,1,1.5117855000135023,0.037082416005432606,0 1 2 3 4 5 6 23,0 1 10 11 12 13 14 23,2.571419323694688,2.628006850674537,2.628006850674537,-0.02041904444932363,0,0 1 2 3 4 21 22 23,2.5715514413292424,2.7097871995524745,2.7097878588142077,-0.04998242577769807,0,0 10 11 12 13 14 15 23,2.5703957305494987,2.6551555599573575,2.6551555599573566,-0.03043516515513267,0
endpoints,30.0,0.03,1.1999999999999993,4.0,0.0,0.0,100.52033342437707,101.00879004710087,1,1,0.08875883297878318,0.0237091250019148,0 1 5 10 13 15 21 23,0 3 8 10 11 19 20 23,80.46352370995245,80.47119409921035,80.4711940992103,0.2491467853757554,0,0 1 5 10 13 15 21 23,100.52033342437707,101.00879004710087,101.00879004710086,-0.004835783326342491,1,0 10 11 12 13 14 15 23,25.459239285846856,25.46091878448158,25.46091878448158,2.94802458918506,0
endpoints,30.0,0.03,2.4000000000000004,4.0,0.0,0.0,151.9088640807319,152.6673266441534,1,1,0.09206216598977335,0.02460316600627266,0 2 6 8 11 14 22 23,0 1 9 11 12 13 18 23,135.2401254764355,135.26536848111186,135.2653684811118,0.12304328732852321,0,0 2 6 8 11 14 22 23,151.9088640807319,152.6673266441534,152.6673266441534,-0.004968073916623905,1,0 10 11 12 13 14 15 23,26.097714470612228,26.226774524137035,26.226774524137035,4.792129106113566,0
endpoints,30.0,0.03,3.5999999999999996,4.0,0.0,0.0,244.690143751469,244.75965287816663,1,1,0.08040595799684525,0.023524874995928258,0 3 5 6 7 9 14 23,0 1 6 7 12 14 20 23,212.53158566023458,212.58454723898782,212.58454723898774,0.15102507181007851,0,0 1 4 5 7 13 19 23,233.17523174893924,233.2361520596793,233.23615205967937,0.049108989282497184,0,0 10 11 12 13 14 15 23,32.21512923836024,32.37040655388748,32.370406553887484,6.559069217871262,0
endpoints,30.0,0.03,4.799999999999999,4.0,0.0,0.0,324.9983648807686,325.0805555663317,1,1,0.07920074998401105,0.028399915987392887,0 3 5 8 12 13 20 23,0 1 11 12 18 19 22 23,254.75160839711097,254.7986277789638,254.7986277789637,0.27551065605699643,0,0 3 5 8 14 17 22 23,294.7070692479012,294.7669984097311,294.7669984097311,0.10256021411533789,0,0 10 11 12 13 14 15 23,31.125148013420212,31.24070914354453,31.24070914354453,9.403040577199096,0
endpoints,30.0,0.03,6.0,4.0,0.0,0.0,439.788238927679,439.90436882757876,1,1,0.09069191600428894,0.020850042026722804,0 4 5 12 13 16 22 23,0 1 7 9 18 19 21 23,353.1274406695276,353.20095669122225,353.20095669122225,0.24515019168578767,0,0 1 5 6 9 12 13 23,403.0254558396068,403.1132720147469,403.1132720147469,0.0909793089412112,0,0 10 11 12 13 14 15 23,47.52830871896574,47.53235978114391,47.5323597811439,8.252396492676196,0
endpoints,30.0,0.05,0.0,0.0,0.0,0.0,0.8120675174990103,0.9987707347246437,0,1,1.4951402080187108,0.024278625001898035,0 1 2 3 4 5 6 23,0 10 11 12 13 14 15 23,0.8079380120242607,0.9987648646363322,0.99876487272826,-0.1869282288031845,0,0 1 2 3 4 5 6 23,0.8120675174990103,0.9987707347246437,0.9987707430463838,-0.1869330074805472,1,0 10 11 12 13 14 15 23,0.8079380120242607,0.9987648646363322,0.99876487272826,-0.1869282288031845,0
endpoints,30.0,0.05,-6.0,1.0,0.0,0.0,18.631154568221977,19.016330256860787,0,1,0.1497659579908941,0.06517849999363534,0 2 3 14 15 17 22 23,0 1 4 5 14 17 18 23,12.054830620606449,12.079657440838082,12.079657440838078,0.5423578573706105,0,0 7 13 14 17 19 20 23,17.774329932393957,18.68981010018011,19.870350728295076,-0.0031383696058832067,0,0 10 11 12 13 14 15 23,9.688529657928633,10.248773209076784,11.063957058682815,0.8178911942086269,0
endpoints,30.0,0.05,-4.8,1.0,0.0,0.0,13.784173040086774,14.047608587087614,0,1,0.125994708010694,0.041526082990458235,0 5 7 8 9 18 20 23,0 6 9 13 14 15 17 23,11.280750681726737,11.725360426448571,12.206205619224962,0.17558629660493819,0,0 1 5 7 8 9 20 23,13.45824423157614,14.192377174133133,15.273683887271048,-0.028762210096159757,0,0 10 11 12 13 14 15 23,9.217707622058407,9.488737700561543,9.82187826457891,0.4526877520569492,0
endpoints,30.0,0.05,-3.6,1.0,0.0,0.0,9.961936496674213,10.428929608496379,0,1,0.19444949997705407,0.03210641699843109,0 1 4 5 7 10 12 23,0 3 5 8 10 15 16 23,8.52531704055419,8.838416433194137,9.271838767789562,0.12711780124553873,0,0 1 4 5 7 10 12 23,9.961936496674213,10.428929608496379,10.770194652387596,-0.04477862344009975,1,0 10 11 12 13 14 15 23,3.7320905302001965,3.788337088680315,3.7883370886803136,1.6296330721045997,0
endpoints,30.0,0.05,-2.4000000000000004,1.0,0.0,0.0,8.133987022579399,8.525491988951357,0,1,0.1059997919946909,0.04752520800684579,0 8 10 18 19 21 22 23,0 1 3 6 14 21 22 23,7.233597126103923,7.578229789990771,7.985164292072564,0.07333602279026508,0,0 8 10 18 19 21 22 23,8.133987022579399,8.525491988951357,8.821473872784573,-0.04592168603047542,1,0 10 11 12 13 14 15 23,7.401081684059099,7.701627852844386,7.743119347398919,0.056138673277407625,0
endpoints,30.0,0.05,-1.2000000000000002,1.0,0.0,0.0,7.251550546425707,7.25521982045738,1,1,0.11958475000574253,0.037321583018638194,0 6 7 13 20 21 22 23,0 1 2 3 7 13 21 23,5.576441722882747,5.64342480032712,5.6435990654405535,0.28495564360233394,0,0 6 7 13 20 21 22 23,7.251550546425707,7.25521982045738,7.25521982045738,-0.0005057426408123789,1,0 10 11 12 13 14 15 23,3.3160612497231345,3.450705189702321,3.5044756608547774,1.1014691629021112,0
endpoints,30.0,0.05,0.0,1.0,0.0,0.0,0.9021476464381548,1.100471634901381,0,1,2.202863459009677,0.05357408299460076,0 1 2 3 4 5 6 23,0 1 10 11 12 13 14 23,0.8987706989250219,1.092625012523501,1.0926250125235006,-0.17433004361251458,0,0 1 2 3 4 21 22 23,0.8994166948193543,1.103569522173232,1.1035695221732313,-0.18251851984678058,0,0 10 11 12 13 14 15 23,0.8975899524884747,1.0963029973457459,1.0963029973457459,-0.17710008216493034,0
endpoints,30.0,0.05,1.1999999999999993,1.0,0.0,0.0,17.32377052086509,17.328993335807738,1,1,0.12047708302270621,0.02627591698546894,0 1 2 3 14 20 21 23,0 2 6 8 15 17 21 23,13.512027129603268,13.51536118498239,13.515361184982387,0.2817837632126634,0,0 3 6 13 14 17 20 23,16.900579780587666,16.906092420041727,16.906092420041723,0.024705774134312408,0,0 10 11 12 13 14 15 23,6.224097932676317,6.321944489974302,6.3219444899743005,1.74025982802255,0
endpoints,30.0,0.05,2.4000000000000004,1.0,0.0,0.0,43.24493885819827,43.27151455803172,0,1,0.10005833298782818,0.024302083009388298,0 3 7 9 10 18 20 23,0 3 8 14 18 21 22 23,37.80812195277942,37.828457232587574,37.828457232587596,0.14318536947746918,0,0 1 2 9 13 17 22 23,40.680946195877276,40.703510718202786,40.70351071820278,0.06243756607606188,0,0 10 11 12 13 14 15 23,28.545052233330992,28.981492798268008,28.981492798268015,0.4921570520612615,0
endpoints,30.0,0.05,3.5999999999999996,1.0,0.0,0.0,81.3378327042651,81.39446812443153,1,1,0.08616379200248048,0.029995500022778288,0 5 9 12 14 15 20 23,0 5 11 14 16 17 20 23,72.7454765668439,72.78888738704784,72.78888738704781,0.11744849556167924,0,0 5 9 12 14 15 20 23,81.3378327042651,81.39446812443153,81.39446812443148,-0.0006958141194540746,1,0 10 11 12 13 14 15 23,9.808734300697079,10.022038210945308,10.02203821094531,7.115897284789247,0
endpoints,30.0,0.05,4.799999999999999,1.0,0.0,0.0,143.06424669527803,144.14355719685906,1,1,0.08155779098160565,0.022347374993842095,0 1 3 4 12 14 20 23,0 3 4 5 6 7 8 23,131.1311801795769,131.20673835614016,131.20673835614008,0.09037270865580482,0,0 3 4 5 6 7 8 23,131.1311801795769,131.20673835614016,131.20673835614008,0.09037270865580482,0,0 10 11 12 13 14 15 23,112.6511787247407,113.20357977133041,113.2035797713304,0.2637784687044855,0
endpoints,30.0,0.05,6.0,1.0,0.0,0.0,208.48969212356164,208.6031152928905,1,1,0.11418195901205763,0.023573292011860758,0 7 8 11 12 19 22 23,0 1 2 5 9 11 14 23,148.15692093345015,148.2073410138236,148.20734101382357,0.4067433549335142,0,0 3 4 16 17 19 20 23,193.12490588969123,193.2261254169568,193.2261254169567,0.07899328661519278,0,0 10 11 12 13 14 15 23,23.181391957558095,23.384113976931083,23.384113976931083,7.915868795766265,0
endpoints,30.0,0.05,-6.0,2.0,0.0,0.0,20.512823974911843,21.242577600450808,0,1,0.11329249999835156,0.035953624988906085,0 1 3 4 5 12 17 23,0 2 5 9 12 18 21 23,19.05851056422592,19.581421662278984,19.65584765478759,0.047565612379773414,0,0 1 3 4 5 12 17 23,20.512823974911843,21.242577600450808,21.633655838024445,-0.034353346343594326,1,0 10 11 12 13 14 15 23,11.231496657293075,11.698014952360086,12.335849482688227,0.7535303261664372,0
endpoints,30.0,0.05,-4.8,2.0,0.0,0.0,15.635157231991057,15.732815647100727,0,1,0.11708633400849067,0.039262874983251095,0 1 2 5 13 17 22 23,0 6 7 10 11 17 22 23,15.093432119334071,15.51239489796882,15.76205512360319,0.00791382212931624,0,0 2 6 8 13 18 21 23,14.420031946560263,15.0476628898452,15.931284692641068,0.03904223177024546,0,0 10 11 12 13 14 15 23,8.565770808268235,8.8176978118427,8.911425610133746,0.7731563913419779,0
endpoints,30.0,0.05,-3.6,2.0,0.0,0.0,8.723569667390596,8.725159695825017,1,1,0.15970470898901112,0.03809579098015092,0 5 8 9 20 21 22 23,0 1 3 8 19 20 22 23,8.013702505422748,8.015202998099129,8.015202998099126,0.08837788256385548,0,0 5 8 9 20 21 22 23,8.723569667390596,8.725159695825017,8.725159695825017,-0.000182234880489629,1,0 10 11 12 13 14 15 23,5.048901460114792,5.102991837115135,5.102991837115133,0.7095010036939968,0
endpoints,30.0,0.05,-2.4000000000000004,2.0,0.0,0.0,10.403681893533093,10.599995151175499,0,1,0.2021853330079466,0.044969792012125254,0 1 3 8 14 17 20 23,0 1 3 8 14 17 20 23,10.403681893533093,10.599995151175499,10.623754704925807,-0.0185201271172879,1,0 1 3 8 17 20 22 23,10.23066280829807,10.572667327693079,10.733553556290595,-0.015983235726840683,0,0 10 11 12 13 14 15 23,4.70496446716377,4.958441219514622,5.009331015214705,1.0981759050783912,0
endpoints,30.0,0.05,-1.2000000000000002,2.0,0.0,0.0,9.92089564321081,10.211067545469422,0,1,0.136975583009189,0.039688499993644655,0 3 6 8 19 20 21 23,0 8 10 11 15 16 17 23,8.485379815390038,8.48682302906808,8.486823029068082,0.16897637776007723,0,0 3 10 15 20 21 22 23,9.77292997557113,10.08958781313113,10.44660453890165,-0.016719431263661155,0,0 10 11 12 13 14 15 23,3.7564928783117804,3.8795312567728715,3.9762286988346798,1.5572408073503592,0
endpoints,30.0,0.05,0.0,2.0,0.0,0.0,1.1722681016030316,1.4046506882560381,0,1,2.134717000008095,0.049547415983397514,0 1 2 3 4 5 6 23,0 1 10 11 12 13 14 23,1.1679396968569664,1.3744350941726147,1.3744350941726147,-0.14709097099363866,0,0 1 2 3 4 21 22 23,1.1687024235423271,1.4170175838780668,1.417017583878066,-0.17272155621753782,0,0 10 11 12 13 14 15 23,1.166426408373341,1.3885734221026294,1.3885734221026294,-0.15577521293188812,0
endpoints,30.0,0.05,1.1999999999999993,2.0,0.0,0.0,21.856147991028074,22.514154461995723,1,1,0.10969000001205131,0.036524541006656364,0 2 6 12 15 17 22 23,0 7 8 10 15 16 17 23,17.78042724747723,17.78436667653985,17.78436667653985,0.22895284316531161,0,0 1 2 8 13 20 21 23,20.597885636277017,20.67540434910158,20.67540434910158,0.05710861185540983,0,0 10 11 12 13 14 15 23,4.895408917430847,4.9021419844079395,4.902141984407938,3.458489382915695,0
endpoints,30.0,0.05,2.4000000000000004,2.0,0.0,0.0,43.495420708460564,43.64986477403408,1,1,0.1375865000009071,0.03251637500943616,0 1 2 3 11 12 17 23,0 1 2 9 10 11 14 23,29.254996820007655,29.26228988960231,29.262289889602297,0.4863983944030188,0,0 4 5 6 9 11 12 23,34.623521780091316,35.331540778627655,35.331540778627655,0.23106492810444612,0,0 10 11 12 13 14 15 23,8.032114080919989,8.034623397927446,8.034623397927446,4.413498375005396,0
endpoints,30.0,0.05,3.5999999999999996,2.0,0.0,0.0,58.34072368140812,58.36544285149544,1,1,0.06311645798268728,0.01924812499783002,0 1 3 4 19 20 22 23,0 3 5 10 18 19 20 23,53.797140996628464,53.81665446562692,53.8166544656269,0.08406448265324173,0,0 1 3 4 19 20 22 23,58.34072368140812,58.36544285149544,58.36544285149544,-0.0004235240731439438,1,0 10 11 12 13 14 15 23,15.14918568035287,15.151576747614353,15.151576747614357,2.850472109484842,0
endpoints,30.0,0.05,4.799999999999999,2.0,0.0,0.0,133.34110637909524,133.99487803446476,0,1,0.10874416699516587,0.032945374987320974,0 2 4 7 10 17 19 23,0 2 6 10 12 17 18 23,126.36913085567684,126.42773084431657,126.42773084431647,0.05468242994325201,0,0 2 8 14 17 19 20 23,127.66828366632164,129.72272977739243,129.72272977739246,0.027893158029529852,0,0 10 11 12 13 14 15 23,56.35044089177568,56.37450096633389,56.37450096633387,1.3652733788051585,0
endpoints,30.0,0.05,6.0,2.0,0.0,0.0,214.74855735346543,218.15568205663516,1,1,0.05796191701665521,0.025473165995208547,0 4 10 12 13 14 16 23,0 1 3 7 12 14 21 23,168.54369029181962,168.61442442969212,168.61442442969206,0.2736072733979533,0,0 4 5 6 7 13 14 23,204.1508188943011,206.99787322526336,206.99787322526345,0.037443303196489586,0,0 10 11 12 13 14 15 23,30.501326363894076,30.94427385613437,30.94427385613437,5.93984801039026,0
endpoints,30.0,0.05,-6.0,4.0,0.0,0.0,26.81813793475575,27.510675480923627,0,1,0.09360991697758436,0.030064749997109175,0 2 6 7 10 14 18 23,0 5 10 16 17 19 22 23,21.095874662228926,21.581722080780196,21.829448674801515,0.24263197507482004,0,0 6 7 10 13 14 18 23,26.45151483038148,27.595530195476282,28.75044948651204,-0.028170948527307837,0,0 10 11 12 13 14 15 23,12.30588210136613,12.704478713818983,13.187926626943817,1.110919978604473,0
endpoints,30.0,0.05,-4.8,4.0,0.0,0.0,21.97376493981431,22.179117441185667,0,1,0.1393463340064045,0.04104504099814221,0 7 14 15 19 20 22 23,0 3 8 11 19 20 22 23,16.669407267855906,16.81840176167564,16.818401761675634,0.3065310991610555,0,0 11 15 16 19 20 22 23,21.674336809582652,22.555248851478428,23.21054889367858,-0.02578042545631254,0,0 10 11 12 13 14 15 23,7.930200855150179,8.129452485849624,8.133936143686272,1.7029821476984486,0
endpoints,30.0,0.05,-3.6,4.0,0.0,0.0,19.321478990038138,20.026600210253225,0,1,0.11725599999772385,0.025831125007243827,0 4 17 18 19 20 21 23,0 4 8 9 11 12 15 23,18.91850756386685,19.625266094739853,20.748369260840295,-0.015479387807288858,0,0 4 8 9 11 12 15 23,18.91850756386685,19.625266094739853,20.748369260840295,-0.015479387807288858,0,0 10 11 12 13 14 15 23,9.19396089243,9.696160618268854,10.083229982799947,0.99269378372651,0
endpoints,30.0,0.05,-2.4000000000000004,4.0,0.0,0.0,18.26970755022125,19.11329348066896,0,1,0.14499770899419673,0.03164674999425188,0 4 5 9 11 15 17 23,0 2 11 17 18 20 22 23,13.148802249515898,13.15076802042386,13.15076802042386,0.3892502340431674,0,0 4 5 7 9 11 15 23,18.219761500770314,19.02623384734838,19.78253222828402,-0.03976227261773957,0,0 10 11 12 13 14 15 23,11.810533224661175,12.435905564001326,12.584620182734708,0.4691095438282553,0
endpoints,30.0,0.05,-1.2000000000000002,4.0,0.0,0.0,19.53573263260174,20.130406533412064,0,1,0.10730083400267176,0.039970209007151425,0 2 4 8 9 18 19 23,0 4 6 13 20 21 22 23,16.094769450613413,16.09675052505659,16.096750525056578,0.21364449316599332,0,0 2 8 9 10 18 19 23,19.35421857956695,19.98421642449325,20.422217066016053,-0.022441900265943726,0,0 10 11 12 13 14 15 23,9.990324570913351,10.125927021620548,10.125927021620548,0.9292784345462577,0
endpoints,30.0,0.05,0.0,4.0,0.0,0.0,2.250954163016251,2.6116565289848115,0,1,1.4934928339789622,0.048341707995859906,0 1 2 3 4 5 6 23,0 1 10 11 12 13 14 23,2.242826225665516,2.4993738820237663,2.499373882023765,-0.09939278024557407,0,0 1 2 3 4 21 22 23,2.2440551362667507,2.661243081461806,2.661243081461805,-0.1541719060929172,0,0 10 11 12 13 14 15 23,2.239984987049038,2.5536612041266125,2.5536612041266125,-0.11853845005797925,0
endpoints,30.0,0.05,1.1999999999999993,4.0,0.0,0.0,35.82875046814607,36.235846346575435,1,1,0.11052095799823292,0.02656787500018254,0 1 5 10 13 15 21 23,0 3 8 10 11 19 20 23,27.752272038696045,27.75567225080365,27.755672250803645,0.29086228373044243,0,0 1 5 10 13 15 21 23,35.82875046814607,36.235846346575435,36.235846346575435,-0.01123461763624134,1,0 10 11 12 13 14 15 23,13.690262120370114,13.692529211960139,13.692529211960133,1.6166641614209887,0
endpoints,30.0,0.05,2.4000000000000004,4.0,0.0,0.0,56.64630900239468,56.703176649782314,1,1,0.1205359169980511,0.02770687500014901,0 2 6 8 11 14 22 23,0 1 9 11 12 13 18 23,47.84307476211789,47.85511310635903,47.85511310635904,0.18370442206451432,0,0 2 6 8 11 14 22 23,56.64630900239468,56.703176649782314,56.703176649782314,-0.0010029005559752946,1,0 10 11 12 13 14 15 23,16.172576350962842,16.193260789945718,16.19326078994571,2.498140969703025,0
endpoints,30.0,0.05,3.5999999999999996,4.0,0.0,0.0,95.61519690472934,95.6514041160979,0,1,0.07075291700311936,0.021419583004899323,0 3 5 6 7 9 14 23,0 1 6 7 12 14 20 23,79.51179422157027,79.53753353892654,79.53753353892651,0.2021393253027417,0,0 1 4 5 7 13 19 23,90.8025579631883,90.83475490504098,90.8347549050409,0.05262789561865233,0,0 10 11 12 13 14 15 23,20.032853860888885,20.323610673240864,20.323610673240882,3.704636318910662,0
endpoints,30.0,0.05,4.799999999999999,4.0,0.0,0.0,137.09734422718313,137.1462972210809,0,1,0.09702962500159629,0.02780862501822412,0 3 5 8 12 13 20 23,0 1 11 12 18 19 22 23,98.60193080732688,98.62682424945629,98.62682424945629,0.39006142872879646,0,0 3 5 8 12 13 20 23,137.09734422718313,137.1462972210809,137.14629722108094,-0.0003569399603904344,1,0 10 11 12 13 14 15 23,19.831847483510227,20.16424818663131,20.1642481866313,5.7990307874745,0
endpoints,30.0,0.05,6.0,4.0,0.0,0.0,204.43389301750094,204.5150069748742,1,1,0.07372887499514036,0.021120207995409146,0 5 12 13 16 19 22 23,0 1 7 9 18 19 21 23,148.22807129786008,148.27237083779607,148.27237083779607,0.3787726726319314,0,0 3 5 8 11 14 15 23,188.20365680386283,191.06665892370336,191.06665892370336,0.06996110241889641,0,0 10 11 12 13 14 15 23,29.305953299674982,29.310297985767956,29.310297985767935,5.974814555511063,0
free,20.0,0.03,0.0,0.0,0.0,0.0,0.9209377391333984,0.9893588693258892,0,0,5.587811042001704,0.07656945800408721,0 1 2 3 4 5 6 7,9 10 11 12 13 14 15 16,0.9187952919056022,0.9893389583156873,0.9893389597189246,-0.06913830553962963,0,0 1 2 3 4 5 6 7,0.9209377391333984,0.9893588693258892,0.9893588712193311,-0.06915703928455241,1,9 10 11 12 13 14 15 16,0.9187952919056022,0.9893389583156873,0.9893389597189246,-0.06913830553962963,0
free,20.0,0.03,-6.0,1.0,0.0,0.0,36.45922865566659,36.488944560980876,0,1,0.20658758300123736,0.020011375017929822,6 7 8 9 10 11 18 22,7 10 11 12 14 15 16 21,25.64147859986918,25.643575249001195,25.643575249001188,0.42176854442660683,0,0 1 2 5 11 14 20 22,35.566660736500175,35.96822090739461,36.56425873490728,0.013651154710602853,0,9 10 11 12 13 14 15 16,32.94063875306568,32.94542737657232,32.945427376572326,0.10665520404185003,0
free,20.0,0.03,-4.8,1.0,0.0,0.0,29.47316462617889,29.781523205214704,0,1,0.15651141700800508,0.0198891669861041,1 5 7 8 9 17 20 23,5 11 12 13 14 16 17 20,24.876243658745388,24.87989364601366,24.879893646013667,0.18461778999208778,0,0 1 2 3 4 6 10 14,28.386384017857935,28.680603885848644,29.23217477336593,0.027634032514960438,0,9 10 11 12 13 14 15 16,21.020900108098683,21.188333973209595,21.28821930513294,0.39100906486770426,0
free,20.0,0.03,-3.6,1.0,0.0,0.0,23.937701605818667,23.942113939327022,0,1,0.15412429202115163,0.02072491598664783,3 4 6 7 11 12 19 22,7 8 10 11 12 13 17 22,15.664651043649515,15.666452635196,15.666452635196007,0.5279592747142139,0,2 3 5 6 10 11 18 19,22.062371694760834,22.066334701086063,22.066334701086063,0.08480642254739745,0,9 10 11 12 13 14 15 16,10.785936581336347,10.786992406559602,10.7869924065596,1.2191265835379732,0
free,20.0,0.03,-2.4000000000000004,1.0,0.0,0.0,19.72629320462197,19.933968866084086,0,1,0.14455649998853914,0.022227708977879956,8 10 14 18 19 21 22 23,5 6 8 11 14 17 18 19,14.261685030165003,14.263901565144046,14.263901565144053,0.382952140726075,0,1 7 11 15 16 17 18 19,18.1016312026413,18.298523953034866,18.598805202696546,0.07802647116519501,0,9 10 11 12 13 14 15 16,13.1362253492868,13.243116384455613,13.298295515840227,0.4895506942592549,0
free,20.0,0.03,-1.2000000000000002,1.0,0.0,0.0,17.763983677457222,17.76694670729353,1,1,0.2838154589990154,0.05975791599485092,1 6 7 16 20 21 22 23,1 6 7 8 10 12 17 19,15.611151791147195,15.61346038701392,15.61346038701392,0.13773521289565904,0,1 6 7 16 20 21 22 23,17.763983677457222,17.76694670729353,17.766946707293542,-0.0001667720337727996,1,9 10 11 12 13 14 15 16,15.239388940005703,15.241750381117809,15.241750381117818,0.16548186614209826,0
free,20.0,0.03,0.0,1.0,0.0,0.0,1.0220906783526398,1.0924716732214153,0,0,7.30053108301945,0.05549195801722817,0 1 2 3 4 5 6 7,0 1 10 11 12 13 14 23,1.020255595351714,1.088468964151261,1.0884689641512606,-0.06098316808727755,0,8 9 10 11 12 13 14 15,1.0200238707118512,1.0973020538636031,1.0973020538636031,-0.06854208943302709,0,9 10 11 12 13 14 15 16,1.0197585167972338,1.0972858166624364,1.0972858166624366,-0.06852830608757365,0
free,20.0,0.03,1.1999999999999993,1.0,0.0,0.0,35.82009622546806,35.8278652726937,1,1,0.2045882500242442,0.03730462500243448,0 1 2 3 6 7 8 9,7 8 9 10 13 14 15 16,34.88780988298541,34.89509205756385,34.895092057563836,0.0265081452250735,0,1 2 3 4 19 20 21 22,35.34695227619701,35.354502387959975,35.354502387959975,0.013169294037826518,0,9 10 11 12 13 14 15 16,30.451371125439035,30.457423264826605,30.457423264826623,0.17607113096906257,0
free,20.0,0.03,2.4000000000000004,1.0,0.0,0.0,56.38433832863564,56.68257557124256,1,1,0.20425195901771076,0.017405875027179718,2 4 5 12 13 16 20 22,4 10 12 13 16 17 20 21,54.648834331986265,54.928800470831945,54.928800470831966,0.02649862813910553,0,4 10 12 13 16 17 20 21,54.648834331986265,54.928800470831945,54.928800470831966,0.02649862813910553,0,9 10 11 12 13 14 15 16,27.975634229834686,27.982449567543963,27.982449567543963,1.0149893665504615,0
free,20.0,0.03,3.5999999999999996,1.0,0.0,0.0,70.96286408569213,70.97444557756724,1,1,0.14377187500940636,0.011693292006384581,5 6 10 13 15 18 22 23,3 7 8 9 12 14 17 23,66.01082034465702,66.02029228815505,66.02029228815506,0.07486443374053109,0,1 6 8 11 16 17 19 22,68.68419324251026,69.01944157308704,69.01944157308702,0.02815760991846239,0,9 10 11 12 13 14 15 16,38.83118378469196,38.83500716900037,38.83500716900036,0.8272911287715039,0
free,20.0,0.03,4.799999999999999,1.0,0.0,0.0,80.07392729056272,80.08349627483905,1,1,0.17558716697385535,0.01871233299607411,3 7 9 10 11 18 19 20,8 9 12 14 15 16 18 22,77.04816329841124,77.05617892719411,77.05617892719414,0.03916296402680319,0,1 2 3 4 7 11 12 15,77.76252971670262,77.77091577678777,77.77091577678779,0.02961276064158591,0,9 10 11 12 13 14 15 16,49.70563060245275,49.71439816047254,49.71439816047254,0.6106788023882539,0
free,20.0,0.03,6.0,1.0,0.0,0.0,84.50622084379991,84.51303999799585,1,1,0.1841999169846531,0.026156916021136567,0 2 6 13 14 16 17 20,6 7 8 9 13 14 18 20,83.98439400223862,84.3923142522281,84.39231425222812,0.0013497270762283797,0,6 7 8 9 13 14 18 20,83.98439400223862,84.3923142522281,84.39231425222812,0.0013497270762283797,0,9 10 11 12 13 14 15 16,78.02091807971158,78.02878681154642,78.02878681154642,0.08301338899318855,0
free,20.0,0.03,-6.0,2.0,0.0,0.0,37.68720154141416,38.02972818771455,0,1,0.1648987920198124,0.03112699999473989,2 8 9 10 11 12 13 21,5 8 9 11 15 16 17 19,33.69621175022252,33.699847767545485,33.699847767545485,0.11831963756550512,0,5 7 11 13 14 15 19 23,36.522592978722564,36.84316521999328,37.055520034700436,0.022908898200821648,0,9 10 11 12 13 14 15 16,30.331862823060902,30.592254530531466,30.602464744194883,0.23191971692710145,0
free,20.0,0.03,-4.8,2.0,0.0,0.0,31.934412068771547,32.165395670419954,0,1,0.2798117919883225,0.037698500003898516,3 5 7 13 15 18 19 22,6 9 10 11 12 14 19 22,25.797360358018214,25.80037368044051,25.80037368044051,0.23774998239584821,0,0 1 8 13 14 20 22 23,28.918986625974878,29.24373086007416,29.81813278944365,0.0920088213631769,0,9 10 11 12 13 14 15 16,17.903438886813202,17.944707834306406,17.944707834306396,0.7796005576485256,0
free,20.0,0.03,-3.6,2.0,0.0,0.0,20.25966094256316,20.262201089268302,1,1,0.16423520899843425,0.02429341699462384,5 6 7 8 19 20 22 23,4 5 7 8 9 10 12 13,14.551645340773753,14.552901420286258,14.55290142028625,0.3921389527398207,0,2 3 4 9 10 11 22 23,19.33666428321208,19.33874707827363,19.338747078273624,0.04762014108577595,0,9 10 11 12 13 14 15 16,13.123301721889101,13.124458605750275,13.124458605750279,0.5436568891067786,0
free,20.0,0.03,-2.4000000000000004,2.0,0.0,0.0,24.52869936728247,24.533308176377382,1,1,0.24920516600832343,0.02917679099482484,15 16 17 18 19 20 21 22,4 8 9 10 12 13 21 22,15.685329072089312,15.687361410131999,15.687361410132004,0.5635962432433101,0,15 16 17 18 19 20 21 22,24.52869936728247,24.533308176377382,24.533308176377393,-0.0001878592590032202,1,9 10 11 12 13 14 15 16,22.063596679860662,22.194098857081546,22.194098857081535,0.10519014649950598,0
free,20.0,0.03,-1.2000000000000002,2.0,0.0,0.0,23.68064097993344,23.903641879185955,1,1,0.2966468749800697,0.03917866700794548,1 9 11 14 17 20 21 22,5 6 8 9 11 12 15 22,20.288330944432868,20.290760047403325,20.29076004740333,0.1670652516027329,0,0 1 8 12 15 20 21 23,23.017356667114317,23.234682264680654,23.254043717851463,0.019193665322064346,0,9 10 11 12 13 14 15 16,10.264238060810541,10.273186910160296,10.273186910160293,1.3050920018317802,0
free,20.0,0.03,0.0,2.0,0.0,0.0,1.324220047224361,1.400471538832999,0,0,7.21445295898593,0.09127895900746807,0 1 2 3 4 5 6 7,0 1 10 11 12 13 14 23,1.3218908279312331,1.3855725959578664,1.385572595957866,-0.04427956276884326,0,8 9 10 11 12 13 14 15,1.3216650122887283,1.419384712827188,1.419384712827188,-0.06704642141260919,0,9 10 11 12 13 14 15 16,1.3213212339992293,1.4193145169057166,1.4193145169057162,-0.06700027974678469,0
free,20.0,0.03,1.1999999999999993,2.0,0.0,0.0,40.71044997246305,40.911582326107506,0,1,0.16590112500125542,0.019525290990713984,0 1 11 12 15 18 21 22,3 7 9 10 12 13 15 19,35.56443474235582,35.56902382228439,35.56902382228441,0.1445478564682312,0,0 1 2 3 8 11 13 19,37.99313790413117,37.99916738892215,37.99916738892217,0.07135110503319386,0,9 10 11 12 13 14 15 16,15.60625042138666,15.607847860383703,15.607847860383709,1.6083320606805445,0
free,20.0,0.03,2.4000000000000004,2.0,0.0,0.0,56.83112241088352,57.11169104531186,0,1,0.18147020798642188,0.030385834019398317,1 2 3 4 5 9 10 16,6 8 12 13 17 18 19 20,56.02929795158133,56.3159645906046,56.31596459060463,0.009147633784201803,0,5 6 8 12 13 17 19 20,56.324412703265,56.596405423199116,56.596405423199144,0.004147206627864719,0,9 10 11 12 13 14 15 16,49.608791268266174,49.61895364107391,49.61895364107391,0.14535108543360087,0
free,20.0,0.03,3.5999999999999996,2.0,0.0,0.0,62.94626943599149,62.955546971123745,0,1,0.12293104198761284,0.012923500005854294,0 1 3 4 19 20 22 23,8 9 11 12 13 14 16 17,56.443087767339044,56.44645819726256,56.44645819726254,0.11515002794354512,0,0 1 2 3 11 14 22 23,62.19992507615804,62.2064508678139,62.2064508678139,0.011892955760322454,0,9 10 11 12 13 14 15 16,47.73226562850759,47.73471774350722,47.734717743507204,0.3186685165757226,0
free,20.0,0.03,4.799999999999999,2.0,0.0,0.0,78.08732552974918,78.09623778839816,1,1,0.20352499998989515,0.025894958002027124,0 2 4 7 10 17 19 23,4 5 6 10 11 12 14 20,74.13164982351785,74.13858535922279,74.13858535922277,0.05326160664374169,0,5 9 10 15 19 20 22 23,77.0194616645596,77.02893527865201,77.02893527865201,0.013740164618249562,0,9 10 11 12 13 14 15 16,44.237875088771936,44.24366787482663,44.243667874826635,0.7649378833299356,0
free,20.0,0.03,6.0,2.0,0.0,0.0,84.13160546981153,84.47901875121909,0,1,0.1744587919965852,0.025861125002847984,0 4 10 12 13 14 16 23,6 7 8 11 12 15 16 17,80.13043776484012,80.13573044974468,80.1357304497447,0.049863837237657416,0,0 4 12 13 15 18 19 21,84.10757123303364,84.11376904785807,84.11376904785806,0.00021205115589717494,0,9 10 11 12 13 14 15 16,66.2037080635587,66.44389129839952,66.44389129839954,0.2662052722345307,0
free,20.0,0.03,-6.0,4.0,0.0,0.0,43.7772258310155,43.84092522095996,0,1,0.21100974999717437,0.03413837502012029,0 2 6 7 10 14 18 21,6 10 11 13 14 17 18 22,37.739999997747304,37.743103619306154,37.743103619306126,0.15987350358285868,0,8 9 11 12 17 18 20 23,42.74910603626457,42.897296840775304,42.89729684077529,0.02051245777808064,0,9 10 11 12 13 14 15 16,23.670924983690494,23.672400123675285,23.67240012367528,0.8492939288920238,0
free,20.0,0.03,-4.8,4.0,0.0,0.0,39.8705366663661,39.874779928279956,0,1,0.21807879098923877,0.04858062497805804,1 9 14 16 17 20 21 23,8 11 13 14 17 18 20 21,33.37248303920469,33.375011941057565,33.375011941057565,0.19462239404678128,0,7 9 14 16 17 20 21 23,39.402034096033255,39.81329631170829,40.131212566385216,0.0014377195550365762,0,9 10 11 12 13 14 15 16,20.753412498207176,20.754676003153783,20.75467600315378,0.92103874135677,0
free,20.0,0.03,-3.6,4.0,0.0,0.0,37.19813175888996,37.29154989497906,0,1,0.20809758300310932,0.036080958001548424,3 7 11 12 16 18 19 20,0 7 8 9 11 12 13 18,27.527597470305633,27.52912467758362,27.52912467758362,0.3512282789426866,0,0 1 5 9 11 13 19 20,36.57111270639815,36.98292965761145,37.0767667462056,0.005818957645347567,0,9 10 11 12 13 14 15 16,29.424178136344686,29.632276090953365,29.632276090953365,0.2553248236724692,0
free,20.0,0.03,-2.4000000000000004,4.0,0.0,0.0,36.247489543884505,36.25110368401058,0,1,0.16750883299391717,0.031209457985823974,0 4 6 8 10 12 21 22,5 10 13 15 16 17 21 22,29.66112353487188,29.677346158030318,29.677346158030325,0.22138581229158816,0,0 2 6 7 8 11 17 19,33.95015449426842,33.9535320933897,33.9535320933897,0.06756167353031906,0,9 10 11 12 13 14 15 16,20.47960878382043,20.512477289562874,20.512477289562863,0.7670946825290526,0
free,20.0,0.03,-1.2000000000000002,4.0,0.0,0.0,36.645951897926906,36.82111402876354,0,1,0.24628899997333065,0.0410211669804994,0 2 4 8 9 18 19 23,5 7 8 11 13 17 21 22,31.080187859719267,31.082074749943875,31.08207474994386,0.1790059766841361,0,1 8 10 12 14 18 22 23,36.307971100638404,36.47852160861239,36.478521608612375,0.004589832096566937,0,9 10 11 12 13 14 15 16,15.380830671271925,15.381712566908297,15.3817125669083,1.3824363989719703,0
free,20.0,0.03,0.0,4.0,0.0,0.0,2.5131407506490144,2.6120258928915647,0,0,6.889596791996155,0.12445345899323002,0 1 2 3 4 5 6 7,0 1 10 11 12 13 14 23,2.5088669749393837,2.5630201425084316,2.5630201425084316,-0.01946117825301208,0,8 9 10 11 12 13 14 15,2.5086644089037957,2.6841567904618397,2.6841567904618397,-0.06371313345797514,0,9 10 11 12 13 14 15 16,2.508012019883559,2.683860091968501,2.6838600919685005,-0.06360962772626155,0
free,20.0,0.03,1.1999999999999993,4.0,0.0,0.0,51.898947312471904,51.902208251912725,1,1,0.19809637501020916,0.03352362499572337,1 5 6 7 11 15 16 21,6 8 9 10 11 13 16 19,46.2012100581311,46.20364334827695,46.20364334827695,0.12326525683839495,0,0 4 5 12 14 16 20 21,50.94290822794476,50.94632273834713,50.94632273834713,0.018698593400299224,0,9 10 11 12 13 14 15 16,18.805585259424273,18.806654001515625,18.806654001515632,1.7596055794023422,0
free,20.0,0.03,2.4000000000000004,4.0,0.0,0.0,61.958298129473754,61.964381386199534,1,1,0.2004559579945635,0.02978695899946615,1 2 6 7 11 15 16 20,5 6 8 10 11 12 13 17,57.66277662390285,57.66754595379219,57.667545953792185,0.07440497258405365,0,1 5 7 10 11 13 19 22,59.41550138762629,59.69509279884729,59.69509279884732,0.03791275336907041,0,9 10 11 12 13 14 15 16,31.158487557095793,31.16149092775345,31.16149092775345,0.9882969744009151,0
free,20.0,0.03,3.5999999999999996,4.0,0.0,0.0,72.57943621875043,72.58613992478546,1,1,0.1652616659994237,0.028257208003196865,0 3 5 6 7 9 14 23,1 6 7 10 12 13 16 17,63.30442781455672,63.309104427975704,63.309104427975726,0.14642967823563535,0,4 7 8 13 14 16 20 22,69.74063113191472,69.74663312793973,69.74663312793973,0.04061562492363402,0,9 10 11 12 13 14 15 16,52.88893740162828,53.144108681556524,53.144108681556524,0.36570991628915706,0
free,20.0,0.03,4.799999999999999,4.0,0.0,0.0,79.57807357991243,79.58398368312473,1,1,0.14433837501564994,0.03188283398048952,0 1 5 8 10 13 19 20,10 11 13 14 15 16 18 19,68.89867868574137,68.90198912398574,68.90198912398574,0.15494595427013858,0,0 3 5 10 12 17 21 22,78.07628083891831,78.45354151020776,78.45354151020776,0.014333732398279952,0,9 10 11 12 13 14 15 16,54.89998358827725,54.90241223042041,54.902412230420396,0.4494458503194818,0
free,20.0,0.03,6.0,4.0,0.0,0.0,83.51410207047739,83.51889404462985,1,1,0.1813467500032857,0.03565766700194217,0 4 5 12 13 16 22 23,2 4 7 9 12 14 17 18,82.43439680790516,82.84642907572301,82.84642907572297,0.008059164434765398,0,2 11 12 14 17 20 22 23,82.77128853833736,82.86766878271692,82.86766878271692,0.0078007900699541555,0,9 10 11 12 13 14 15 16,57.16746648852418,57.17062333365961,57.17062333365959,0.46078697765934384,0
free,20.0,0.05,0.0,0.0,0.0,0.0,0.8060449129322127,0.9878608332559665,0,0,5.683443457994144,0.05287320801289752,0 1 2 3 4 5 6 7,9 10 11 12 13 14 15 16,0.8005891170071491,0.9877843734245834,0.9877843851623551,-0.18398697669440944,0,0 1 2 3 4 5 6 7,0.8060449129322127,0.9878608332559665,0.9878608472262751,-0.1840501356091756,1,9 10 11 12 13 14 15 16,0.8005891170071491,0.9877843734245834,0.9877843851623551,-0.18398697669440944,0
free,20.0,0.05,-6.0,1.0,0.0,0.0,15.991891943613238,16.586599457620856,0,1,0.1571503340092022,0.03147870799875818,6 7 8 9 10 11 18 22,7 10 11 12 14 15 16 21,10.806383156502086,10.829877433046235,10.829877433046235,0.476645700053415,0,0 1 2 5 11 14 20 22,15.21077292888019,15.965289386069324,17.05562146238993,0.0016662746850755195,0,9 10 11 12 13 14 15 16,14.469489005137659,14.840175187309173,15.028357749342916,0.07760802967400116,0
free,20.0,0.05,-4.8,1.0,0.0,0.0,11.992672119451452,12.082712643540324,0,1,0.20183449998148717,0.023769249994074926,7 8 10 11 14 16 17 20,5 11 12 13 14 16 17 20,10.155448088130626,10.407577110168296,10.414990447007382,0.15230201924081865,0,0 1 2 3 4 6 10 14,11.593965891758792,12.113838512207543,12.867596968345714,-0.010002312036270555,0,9 10 11 12 13 14 15 16,9.713402689024443,10.024247615404034,10.584816176549758,0.1963663089310148,0
free,20.0,0.05,-3.6,1.0,0.0,0.0,9.596515733594426,9.820484676783838,0,1,0.1727568749920465,0.04691599999205209,3 4 6 7 11 12 19 20,7 8 10 11 12 13 17 22,6.080870570204048,6.0820228013985576,6.08202280139856,0.577849351598569,0,2 4 5 8 9 11 16 18,9.081487740689536,9.47621904669679,9.967354870668867,0.012694586976603084,0,9 10 11 12 13 14 15 16,4.538309718295871,4.5391770093402455,4.5391770093402455,1.1141532295056384,0
free,20.0,0.05,-2.4000000000000004,1.0,0.0,0.0,7.534982975520291,7.849575045774582,0,1,0.27453612501267344,0.0336443750129547,8 10 14 18 19 21 22 23,5 6 8 11 14 17 18 19,5.412630707385127,5.413821817482147,5.413821817482145,0.3918047600289605,0,1 2 9 13 17 18 19 22,7.197201947338166,7.586578555670234,7.875518506516357,-0.006800902379291984,0,9 10 11 12 13 14 15 16,5.784540770562351,5.973356179035432,6.267018325451292,0.26143205757019294,0
free,20.0,0.05,-1.2000000000000002,1.0,0.0,0.0,6.80134896830268,6.80541433681379,1,1,0.2059722919948399,0.04698345801443793,6 7 13 16 20 21 22 23,1 6 7 8 10 12 17 19,5.866338526383103,5.867372201884635,5.867372201884635,0.1591814417565065,0,6 7 13 16 20 21 22 23,6.80134896830268,6.80541433681379,6.80541433681379,-0.00059737266680715,1,9 10 11 12 13 14 15 16,6.024500860171808,6.025600742253565,6.025600742253564,0.1287420556442287,0
free,20.0,0.05,0.0,1.0,0.0,0.0,0.8945786505932353,1.086661652428459,0,0,7.373111749999225,0.08413441700395197,0 1 2 3 4 5 6 7,0 1 10 11 12 13 14 23,0.8898797053881579,1.079705690348715,1.0797056903487146,-0.17146065025895052,0,8 9 10 11 12 13 14 15,0.8892363218556191,1.0949122426995115,1.0949122426995115,-0.1829677158530557,0,9 10 11 12 13 14 15 16,0.8885631370210093,1.0948618019403829,1.0948618019403833,-0.18293007482057844,0
free,20.0,0.05,1.1999999999999993,1.0,0.0,0.0,15.293525146911437,15.29814282686736,1,1,0.19899362500291318,0.0241460409888532,0 1 2 3 6 7 8 9,7 8 9 10 13 14 15 16,14.754363991517165,14.758570278502079,14.758570278502086,0.03624706582781889,0,1 2 3 4 19 20 21 22,15.096129390321316,15.100545316578792,15.100545316578787,0.012779659693532563,0,9 10 11 12 13 14 15 16,13.258750299927868,13.262350835597474,13.262350835597474,0.15315341423950946,0
free,20.0,0.05,2.4000000000000004,1.0,0.0,0.0,29.341179965598112,29.804767767896305,0,1,0.17807704099686816,0.03365691701765172,2 4 5 12 13 16 20 22,4 10 12 13 16 17 20 21,27.795368564765663,28.225039132922056,28.225039132922067,0.03954435022816938,0,4 10 12 13 16 17 20 21,27.795368564765663,28.225039132922056,28.225039132922067,0.03954435022816938,0,9 10 11 12 13 14 15 16,17.03330084006092,17.038072380575905,17.038072380575912,0.7220950416344194,0
free,20.0,0.05,3.5999999999999996,1.0,0.0,0.0,44.16232140134115,44.17723525619274,1,1,0.13203495802008547,0.01613658299902454,4 5 9 12 14 17 21 22,3 7 8 9 12 14 17 23,38.29076888246486,38.30126062442232,38.30126062442232,0.1530252707447859,0,1 6 8 11 16 17 19 22,42.588890065353404,43.21563653701751,43.21563653701753,0.02190607243544207,0,9 10 11 12 13 14 15 16,21.13917057487384,21.143043436174338,21.143043436174338,1.0887400404135938,0
free,20.0,0.05,4.799999999999999,1.0,0.0,0.0,56.48254091359564,56.49820016354677,1,1,0.1507882919977419,0.027769917011028156,3 7 9 10 11 18 19 20,8 9 12 14 15 16 18 22,51.922986130969214,51.93553288794675,51.93553288794679,0.08755100357705525,0,0 1 3 4 11 12 15 21,53.90163424686068,54.55037429325527,54.55037429325526,0.035419859998637504,0,9 10 11 12 13 14 15 16,35.18289979046912,35.19368078394798,35.193680783948,0.6049057573812404,0
free,20.0,0.05,6.0,1.0,0.0,0.0,63.74732074946215,63.76025970371445,0,1,0.19755108398385346,0.021613459015497938,0 2 6 13 14 16 17 20,6 7 8 9 13 14 18 20,62.755742847626394,63.68363154719799,63.68363154719799,0.0010000874748632427,0,6 7 8 9 13 14 18 20,62.755742847626394,63.68363154719799,63.68363154719799,0.0010000874748632427,0,9 10 11 12 13 14 15 16,58.3602107724467,58.37307988217002,58.37307988217004,0.09206711172582294,0
free,20.0,0.05,-6.0,2.0,0.0,0.0,16.70888199700485,17.2541041390958,0,1,0.23528787499526516,0.039840292010921985,0 1 3 4 5 12 17 23,5 8 9 11 15 16 17 19,14.879307935826425,15.167863679654777,15.184951702396807,0.10159758486075376,0,6 7 12 13 14 15 16 20,16.14084071136751,16.802492537979454,17.71670106555071,-0.005571229432955405,0,9 10 11 12 13 14 15 16,14.067111123177366,14.531466842273696,14.654045989881041,0.14984138754642462,0
free,20.0,0.05,-4.8,2.0,0.0,0.0,13.539293105163553,13.861353290564123,0,1,0.28326687499065883,0.026567332999547943,2 5 6 15 16 19 22 23,6 9 10 11 12 14 19 22,10.68026575147576,10.81827149421022,10.819971716468638,0.25152092110182145,0,3 5 7 11 13 15 18 19,13.452514390939882,14.032283156673799,14.465705999005129,-0.0351325615372704,0,9 10 11 12 13 14 15 16,8.739722502288092,9.020340071339861,9.113964977190998,0.5009736881408349,0
free,20.0,0.05,-3.6,2.0,0.0,0.0,8.07510142342317,8.082775183599873,1,1,0.20043533301213756,0.02365041701705195,5 6 7 8 19 20 22 23,4 5 7 8 9 10 12 13,5.577348621914137,5.578307038110132,5.578307038110133,0.4475899889079833,0,4 5 6 7 9 10 22 23,7.704830585249097,7.8571357539822735,7.88148782462297,0.027741110280603776,0,9 10 11 12 13 14 15 16,5.287613528466818,5.288519090532566,5.288519090532564,0.5269116524282016,0
free,20.0,0.05,-2.4000000000000004,2.0,0.0,0.0,9.614564125781246,9.90260819387853,0,1,0.26627908399677835,0.04879475000780076,15 16 17 18 19 20 21 22,4 8 9 10 12 13 21 22,5.985761569513161,5.98690481303846,5.986904813038461,0.6059323516957147,0,15 16 17 18 19 20 21 22,9.614564125781246,9.90260819387853,9.96723541055014,-0.029087697145822933,1,9 10 11 12 13 14 15 16,8.808470944259062,8.971374624716596,8.992280984387458,0.07169352835769782,0
free,20.0,0.05,-1.2000000000000002,2.0,0.0,0.0,9.244236706163317,9.354173156490058,0,1,0.2291368329897523,0.03220675000920892,4 8 9 10 16 19 20 21,5 6 8 9 11 12 15 22,7.6461521153944805,7.839427228880561,7.871573274094906,0.179197974069766,0,1 9 11 14 17 20 21 22,9.054913852089424,9.435714136455328,9.661651316323331,-0.020292839261866646,0,9 10 11 12 13 14 15 16,4.995817097252993,5.1459083853745975,5.154320918904994,0.7964246570025908,0
free,20.0,0.05,0.0,2.0,0.0,0.0,1.1590162684083205,1.3809949087610125,0,0,7.299753208004404,0.0843763750162907,0 1 2 3 4 5 6 7,0 1 10 11 12 13 14 23,1.1529701528484997,1.3540541884191084,1.3540541884191084,-0.14403996655296303,0,8 9 10 11 12 13 14 15,1.1522011755983304,1.4142921374324102,1.4142921374324104,-0.18049726945914635,0,9 10 11 12 13 14 15 16,1.151328956420926,1.4140754596814609,1.4140754596814609,-0.180371697653671,0
free,20.0,0.05,1.1999999999999993,2.0,0.0,0.0,18.407051559098647,18.691810647340834,0,1,0.24164799999562092,0.03199487499659881,0 1 11 12 15 18 21 22,3 7 9 10 12 13 15 19,15.132167942656677,15.135349226285431,15.135349226285431,0.21616298929735156,0,2 4 5 6 7 17 19 22,17.17767124930479,17.181851772919753,17.181851772919757,0.07130778465391763,0,9 10 11 12 13 14 15 16,8.405093525703396,8.418923920356042,8.418923920356042,1.1863900580681577,0
free,20.0,0.05,2.4000000000000004,2.0,0.0,0.0,29.959484400302156,30.394455578136178,0,1,0.2186685829947237,0.02060058299684897,0 1 2 7 11 12 13 19,6 8 12 13 17 18 19 20,29.04756763613097,29.494105309852237,29.494105309852237,0.01577871529110131,0,0 2 3 4 8 14 15 22,29.59755295962394,30.05771496077545,30.057714960775446,-0.0032680648080362085,0,9 10 11 12 13 14 15 16,27.58438336816489,27.59364595864848,27.593645958648484,0.08573852274538463,0
free,20.0,0.05,3.5999999999999996,2.0,0.0,0.0,35.374882924749976,35.38446608268814,1,1,0.13141558298957534,0.011942625016672537,0 1 3 4 19 20 22 23,8 9 11 12 13 14 16 17,29.239169015111514,29.24310062655117,29.24310062655117,0.20968304204484656,0,0 1 2 3 11 14 22 23,34.649389657438924,34.656793303561514,34.656793303561514,0.020720024928407632,0,9 10 11 12 13 14 15 16,24.923490111904236,24.926752595523592,24.926752595523592,0.41915328878831515,0
free,20.0,0.05,4.799999999999999,2.0,0.0,0.0,53.71958406972819,53.8266472601304,0,1,0.18024883398902602,0.022359958005836233,0 2 4 7 10 17 19 23,4 5 6 10 11 12 14 20,47.885214662360504,47.894877409264986,47.894877409264964,0.1216143975208599,0,0 2 4 7 10 17 19 23,53.71958406972819,53.8266472601304,53.82664726013038,-0.0019890369519914852,1,9 10 11 12 13 14 15 16,29.438645400174398,29.44532788259742,29.445327882597432,0.8243839662412853,0
free,20.0,0.05,6.0,2.0,0.0,0.0,63.36651371313293,63.72538918466106,0,1,0.16705575000378303,0.02130216598743573,0 4 10 12 13 14 16 23,6 7 8 11 12 15 16 17,56.528148842427704,56.53782240287428,56.53782240287429,0.12078093955580949,0,0 4 12 13 15 18 19 21,63.035790576970655,63.04722307262104,63.04722307262103,0.005064309337528217,0,9 10 11 12 13 14 15 16,49.0797322351385,49.64718461422695,49.647184614226965,0.27633649733633736,0
free,20.0,0.05,-6.0,4.0,0.0,0.0,20.691956077644495,20.813200742180985,0,1,0.27818458300316706,0.04180212499340996,0 1 3 4 8 9 19 22,6 10 11 13 14 17 18 22,17.281459385626086,17.4136130904245,17.41361309042451,0.18826322660302508,0,0 4 6 8 11 14 16 22,19.764606085171213,20.68602397106131,21.617291553078566,0.0002867688150938186,0,9 10 11 12 13 14 15 16,11.422486457576392,11.423909014901103,11.423909014901104,0.8112850908261218,0
free,20.0,0.05,-4.8,4.0,0.0,0.0,18.26888751679258,18.813239735440796,0,1,0.32883650000439957,0.04152649999014102,4 5 13 14 18 19 21 22,8 11 13 14 17 18 20 21,14.631736565817068,14.728736955017137,14.728736955017133,0.2403566967478188,0,3 4 13 14 18 19 21 22,18.259349188695246,18.827701858859584,18.973175415405528,-0.02968043292039102,0,9 10 11 12 13 14 15 16,9.26522922570148,9.266424741276978,9.266424741276978,0.9715141520995076,0
free,20.0,0.05,-3.6,4.0,0.0,0.0,16.405739744769154,16.852839774280763,0,1,0.35139137497753836,0.05124787500244565,2 6 10 11 14 15 17 18,0 7 8 9 11 12 13 18,11.504875375992164,11.528534711241148,11.528534711241148,0.42305506776783885,0,2 6 10 13 17 19 20 21,15.98649102488968,16.68869628399294,17.182439912450644,-0.016954981647978373,0,9 10 11 12 13 14 15 16,13.605947057732081,14.124008264269634,14.127535897456585,0.1615498545318581,0
free,20.0,0.05,-2.4000000000000004,4.0,0.0,0.0,15.799464137516017,16.19137818389973,0,1,0.20196708300500177,0.05257062500459142,0 4 6 8 10 12 21 22,5 10 13 15 16 17 21 22,12.189739089867981,12.451989701022825,12.482777590339872,0.2688304854780137,0,2 4 5 9 11 13 16 17,15.00317291218096,15.705582021329391,16.250337797217153,0.005977627321236856,0,9 10 11 12 13 14 15 16,10.897295957248513,11.264506774372425,11.321023244599974,0.40258818730181334,0
free,20.0,0.05,-1.2000000000000002,4.0,0.0,0.0,16.050080417395648,16.492290582676365,0,1,0.25006679201032966,0.037315041990950704,0 2 4 8 9 18 19 23,5 7 8 11 13 17 21 22,12.846065732168107,13.047296916187149,13.047296916187143,0.2301460233868895,0,0 1 2 4 8 18 22 23,15.697992424239606,16.228207999005264,16.555191744626658,-0.010976417212580358,0,9 10 11 12 13 14 15 16,8.940338609437331,8.996077335256752,8.996077335256752,0.7841198801719251,0
free,20.0,0.05,0.0,4.0,0.0,0.0,2.1996147366821854,2.530958367265253,0,0,7.205373042001156,0.10693754200474359,0 1 2 3 4 5 6 7,0 1 10 11 12 13 14 23,2.188267266518665,2.4327855323092065,2.4327855323092056,-0.09584519166623562,0,8 9 10 11 12 13 14 15,2.187004057789596,2.6641514207224297,2.664151420722428,-0.17436572126755367,0,9 10 11 12 13 14 15 16,2.185348611065663,2.663226046650304,2.663226046650304,-0.1740788434204561,0
free,20.0,0.05,1.1999999999999993,4.0,0.0,0.0,25.912926703317805,25.91602816379092,0,1,0.16506737499730662,0.03908491600304842,1 5 6 7 11 15 16 21,6 8 9 10 11 13 16 19,21.771090289556373,21.77333038847843,21.77333038847844,0.1901223304373263,0,0 4 5 12 14 16 20 21,25.57813230569545,25.63927098966936,25.639270989669363,0.010673303221402364,0,9 10 11 12 13 14 15 16,11.5622863694036,11.563507438025114,11.563507438025121,1.2409227340578743,0
free,20.0,0.05,2.4000000000000004,4.0,0.0,0.0,34.75465633073931,34.77652240074839,1,1,0.19804220800870098,0.03259950000210665,0 2 6 8 11 14 22 23,5 6 8 10 11 12 13 17,30.506211163416943,30.510813123203008,30.510813123203018,0.13909308776529872,0,1 5 7 10 11 13 19 22,33.71439881605327,34.199359122106245,34.199359122106245,0.016237064754647035,0,9 10 11 12 13 14 15 16,19.31345437233444,19.31680408918517,19.316804089185176,0.7991928773661516,0
free,20.0,0.05,3.5999999999999996,4.0,0.0,0.0,46.440026581403394,46.448519120675,0,1,0.17873420898104087,0.037411042023450136,4 5 7 8 10 11 19 23,1 6 7 10 12 13 16 17,35.66333230778385,35.6690382274487,35.66903822744868,0.3019702489669598,0,0 1 4 5 12 18 19 23,43.215443335162234,43.864612580590645,43.864612580590624,0.0587127948772157,0,9 10 11 12 13 14 15 16,34.86779574325601,35.44706025072629,35.44706025072627,0.31012349833585606,0
free,20.0,0.05,4.799999999999999,4.0,0.0,0.0,55.90835462416658,55.91759704916263,1,1,0.18954870800371282,0.05514854201464914,0 1 5 8 10 13 19 20,10 11 13 14 15 16 18 19,41.71210404480954,41.71698632666855,41.71698632666855,0.340182010904893,0,3 4 6 9 13 18 20 23,53.56755519120115,53.57760528636208,53.57760528636206,0.04350230521403642,0,9 10 11 12 13 14 15 16,32.7643565223045,32.767616900270895,32.767616900270895,0.7062075278261806,0
free,20.0,0.05,6.0,4.0,0.0,0.0,62.35894970079142,62.36792816946357,1,1,0.1679992499994114,0.03327412501676008,0 5 12 13 16 19 22 23,2 4 7 9 12 14 17 18,60.12475766603427,61.03835879494793,61.038358794947946,0.021635426179787753,0,2 11 12 14 17 20 22 23,61.2050595180252,61.81916054064873,61.819160540648745,0.00873174522950304,0,9 10 11 12 13 14 15 16,37.78613667923224,37.790628963973816,37.790628963973816,0.6501167461446282,0
free,30.0,0.03,0.0,0.0,0.0,0.0,0.9292215509586761,0.998925597359585,0,0,5.792541792005068,0.05143541601137258,0 1 2 3 4 5 6 7,9 10 11 12 13 14 15 16,0.9270561392765794,0.998923567529272,0.9989235676723278,-0.06977712693574367,0,0 1 2 3 4 5 6 7,0.9292215509586761,0.998925597359585,0.9989255975526087,-0.06977901716119239,1,9 10 11 12 13 14 15 16,0.9270561392765794,0.998923567529272,0.9989235676723278,-0.06977712693574367,0
free,30.0,0.03,-6.0,1.0,0.0,0.0,56.39847101391529,56.46935219311616,0,1,0.214922832994489,0.02727658301591873,6 7 8 9 10 11 18 22,7 10 11 12 14 15 16 21,34.131659546969665,34.135265748726894,34.13526574872689,0.6522054179706722,0,0 1 2 5 11 14 20 22,54.2840347994698,54.90024593439202,56.493881785104335,0.02728995205802387,0,9 10 11 12 13 14 15 16,48.40447976212056,48.4146684064214,48.414668406421406,0.16490462230316494,0
free,30.0,0.03,-4.8,1.0,0.0,0.0,41.2693958462583,41.70459067447023,0,1,0.13535475000389852,0.024323582998476923,1 5 7 8 9 17 20 23,3 4 5 8 14 17 18 23,29.48013765708496,29.485216166689508,29.485216166689508,0.3996640083270542,0,0 1 2 3 4 6 10 14,39.14696418716191,39.55608293120037,40.773735941748605,0.043313513070489806,0,9 10 11 12 13 14 15 16,26.403819343625432,26.620664378104895,26.826907186497053,0.5502767045965153,0
free,30.0,0.03,-3.6,1.0,0.0,0.0,31.172642731661377,31.180041139641574,0,1,0.1545438750181347,0.021085791988298297,3 4 6 7 11 12 19 22,3 5 6 7 8 12 19 23,28.419210883713856,28.728177644548374,29.067726782281436,0.08508945876616991,0,3 5 6 7 8 12 19 21,28.63154530048965,28.94174372369298,29.082446467303814,0.07708239798081284,0,9 10 11 12 13 14 15 16,12.046026313214986,12.047334146047605,12.047334146047602,1.5875137481671207,0
free,30.0,0.03,-2.4000000000000004,1.0,0.0,0.0,24.40119119780853,24.66097324805953,0,1,0.11951866699382663,0.01709583299816586,8 10 14 18 19 21 22 23,5 6 7 8 15 19 21 23,18.40900131519564,18.4126445911564,18.412644591156408,0.3252409819243689,0,1 7 11 15 16 17 18 19,21.957665110608485,22.198081448756735,22.69347976455319,0.0992477549979971,0,9 10 11 12 13 14 15 16,15.054125154618418,15.17927381590107,15.267343454105252,0.6075335021789401,0
free,30.0,0.03,-1.2000000000000002,1.0,0.0,0.0,21.465512943142087,21.46979540021381,1,1,0.23226587500539608,0.026659833994926885,1 6 7 16 20 21 22 23,1 2 4 7 14 16 17 19,19.759696278215618,19.763365347276814,19.7633653472768,0.08612640438283514,0,1 6 7 16 20 21 22 23,21.465512943142087,21.46979540021381,21.469795400213822,-0.00019946427024075675,1,9 10 11 12 13 14 15 16,17.882358442732937,17.885587020230556,17.885587020230567,0.20015702693248172,0
free,30.0,0.03,0.0,1.0,0.0,0.0,1.0323042543709282,1.1041481808022462,0,0,7.144272458011983,0.07723129098303616,0 1 2 3 4 5 6 7,0 1 10 11 12 13 14 23,1.0304492206096019,1.100021121643754,1.1000211216437539,-0.06155960639340907,0,8 9 10 11 12 13 14 15,1.0302126957882496,1.10904990229076,1.10904990229076,-0.06919945420067442,0,9 10 11 12 13 14 15 16,1.0299446897682645,1.1090339245703216,1.1090339245703222,-0.06918604426742048,0
free,30.0,0.03,1.1999999999999993,1.0,0.0,0.0,54.83861944050315,54.85655209441281,1,1,0.18048783298581839,0.01571808400331065,0 1 2 3 6 7 8 9,2 4 8 10 12 14 18 20,28.33907126034115,28.341246112383832,28.34124611238384,0.9349403065428792,0,1 2 3 4 19 20 21 22,53.79099825018624,53.80819302554496,53.80819302554496,0.019149991051901738,0,9 10 11 12 13 14 15 16,43.21362392588257,43.22569755749498,43.22569755749502,0.26865782484045964,0
free,30.0,0.03,2.4000000000000004,1.0,0.0,0.0,124.43556998872835,125.12739933578192,1,1,0.16574137497809716,0.020250708010280505,2 4 5 12 13 16 20 22,4 10 12 13 16 17 20 21,116.35237841047878,116.97636156516485,116.97636156516494,0.06376680146106395,0,4 10 12 13 16 17 20 21,116.35237841047878,116.97636156516485,116.97636156516494,0.06376680146106395,0,9 10 11 12 13 14 15 16,38.39214018688763,38.40486682173527,38.40486682173527,2.240098984493911,0
free,30.0,0.03,3.5999999999999996,1.0,0.0,0.0,227.9264474450411,228.041516249282,1,1,0.10179566600709222,0.013796624989481643,5 6 10 13 15 18 22 23,3 7 8 9 12 14 17 23,183.45013488305162,183.52059290932533,183.52059290932544,0.2419666034844168,0,1 6 8 11 16 17 19 22,205.8210414018056,206.898946133082,206.89894613308192,0.1016317468259782,0,9 10 11 12 13 14 15 16,62.28936497858064,62.29893998248782,62.29893998248781,2.6585927065390043,0
free,30.0,0.03,4.799999999999999,1.0,0.0,0.0,358.51010413473296,358.6884522199447,1,1,0.1998034170246683,0.026165999996010214,3 7 9 10 11 18 19 20,2 3 7 8 13 14 15 16,251.05434602476333,251.1271257729306,251.1271257729305,0.4276040592241641,0,1 2 3 4 7 11 12 15,315.1867504719298,315.3155723523691,315.31557235236926,0.13698826055471014,0,9 10 11 12 13 14 15 16,95.96881500483761,96.00093503896791,96.00093503896792,2.7344438779602456,0
free,30.0,0.03,6.0,1.0,0.0,0.0,468.1191914539006,468.30997661018966,1,1,0.18382825001026504,0.030610457994043827,0 2 6 13 14 16 17 20,3 6 10 11 12 13 17 20,408.128980820509,408.2570781271609,408.2570781271609,0.14662847635453424,0,3 5 6 8 9 12 17 23,416.8518227015214,416.9898642964558,416.9898642964556,0.12261527565834274,0,9 10 11 12 13 14 15 16,320.64827444908235,320.7745472576126,320.7745472576126,0.4593401984539509,0
free,30.0,0.03,-6.0,2.0,0.0,0.0,59.38608239529886,59.944907146456245,0,1,0.1421825830184389,0.02052041600109078,2 8 9 10 11 12 13 21,1 10 13 14 17 18 21 22,50.19870432459094,50.76268739066804,52.39854861240275,0.1698766445965605,0,0 1 3 4 5 12 17 23,57.454940960314886,57.4650906477893,57.46509064778928,0.03342884742466601,0,9 10 11 12 13 14 15 16,42.973347031251265,43.37098448957563,43.429807708762574,0.36925834389515666,0
free,30.0,0.03,-4.8,2.0,0.0,0.0,46.268746233834854,46.629495057519826,0,1,0.2876051669882145,0.0581674590066541,3 5 7 13 15 18 19 22,6 7 11 12 13 16 17 23,35.14379832992153,35.14924467918317,35.14924467918317,0.3163510811154673,0,11 12 13 15 16 18 19 23,43.26119212800043,43.696322938563604,44.495058807588926,0.05887047518593369,0,9 10 11 12 13 14 15 16,21.665281242080034,21.725503689862595,21.72571457423045,1.1296972854730387,0
free,30.0,0.03,-3.6,2.0,0.0,0.0,25.217803123776616,25.221681081469214,1,1,0.13712550001218915,0.02296354199643247,5 6 7 8 19 20 22 23,3 4 6 7 8 9 11 12,16.89988094167539,16.901567333462015,16.901567333462015,0.49203932548018625,0,2 3 4 9 10 11 22 23,23.79897920909792,23.80208550259908,23.80208550259907,0.05947872177095337,0,9 10 11 12 13 14 15 16,15.037154760983078,15.038658331024056,15.038658331024058,0.6768652208657109,0
free,30.0,0.03,-2.4000000000000004,2.0,0.0,0.0,32.20349919459843,32.21134457010143,1,1,0.25403145799646154,0.046021167014259845,15 16 17 18 19 20 21 22,2 8 12 14 15 16 21 22,27.60216272761237,27.740658010051956,27.740658010051956,0.16087726480494235,0,15 16 17 18 19 20 21 22,32.20349919459843,32.21134457010143,32.211344570101446,-0.00024355939212439282,1,9 10 11 12 13 14 15 16,28.070070986833205,28.26612993048557,28.281588119823137,0.13929636896865505,0
free,30.0,0.03,-1.2000000000000002,2.0,0.0,0.0,30.7476981898791,31.047404920781545,1,1,0.19555191698600538,0.035848416009685025,1 9 11 14 17 20 21 22,0 3 9 10 15 20 21 22,29.178667929417447,29.450759980078857,29.495041637758476,0.044037512467505646,0,0 1 8 12 15 20 21 23,29.635574110456332,29.923659650367703,29.987395257669384,0.02753802673668848,0,9 10 11 12 13 14 15 16,11.39896666450257,11.409995179720152,11.409995179720147,1.6948037843634949,0
free,30.0,0.03,0.0,2.0,0.0,0.0,1.3414151207358174,1.4197180407723236,0,0,7.035456958023133,0.08138299998245202,0 1 2 3 4 5 6 7,0 1 10 11 12 13 14 23,1.339053567945567,1.4043462806760858,1.4043462806760851,-0.044811711189901016,0,8 9 10 11 12 13 14 15,1.3388216024919184,1.4390935801189781,1.4390935801189781,-0.06787498793169877,0,9 10 11 12 13 14 15 16,1.3384733596135134,1.4390278966877061,1.4390278966877055,-0.06783244173137282,0
free,30.0,0.03,1.1999999999999993,2.0,0.0,0.0,67.28594300078606,67.62362024804041,1,1,0.17499870900064707,0.024358291004318744,0 1 11 12 15 18 21 22,3 7 9 10 12 13 15 19,54.28187976245149,54.292287583193925,54.292287583193946,0.23932783082093412,0,0 1 2 3 8 11 13 19,60.124625521515014,60.139372566811616,60.139372566811645,0.11883347179977632,0,9 10 11 12 13 14 15 16,18.389621911107334,18.39181909912903,18.391819099129037,2.6584713365287764,0
free,30.0,0.03,2.4000000000000004,2.0,0.0,0.0,126.41749200118628,127.06632752897148,0,1,0.17739966700901277,0.035446583991870284,1 2 3 4 5 9 10 16,3 7 8 9 11 15 22 23,126.27527538965167,126.96263057651012,126.9626305765101,-0.00429369313512562,0,3 7 8 9 11 15 22 23,126.27527538965167,126.96263057651012,126.9626305765101,-0.00429369313512562,0,9 10 11 12 13 14 15 16,95.60847367355304,95.64563350445532,95.64563350445532,0.3217277921557973,0
free,30.0,0.03,3.5999999999999996,2.0,0.0,0.0,161.6704208497126,161.72893011549215,1,1,0.11928845799411647,0.0148794170236215,0 1 3 4 19 20 22 23,9 10 12 13 14 15 17 18,124.06523555230301,124.07996272452925,124.07996272452928,0.30295349305220354,0,0 1 2 3 11 14 22 23,156.70004505822303,156.7390917181172,156.7390917181172,0.031462024422497015,0,9 10 11 12 13 14 15 16,88.8747025095091,88.88270774480625,88.88270774480623,0.8189187182943309,0
free,30.0,0.03,4.799999999999999,2.0,0.0,0.0,321.566970803024,321.7061227015046,0,1,0.1949506250093691,0.0314510419848375,0 2 4 7 10 17 19 23,2 4 5 6 10 11 14 21,262.52025429430927,262.598862793128,262.59886279312803,0.22455583920921374,0,5 10 15 18 19 20 22 23,305.4103022123495,305.54781195870606,305.5478119587059,0.052427666693561026,0,9 10 11 12 13 14 15 16,77.47931572525191,77.4966786447632,77.49667864476321,3.149429064915852,0
free,30.0,0.03,6.0,2.0,0.0,0.0,457.0527284322782,459.51087989466436,0,1,0.13648816698696464,0.03094283299287781,0 4 10 12 13 14 16 23,2 5 8 9 13 14 15 21,389.73220867557217,389.84207609419036,389.8420760941904,0.17240481841126076,0,0 4 12 13 15 18 19 21,457.0501690033215,457.21629279510347,457.21629279510324,-0.00035773957621976216,0,9 10 11 12 13 14 15 16,184.9625254576206,185.93712740498998,185.93712740499006,1.4581036332607789,0
free,30.0,0.03,-6.0,4.0,0.0,0.0,76.0540590984389,76.24527586425035,0,1,0.23480158401071094,0.02809229100239463,0 2 6 7 10 14 18 21,3 5 6 12 13 15 17 20,48.09313282230901,48.09708739582823,48.09708739582823,0.5812612200928315,0,8 9 11 12 17 18 20 23,73.06447121049983,73.4979950856497,73.49799508564969,0.03477732977356074,0,9 10 11 12 13 14 15 16,30.72430113104858,30.726727108553373,30.726727108553366,1.4751760520979076,0
free,30.0,0.03,-4.8,4.0,0.0,0.0,65.0483096058983,65.05907183497389,0,1,0.2137298750167247,0.03703337500337511,1 9 14 16 17 20 21 23,8 11 13 14 17 18 20 21,49.36295915918404,49.36829881997239,49.36829881997239,0.3176129451635554,0,7 9 14 16 17 20 21 23,63.81517113175342,64.49503314539275,65.7496803461441,0.008578590218851101,0,9 10 11 12 13 14 15 16,25.983168555701628,25.9851032325112,25.985103232511193,1.5032923296034189,0
free,30.0,0.03,-3.6,4.0,0.0,0.0,58.20358572135563,58.43234068836026,0,1,0.2179409159871284,0.050648750009713694,3 7 11 12 16 18 19 20,0 1 2 8 9 14 15 18,35.86925124581321,35.87213421278109,35.872134212781084,0.6225292137934166,0,0 1 5 9 11 13 19 20,56.6587140134315,57.29993364952696,57.88141002008582,0.015770560527274213,0,9 10 11 12 13 14 15 16,41.173845599849976,41.49133010352581,41.50172775386082,0.4027891025939816,0
free,30.0,0.03,-2.4000000000000004,4.0,0.0,0.0,55.89070133894465,55.8989161315485,0,1,0.14558237500023097,0.029198666015872732,0 4 6 8 10 12 21 22,5 10 13 15 16 17 21 22,41.65281188942792,41.68465945084121,41.684659450841224,0.3407978396670519,0,0 2 6 7 8 11 17 19,50.59876125024679,50.60599222053142,50.60599222053142,0.10442852489451182,0,9 10 11 12 13 14 15 16,25.555405718289382,25.60656047617968,25.60656047617967,1.182671170965604,0
free,30.0,0.03,-1.2000000000000002,4.0,0.0,0.0,56.84604283167621,57.119433263757784,0,1,0.24513854199904017,0.03949037499842234,0 2 4 8 9 18 19 23,1 3 5 6 14 15 16 18,45.52990428454594,45.533468186808456,45.533468186808456,0.24844526664334188,0,1 8 10 12 14 18 22 23,56.05830076776032,56.323178459511865,56.323178459511844,0.00928328951712487,0,9 10 11 12 13 14 15 16,18.077428979543267,18.07862640678314,18.078626406783144,2.1443784252517903,0
free,30.0,0.03,0.0,4.0,0.0,0.0,2.575803614833546,2.679782626960066,0,0,7.068284749984741,0.110959957994055,0 1 2 3 4 5 6 7,0 1 10 11 12 13 14 23,2.571419323694688,2.628006850674537,2.628006850674537,-0.01986419321075672,0,8 9 10 11 12 13 14 15,2.571205614607013,2.755521616105586,2.755521616105586,-0.06522104570750487,0,9 10 11 12 13 14 15 16,2.5705369577120862,2.755232669781878,2.7552326697818774,-0.06512301371721785,0
free,30.0,0.03,1.1999999999999993,4.0,0.0,0.0,104.45752133487129,104.46984532503464,1,1,0.16922291601076722,0.03982608299702406,1 5 6 7 11 15 16 21,6 8 9 10 11 13 16 19,83.69656325564613,83.70404166051728,83.70404166051728,0.24793880035715543,0,0 4 5 12 14 16 20 21,100.6938805382155,100.70612265271949,100.7061226527195,0.037250949429245006,0,9 10 11 12 13 14 15 16,23.00050939509666,23.002073075532387,23.002073075532397,3.5412220451548846,0
free,30.0,0.03,2.4000000000000004,4.0,0.0,0.0,155.13646321367435,155.17255381977287,1,1,0.190050125005655,0.03399979101959616,1 2 6 7 11 15 16 20,4 7 8 9 12 13 14 19,124.69326460533249,124.7119602958457,124.71196029584576,0.2439581804796802,0,1 5 7 10 11 13 19 22,140.17949257998282,140.85479417540364,140.85479417540378,0.10139285014669808,0,9 10 11 12 13 14 15 16,44.65164708361952,44.657691146577584,44.657691146577584,2.4739024618285375,0
free,30.0,0.03,3.5999999999999996,4.0,0.0,0.0,244.690143751469,244.75965287816663,1,1,0.16224541701376438,0.030383874982362613,0 3 5 6 7 9 14 23,4 6 7 8 14 15 18 22,226.6321963396434,226.68831377989244,226.68831377989258,0.07941225408318053,0,4 6 7 8 14 15 18 22,226.6321963396434,226.68831377989244,226.68831377989258,0.07941225408318053,0,9 10 11 12 13 14 15 16,108.58762936946358,109.13881210925662,109.13881210925658,1.242008493793342,0
free,30.0,0.03,4.799999999999999,4.0,0.0,0.0,348.1434334646753,348.2457595523052,1,1,0.1294433750153985,0.033731792005710304,0 1 5 8 10 13 19 20,1 2 7 8 10 13 17 20,321.80119055677875,321.8782314348943,321.87823143489436,0.08159980845145665,0,0 3 5 10 12 17 21 22,321.6022754927247,323.2175086160951,323.217508616095,0.07711811453316497,0,9 10 11 12 13 14 15 16,117.41846363506905,117.42870751936854,117.42870751936849,1.9647216666099552,0
free,30.0,0.03,6.0,4.0,0.0,0.0,439.788238927679,439.90436882757876,1,1,0.13098279101541266,0.033035458996891975,0 4 5 12 13 16 22 23,3 4 8 10 11 15 16 22,425.36236770124077,425.4688616639683,425.4688616639685,0.03365552347992984,0,3 4 8 10 11 15 16 22,425.36236770124077,425.4688616639683,425.4688616639685,0.03365552347992984,0,9 10 11 12 13 14 15 16,128.3026201719412,128.31740338188692,128.31740338188686,2.4273467771072337,0
free,30.0,0.05,0.0,0.0,0.0,0.0,0.8132952448452753,0.9987726744874553,0,0,5.6155761659902055,0.07760045898612589,0 1 2 3 4 5 6 7,9 10 11 12 13 14 15 16,0.8077871729845421,0.9987648581136118,0.99876485931363,-0.1856989778541437,0,0 1 2 3 4 5 6 7,0.8132952448452753,0.9987726744874553,0.9987726759155195,-0.18570535055673443,1,9 10 11 12 13 14 15 16,0.8077871729845421,0.9987648581136118,0.99876485931363,-0.1856989778541437,0
free,30.0,0.05,-6.0,1.0,0.0,0.0,19.451748465087064,20.196250802868537,0,1,0.1350170000223443,0.03251220801030286,6 7 8 9 10 11 18 22,7 10 11 12 14 15 16 21,12.284949847025,12.31526267848591,12.31526267848591,0.5794830344194124,0,0 1 2 5 11 14 20 22,18.30356853042545,19.219028800902855,20.97147496628547,0.012108814997627615,0,9 10 11 12 13 14 15 16,17.247149079581497,17.70358890953892,18.04700719504101,0.09874605451362539,0
free,30.0,0.05,-4.8,1.0,0.0,0.0,13.840870040807362,13.960261846023894,0,1,0.2420084159821272,0.0353780830046162,7 8 10 11 14 16 17 20,3 4 5 8 14 17 18 23,10.461909338449294,10.552056671694578,10.552056671694574,0.3116751048101247,0,0 1 2 3 4 6 10 14,13.301423998844585,13.904784253981875,15.00529519125711,-0.004596562737477217,0,9 10 11 12 13 14 15 16,10.890850829773218,11.239966506668363,11.9983303912139,0.23139780110518604,0
free,30.0,0.05,-3.6,1.0,0.0,0.0,10.742211624205003,11.014875484992231,0,1,0.17796295799780637,0.014462457998888567,3 4 6 7 11 12 19 20,3 5 6 7 8 12 19 23,9.368644219617368,9.908266349947056,10.413310521559763,0.0841666185389136,0,2 4 5 8 9 11 16 18,10.09998836089652,10.542950416961427,11.207767573155369,0.018899947297770447,0,9 10 11 12 13 14 15 16,4.779748927808134,4.7807036450792895,4.7807036450792895,1.2469938364118867,0
free,30.0,0.05,-2.4000000000000004,1.0,0.0,0.0,8.227481811068966,8.57713178317577,0,1,0.25429099999018945,0.043050874985056,8 10 14 18 19 21 22 23,5 6 7 8 15 19 21 23,6.388094896851666,6.393033167376864,6.393033167376861,0.2869449595620974,0,1 7 11 15 16 17 18 19,7.781836893678045,8.0555128051299,8.530844683190447,0.021347989892034125,0,9 10 11 12 13 14 15 16,6.182600904168192,6.3845815245021456,6.729566917578069,0.2886485636520282,0
free,30.0,0.05,-1.2000000000000002,1.0,0.0,0.0,7.360174135539787,7.364914946919066,1,1,0.23899150002398528,0.04143329098587856,6 7 13 16 20 21 22 23,1 2 4 7 14 16 17 19,6.738136678698734,6.739485819095725,6.739485819095723,0.09209728057968425,0,6 7 13 16 20 21 22 23,7.360174135539787,7.364914946919066,7.364914946919066,-0.000643702121945311,1,9 10 11 12 13 14 15 16,6.457507520255298,6.458757023216283,6.458757023216282,0.13956510658061916,0
free,30.0,0.05,0.0,1.0,0.0,0.0,0.9035179966719962,1.0998798775895289,0,0,7.341461666976102,0.07937216697609983,0 1 2 3 4 5 6 7,0 1 10 11 12 13 14 23,0.8987706989250219,1.092625012523501,1.0926250125235006,-0.17307586196910119,0,8 9 10 11 12 13 14 15,0.8981187293796061,1.1083441615319298,1.1083441615319298,-0.18480375678329664,0,9 10 11 12 13 14 15 16,0.8974388189053344,1.1082947004961923,1.1082947004961923,-0.18476737616133687,0
free,30.0,0.05,1.1999999999999993,1.0,0.0,0.0,18.40953435810477,18.416099912501604,1,1,0.19765195902436972,0.02176158397924155,0 1 2 3 6 7 8 9,2 4 8 10 12 14 18 20,9.302573953772582,9.303947196451777,9.303947196451775,0.978680012836441,0,1 2 3 4 19 20 21 22,18.143911462413428,18.150161744522734,18.150161744522727,0.014290374776429138,0,9 10 11 12 13 14 15 16,15.554144661125385,15.559022468726868,15.559022468726868,0.18320636113916167,0
free,30.0,0.05,2.4000000000000004,1.0,0.0,0.0,43.56396653789294,44.26031111176253,0,1,0.17650229201535694,0.02473729199846275,2 4 5 12 13 16 20 22,4 10 12 13 16 17 20 21,40.27166612524365,40.9026459821703,40.90264598217032,0.06506475294734537,0,4 10 12 13 16 17 20 21,40.27166612524365,40.9026459821703,40.90264598217032,0.06506475294734537,0,9 10 11 12 13 14 15 16,21.01803681034453,21.025160361972855,21.025160361972866,1.0719921174387275,0
free,30.0,0.05,3.5999999999999996,1.0,0.0,0.0,86.90579745741522,86.9608403307025,1,1,0.11196712500532158,0.018881416996009648,4 5 9 12 14 17 21 22,3 7 8 9 12 14 17 23,66.7068920610284,66.73708530669474,66.73708530669474,0.30221146245799946,0,1 6 8 11 16 17 19 22,80.99004796789835,82.20726072691409,82.20726072691413,0.05715476575857803,0,9 10 11 12 13 14 15 16,27.643245956013278,27.64961668511794,27.64961668511794,2.143110389092344,0
free,30.0,0.05,4.799999999999999,1.0,0.0,0.0,152.08052685364135,152.1844678938006,1,1,0.16483349999180064,0.0267580000218004,3 7 9 10 11 18 19 20,2 3 7 8 13 14 15 16,96.17862904279296,96.21679555025717,96.21679555025719,0.5806027002240448,0,0 1 3 4 11 12 15 21,134.17988803617334,136.26134907048814,136.2613490704881,0.1160943869341109,0,9 10 11 12 13 14 15 16,57.82835496715329,57.85640979249917,57.85640979249919,1.6285856208339755,0
free,30.0,0.05,6.0,1.0,0.0,0.0,219.0003278847437,219.135160119378,0,1,0.19048229200416245,0.02356354199582711,0 2 6 13 14 16 17 20,3 6 10 11 12 13 17 20,179.3013463921504,179.3827943819189,179.3827943819189,0.22085470147419062,0,0 1 4 12 15 16 18 19,195.79751708698825,195.8904095852072,195.89040958520727,0.11797370962912956,0,9 10 11 12 13 14 15 16,166.53848314629886,166.6343400447267,166.63434004472674,0.31425688022025544,0
free,30.0,0.05,-6.0,2.0,0.0,0.0,20.512823974911843,21.242577600450808,0,1,0.25755512501928024,0.030956916976720095,0 1 3 4 5 12 17 23,1 10 13 14 17 18 21 22,16.854034141070244,17.69420251659931,19.167157924931868,0.1592963263344771,0,2 8 11 12 13 14 21 22,19.421925292496024,20.403109708923786,21.988767440663192,0.005377330590937923,0,9 10 11 12 13 14 15 16,16.67849246103768,17.273524339208834,17.50990925944276,0.1875297462226737,0
free,30.0,0.05,-4.8,2.0,0.0,0.0,15.944746525259326,16.340614278235684,0,1,0.2521540419838857,0.04494837499805726,2 5 6 15 16 19 22 23,6 7 11 12 13 16 17 23,12.528843779979475,12.580134179875026,12.580134179875023,0.267454408456693,0,3 5 7 11 13 15 18 19,15.819560256229215,16.5116673235346,17.239378556999156,-0.034334557932088616,0,9 10 11 12 13 14 15 16,9.68150136621259,10.001732780509736,10.142841044830726,0.5941984129320745,0
free,30.0,0.05,-3.6,2.0,0.0,0.0,8.873663986052971,8.882901904622706,1,1,0.16378666600212455,0.04722629199386574,5 6 7 8 19 20 22 23,3 4 6 7 8 9 11 12,5.933041810414646,5.9341269339144,5.934126933914398,0.49536133703825724,0,4 5 6 7 9 10 22 23,8.426729957716917,8.598230982358912,8.638468976973057,0.03203368277255736,0,9 10 11 12 13 14 15 16,5.618265040580713,5.619276988211399,5.619276988211397,0.5791469266720441,0
free,30.0,0.05,-2.4000000000000004,2.0,0.0,0.0,10.772970288306558,11.106895033294979,0,1,0.22914650000166148,0.028526749985758215,15 16 17 18 19 20 21 22,2 8 12 14 15 16 21 22,8.876365671676792,9.3884156233518,9.744000110259465,0.14747479452347156,0,15 16 17 18 19 20 21 22,10.772970288306558,11.106895033294979,11.217660606190403,-0.030064634984612648,1,9 10 11 12 13 14 15 16,9.765936127791061,9.953703594652314,9.992358955123768,0.0823077245432946,0
free,30.0,0.05,-1.2000000000000002,2.0,0.0,0.0,10.305499944503524,10.44226577242717,0,1,0.2131038749939762,0.027908541000215337,4 8 9 10 16 19 20 21,0 3 9 10 15 20 21 22,9.55209928752674,9.945977168999107,10.162540827818061,0.03614755688611693,0,1 9 11 14 17 20 21 22,10.071709758481273,10.504801197495997,10.807683189739796,-0.01897239645429749,0,9 10 11 12 13 14 15 16,5.289966547170821,5.453589995557698,5.468007449061205,0.8896726656932445,0
free,30.0,0.05,0.0,2.0,0.0,0.0,1.1740661299871733,1.402414041202629,0,0,7.055433458008338,0.08118620800087228,0 1 2 3 4 5 6 7,0 1 10 11 12 13 14 23,1.1679396968569664,1.3744350941726147,1.3744350941726147,-0.14578277652758853,0,8 9 10 11 12 13 14 15,1.1671579413217177,1.4365588227771966,1.4365588227771966,-0.1827232471292508,0,9 10 11 12 13 14 15 16,1.1662743981153856,1.4363548433104465,1.4363548433104465,-0.182607184112501,0
free,30.0,0.05,1.1999999999999993,2.0,0.0,0.0,23.15201457514967,23.514677336874882,0,1,0.32113512500654906,0.05051866700523533,0 1 11 12 15 18 21 22,3 7 9 10 12 13 15 19,18.193226637637572,18.197694150575696,18.197694150575696,0.27224990065113497,0,2 4 5 6 7 17 19 22,21.231323692948624,21.23751662028205,21.237516620282054,0.09014697853322717,0,9 10 11 12 13 14 15 16,9.27255578729872,9.289363495363855,9.289363495363855,1.4923144181734735,0
free,30.0,0.05,2.4000000000000004,2.0,0.0,0.0,44.880508079038826,45.53797891241709,0,1,0.18749608300277032,0.02609908298472874,0 1 2 7 11 12 13 19,3 7 8 9 11 15 22 23,44.21079929691328,44.91356966670856,44.91356966670856,-0.0007361157867227242,0,3 7 8 9 11 15 22 23,44.21079929691328,44.91356966670856,44.91356966670856,-0.0007361157867227242,0,9 10 11 12 13 14 15 16,39.805664854873044,39.82444310486865,39.82444310486866,0.1269588368343577,0
free,30.0,0.05,3.5999999999999996,2.0,0.0,0.0,58.34072368140812,58.36544285149544,1,1,0.13670616698800586,0.014940916997147724,0 1 3 4 19 20 22 23,9 10 12 13 14 15 17 18,43.07010063713849,43.07796155335304,43.077961553353056,0.35430557941215013,0,0 1 2 3 11 14 22 23,56.3379921126224,56.35635277446129,56.35635277446129,0.03521113076441096,0,9 10 11 12 13 14 15 16,34.49174114325151,34.497608663064824,34.497608663064824,0.6911526897767597,0
free,30.0,0.05,4.799999999999999,2.0,0.0,0.0,133.34110637909524,133.99487803446476,0,1,0.17103383300127462,0.035307209007442,0 2 4 7 10 17 19 23,2 4 5 6 10 11 14 21,101.67023972317358,101.70942048427229,101.70942048427231,0.3110005518093999,0,0 2 4 7 10 17 19 23,133.34110637909524,133.99487803446476,133.99487803446468,-0.004879079446614143,1,9 10 11 12 13 14 15 16,43.78550116995709,43.79965262439323,43.79965262439325,2.0443416417607363,0
free,30.0,0.05,6.0,2.0,0.0,0.0,214.74855735346543,218.15568205663516,1,1,0.1785264170030132,0.027104875014629215,0 4 10 12 13 14 16 23,2 5 8 9 13 14 15 21,169.10325363847178,169.1729126435163,169.17291264351624,0.26940273119247404,0,0 4 12 13 15 18 19 21,211.47895651309764,211.591619535591,211.59161953559095,0.014919956777132315,0,9 10 11 12 13 14 15 16,108.17049220512529,109.84268015329653,109.84268015329653,0.9550556946877313,0
free,30.0,0.05,-6.0,4.0,0.0,0.0,26.861017471936503,27.06541575959544,0,1,0.2546098750026431,0.043873665999853984,0 1 3 4 8 9 19 22,3 5 6 12 13 15 17 20,17.302275344749305,17.304673779920343,17.30467377992033,0.5522406150819765,0,7 8 10 11 14 15 19 22,26.41043443951237,27.61587066579056,28.42866389011011,-0.02733403567062398,0,9 10 11 12 13 14 15 16,13.086218602170508,13.088030924890107,13.088030924890111,1.0523345051740116,0
free,30.0,0.05,-4.8,4.0,0.0,0.0,22.942233684337243,23.670656349043124,0,1,0.2783619579859078,0.05180458401446231,4 5 13 14 18 19 21 22,8 11 13 14 17 18 20 21,17.485740267954075,17.624341833657642,17.62434183365764,0.30173562796676423,0,3 4 13 14 18 19 21 22,22.92623128208817,23.682707795349366,24.062725652594395,-0.03126644627847541,0,9 10 11 12 13 14 15 16,10.330571337211062,10.332022374576313,10.332022374576313,1.2204978708515464,0
free,30.0,0.05,-3.6,4.0,0.0,0.0,20.068307480910654,20.626219354897486,0,1,0.3180567919916939,0.061510958010330796,2 6 10 11 14 15 17 18,0 1 2 8 9 14 15 18,12.601707957700878,12.6034683912754,12.6034683912754,0.5922845091437448,0,2 6 10 11 12 14 15 18,19.87510492639766,20.757293386067445,21.535872671822506,-0.033192473235419406,0,9 10 11 12 13 14 15 16,16.034138949028886,16.67745367238497,16.763410638346798,0.20331963590703062,0
free,30.0,0.05,-2.4000000000000004,4.0,0.0,0.0,19.165394234143985,19.656014054501576,0,1,0.19788654099102132,0.036896124976919964,0 4 6 8 10 12 21 22,5 10 13 15 16 17 21 22,14.10760342582309,14.425774543866531,14.501518499138777,0.32855218108844064,0,2 4 5 9 11 13 16 17,18.00358639191251,18.856666184123902,19.829648479716795,0.016372355908809144,0,9 10 11 12 13 14 15 16,12.401479491610738,12.840760269206466,12.953161700170492,0.4925435747059834,0
free,30.0,0.05,-1.2000000000000002,4.0,0.0,0.0,19.53573263260174,20.130406533412064,0,1,0.2481352920003701,0.04709029197692871,0 2 4 8 9 18 19 23,1 3 5 6 14 15 16 18,15.677809164166298,15.679595688270943,15.67959568827095,0.24593344248126003,0,0 1 2 4 8 18 22 23,19.015191546181928,19.657767106374997,20.217901263577495,-0.00620795195674495,0,9 10 11 12 13 14 15 16,9.92829361256202,9.99704710710305,9.99704710710305,0.9541503029150789,0
free,30.0,0.05,0.0,4.0,0.0,0.0,2.2544600573412383,2.6038425465566473,0,0,6.194025000004331,0.10974445898318663,0 1 2 3 4 5 6 7,0 1 10 11 12 13 14 23,2.242826225665516,2.4993738820237663,2.499373882023765,-0.0979900712110423,0,8 9 10 11 12 13 14 15,2.241526231508033,2.744273025384456,2.7442730253844543,-0.17848550909929883,0,9 10 11 12 13 14 15 16,2.2398295111184425,2.7433681934418903,2.7433681934418903,-0.17821455292417643,0
free,30.0,0.05,1.1999999999999993,4.0,0.0,0.0,36.39430573119354,36.39995385411535,0,1,0.1531123330059927,0.042920334002701566,1 5 6 7 11 15 16 21,6 8 9 10 11 13 16 19,28.727546893755946,28.731168979843904,28.73116897984391,0.26671858554469674,0,0 4 5 12 14 16 20 21,35.751697237137506,35.870718098441934,35.87071809844194,0.014596519403784924,0,9 10 11 12 13 14 15 16,13.270036936575144,13.27158789299411,13.271587892994118,1.7422721399001246,0
free,30.0,0.05,2.4000000000000004,4.0,0.0,0.0,56.64630900239468,56.703176649782314,1,1,0.1858764580101706,0.034890207985881716,0 2 6 8 11 14 22 23,4 7 8 9 12 13 14 19,43.74450490867018,43.75356153300649,43.75356153300649,0.2946673828977844,0,1 5 7 10 11 13 19 22,53.93577758009506,54.79021021582397,54.79021021582397,0.03387646769850594,0,9 10 11 12 13 14 15 16,24.602041903718103,24.607283874586425,24.607283874586432,1.3020138789432623,0
free,30.0,0.05,3.5999999999999996,4.0,0.0,0.0,96.02409632652275,96.05714467948914,0,1,0.16371312501723878,0.026421374990604818,4 5 7 8 10 11 19 23,4 6 7 8 14 15 18 22,85.66779379825981,85.69484883995162,85.69484883995162,0.12053522033585251,0,4 6 7 8 14 15 18 22,85.66779379825981,85.69484883995162,85.69484883995162,0.12053522033585251,0,9 10 11 12 13 14 15 16,56.981954227010554,57.99783381904018,57.99783381904013,0.655649702816985,0
free,30.0,0.05,4.799999999999999,4.0,0.0,0.0,147.54049550226765,147.59696277969505,1,1,0.20698987497598864,0.04203354200581089,0 1 5 8 10 13 19 20,1 2 7 8 10 13 17 20,131.28372722288196,131.3274663336731,131.32746633367307,0.12345497572762842,0,3 4 6 9 13 18 20 23,132.64837126745957,132.70354755686233,132.7035475568623,0.1118052095709634,0,9 10 11 12 13 14 15 16,51.571305985088145,51.57853214074555,51.57853214074555,1.8605020224240718,0
free,30.0,0.05,6.0,4.0,0.0,0.0,204.43389301750094,204.5150069748742,1,1,0.1761785830021836,0.03574854100588709,0 5 12 13 16 19 22 23,3 4 8 10 11 15 16 22,190.30089691483295,190.3716459514075,190.37164595140754,0.07386733983317484,0,2 11 12 14 17 20 22 23,192.9441188164617,195.83889877723306,195.83889877723306,0.04388808502260155,0,9 10 11 12 13 14 15 16,65.21290336974886,65.22488075462117,65.22488075462117,2.1342930895740557,0
