control,snr_db,sigma2,eps_over_lambda,xP,yP,alpha_db_m,q,family_size,S_nom,S_hat,L_hat,U_hat,L_nom,U_nom,Gamma,swap_L,swap_Gamma,incumbent_improvement,selection_gap,U_star,rival_U,margin,unique,global_gap,bracket_hat,survivors,n_eval,capped,exact,nom_slnr_nom,nom_slnr_hat,nominal_sacrifice,GD_nom_wit,IP_nom_wit,GD_hat_wit,IP_hat_wit,F_end,Ibar_hat,gcs_seconds,setup_seconds,case_seconds,case_seconds_amortized
endpoints,10.0,0.0888858741621725,0.0,0.0,0.0,0.0,0.0,74613,0 10 11 12 13 14 15 23,0 10 11 12 13 14 15 23,0.9090756246745615,0.9090756246745615,0.9090756246745615,0.9090756246745615,0.0,0.9090756246745615,0.0,0.0,0.0,0.9090756246745615,0.9090756187632233,5.9113381967179635e-09,1,0.0,1.0,0,0,0,1,0.9090756246745615,0.9090756246745615,0.0,0.8886943824415184,0.8886943824415184,0.8886943824415184,0.8886943824415184,0.8883314216468101,0.8886943824415184,0.02375970801222138,0.23822629198548384,0.12504183300188743,0.18459911499667214
endpoints,10.0,0.0888858741621725,0.0,-6.0,1.0,0.0,0.0,74613,0 7 9 12 13 16 17 23,0 7 9 12 13 16 17 23,9.99706276102965,9.99706276102965,9.99706276102965,9.99706276102965,0.0,9.99706276102965,0.0,0.0,0.0,9.99706276102965,9.996981031969879,8.172905977055223e-05,1,0.0,1.0,0,0,0,1,9.99706276102965,9.99706276102965,0.0,0.8886554434664171,5.7797874811879235e-06,0.8886554434664171,5.7797874811879235e-06,2.654059644006785e-07,5.7797874811879235e-06,0.015042208979139104,0.24369708300218917,0.11871641699690372,0.17964139575633453
endpoints,10.0,0.0888858741621725,0.0,-4.8,1.0,0.0,0.0,74613,0 6 9 13 14 15 17 23,0 6 9 13 14 15 17 23,9.997613989550585,9.997613989550585,9.997613989550585,9.997613989550585,0.0,9.997613989550585,0.0,0.0,0.0,9.997613989550585,9.996973361919952,0.0006406276306325509,1,0.0,1.0,0,0,0,1,9.997613989550585,9.997613989550585,0.0,0.8886498355837689,3.177344717878296e-07,0.8886498355837689,3.177344717878296e-07,3.177344717878296e-07,3.177344717878296e-07,0.019550541997887194,0.21657595899887383,0.11361933298758231,0.16776415673666634
endpoints,10.0,0.0888858741621725,0.0,-3.6,1.0,0.0,0.0,74613,0 3 5 8 10 15 16 23,0 3 5 8 10 15 16 23,9.99682800167771,9.99682800167771,9.99682800167771,9.99682800167771,0.0,9.99682800167771,0.0,0.0,0.0,9.99682800167771,9.99669325334523,0.00013474833247961726,1,0.0,1.0,0,0,0,1,9.99682800167771,9.99682800167771,0.0,0.8885865119690907,9.719274035404108e-07,0.8885865119690907,9.719274035404108e-07,9.719274035404298e-07,9.719274035404108e-07,0.019664499995997176,0.2081590839952696,0.11263704200973734,0.16467722898960346
endpoints,10.0,0.0888858741621725,0.0,-2.4000000000000004,1.0,0.0,0.0,74613,0 6 7 10 11 12 15 23,0 6 7 10 11 12 15 23,9.997370903484851,9.997370903484851,9.997370903484851,9.997370903484851,0.0,9.997370903484851,0.0,0.0,0.0,9.997370903484851,9.997362822004987,8.081479863975005e-06,1,0.0,1.0,0,0,0,1,9.997370903484851,9.997370903484851,0.0,0.8886557022872434,3.065826787865324e-06,0.8886557022872434,3.065826787865324e-06,2.6275599024006535e-07,3.065826787865324e-06,0.01705512500484474,0.20783520801342092,0.14973516599275172,0.20169542700023158
endpoints,10.0,0.0888858741621725,0.0,-1.2000000000000002,1.0,0.0,0.0,74613,0 11 13 14 15 17 21 23,0 11 13 14 15 17 21 23,9.997037797666216,9.997037797666216,9.997037797666216,9.997037797666216,0.0,9.997037797666216,0.0,0.0,0.0,9.997037797666216,9.996497457100814,0.0005403405654025306,1,0.0,1.0,0,0,0,1,9.997037797666216,9.997037797666216,0.0,0.8886256965706764,3.0261857009338595e-06,0.8886256965706764,3.0261857009338595e-06,1.395537497609995e-07,3.0261857009338595e-06,0.02097291700192727,0.2318076670053415,0.1322450420120731,0.19019808374287095
endpoints,10.0,0.0888858741621725,0.0,0.0,1.0,0.0,0.0,74613,0 1 10 11 12 13 14 23,0 1 10 11 12 13 14 23,1.000214213978653,1.000214213978653,1.000214213978653,1.000214213978653,0.0,1.000214213978653,0.0,0.0,0.0,1.000214213978653,1.0002097476220162,4.46635663675643e-06,1,0.0,1.0,0,0,0,1,1.000214213978653,1.000214213978653,0.0,0.8886162561116422,0.7995400686935121,0.8886162561116422,0.7995400686935121,0.7994629520702349,0.7995400686935121,0.025296000007074326,0.18965600000228733,0.11372358299558982,0.16113837499869987
endpoints,10.0,0.0888858741621725,0.0,1.1999999999999993,1.0,0.0,0.0,74613,0 2 10 11 12 13 21 23,0 2 10 11 12 13 21 23,9.996500734245764,9.996500734245764,9.996500734245764,9.996500734245764,0.0,9.996500734245764,0.0,0.0,0.0,9.996500734245764,9.996399793228568,0.00010094101719637649,1,0.0,1.0,0,0,0,1,9.996500734245764,9.996500734245764,0.0,0.8885792268770447,3.153158455024529e-06,0.8885792268770447,3.153158455024529e-06,1.2015227387500597e-06,3.153158455024529e-06,0.02585795900085941,0.2030469170131255,0.11772224999731407,0.16848435425345087
endpoints,10.0,0.0888858741621725,0.0,2.4000000000000004,1.0,0.0,0.0,74613,0 5 6 10 11 15 21 23,0 5 6 10 11 15 21 23,9.99687400128537,9.99687400128537,9.99687400128537,9.99687400128537,0.0,9.99687400128537,0.0,0.0,0.0,9.99687400128537,9.996783689006989,9.031227838107725e-05,1,0.0,1.0,0,0,0,1,9.99687400128537,9.99687400128537,0.0,0.8885845555877627,3.672242359927625e-07,0.8885845555877627,3.672242359927625e-07,1.902194844264195e-09,3.672242359927625e-07,0.013547332986490801,0.24789129200507887,0.10713816600036807,0.16911115599941695
endpoints,10.0,0.0888858741621725,0.0,3.5999999999999996,1.0,0.0,0.0,74613,0 5 11 14 16 17 20 23,0 5 11 14 16 17 20 23,9.997063420886162,9.997063420886162,9.997063420886162,9.997063420886162,0.0,9.997063420886162,0.0,0.0,0.0,9.997063420886162,9.996733102021922,0.00033031886423984247,1,0.0,1.0,0,0,0,1,9.997063420886162,9.997063420886162,0.0,0.8885991125412165,1.3917297637565688e-07,0.8885991125412165,1.3917297637565688e-07,1.2641314084180502e-07,1.3917297637565688e-07,0.013010459020733833,0.1981145000027027,0.11694012500811368,0.16646904200752033
endpoints,10.0,0.0888858741621725,0.0,4.799999999999999,1.0,0.0,0.0,74613,0 10 11 14 15 17 18 23,0 10 11 14 15 17 18 23,9.997515869115192,9.997515869115192,9.997515869115192,9.997515869115192,0.0,9.997515869115192,0.0,0.0,0.0,9.997515869115192,9.997329534344058,0.00018633477113461083,1,0.0,1.0,0,0,0,1,9.997515869115192,9.997515869115192,0.0,0.8886537807825269,1.5847242693780078e-06,0.8886537807825269,1.5847242693780078e-06,2.565635419677967e-07,1.5847242693780078e-06,0.0223931249929592,0.19330504201934673,0.12480470800073817,0.1731316775039886
endpoints,10.0,0.0888858741621725,0.0,6.0,1.0,0.0,0.0,74613,0 4 5 9 11 16 17 23,0 4 5 9 11 16 17 23,9.99699292725968,9.99699292725968,9.99699292725968,9.99699292725968,0.0,9.99699292725968,0.0,0.0,0.0,9.99699292725968,9.996939589148697,5.3338110982181774e-05,1,0.0,1.0,0,0,0,1,9.99699292725968,9.99699292725968,0.0,0.8885944498467168,2.9954149274613407e-07,0.8885944498467168,2.9954149274613407e-07,7.779930674797756e-08,2.9954149274613407e-07,0.015641542006051168,0.23532433301443234,0.1117840830120258,0.1706158332672203
endpoints,10.0,0.0888858741621725,0.0,-6.0,2.0,0.0,0.0,74613,0 4 8 12 13 14 17 23,0 4 8 12 13 14 17 23,9.997189523076912,9.997189523076912,9.997189523076912,9.997189523076912,0.0,9.997189523076912,0.0,0.0,0.0,9.997189523076912,9.997069898082115,0.00011962499479700739,1,0.0,1.0,0,0,0,1,9.997189523076912,9.997189523076912,0.0,0.8886316462148988,2.2722677451110897e-06,0.8886316462148988,2.2722677451110897e-06,4.0183299412911117e-07,2.2722677451110897e-06,0.01788750002742745,0.21099754198803566,0.12577300000702962,0.1785226775027695
endpoints,10.0,0.0888858741621725,0.0,-4.8,2.0,0.0,0.0,74613,0 6 10 11 12 13 20 23,0 6 10 11 12 13 20 23,9.996974245101317,9.996974245101317,9.996974245101317,9.996974245101317,0.0,9.996974245101317,0.0,0.0,0.0,9.996974245101317,9.996382687274906,0.000591557826410849,1,0.0,1.0,0,0,0,1,9.996974245101317,9.996974245101317,0.0,0.8886352387753259,4.545777718006738e-06,0.8886352387753259,4.545777718006738e-06,4.0531677627732786e-06,4.545777718006738e-06,0.017630457994528115,0.22363983298419043,0.11369512500823475,0.16960566626221407
endpoints,10.0,0.0888858741621725,0.0,-3.6,2.0,0.0,0.0,74613,0 1 10 13 19 20 22 23,0 1 10 13 19 20 22 23,9.993971139401555,9.993971139401555,9.993971139401555,9.993971139401555,0.0,9.993971139401555,0.0,0.0,0.0,9.993971139401555,9.993848785368115,0.00012235403344007523,1,0.0,1.0,0,0,0,1,9.993971139401555,9.993971139401555,0.0,0.8884763069301671,1.5353841910922007e-05,0.8884763069301671,1.5353841910922007e-05,1.0059979287524307e-05,1.5353841910922007e-05,0.02063154202187434,0.24088983298861422,0.11811374998069368,0.17833666623482713
endpoints,10.0,0.0888858741621725,0.0,-2.4000000000000004,2.0,0.0,0.0,74613,0 6 8 9 10 17 19 23,0 6 8 9 10 17 19 23,9.996674518815363,9.996674518815363,9.996674518815363,9.996674518815363,0.0,9.996674518815363,0.0,0.0,0.0,9.996674518815363,9.996644342127361,3.0176688001759544e-05,1,0.0,1.0,0,0,0,1,9.996674518815363,9.996674518815363,0.0,0.8886125285282904,4.939163376667303e-06,0.8886125285282904,4.939163376667303e-06,8.338954602243455e-07,4.939163376667303e-06,0.01815408398397267,0.18676104198675603,0.13190333297825418,0.1785940514819231
endpoints,10.0,0.0888858741621725,0.0,-1.2000000000000002,2.0,0.0,0.0,74613,0 8 10 11 15 16 17 23,0 8 10 11 15 16 17 23,9.997658066490505,9.997658066490505,9.997658066490505,9.997658066490505,0.0,9.997658066490505,0.0,0.0,0.0,9.997658066490505,9.996613181263992,0.001044885226512804,1,0.0,1.0,0,0,0,1,9.997658066490505,9.997658066490505,0.0,0.8886589836971656,8.408851958851883e-07,0.8886589836971656,8.408851958851883e-07,8.408851958851442e-07,8.408851958851883e-07,0.017995541013078764,0.18876787499175407,0.12422100000549108,0.17141346875723684
endpoints,10.0,0.0888858741621725,0.0,0.0,2.0,0.0,0.0,74613,0 1 10 11 12 13 14 23,0 1 10 11 12 13 14 23,1.265525897563779,1.265525897563779,1.265525897563779,1.265525897563779,0.0,1.265525897563779,0.0,0.0,0.0,1.265525897563779,1.2654747037870997,5.11937766793924e-05,1,0.0,1.0,0,0,0,1,1.265525897563779,1.265525897563779,0.0,0.8886162561116422,0.6132856561259766,0.8886162561116422,0.6132856561259766,0.6132856561259764,0.6132856561259766,0.0221793329983484,0.20475404200260527,0.11404341700836085,0.16523234450869495
endpoints,10.0,0.0888858741621725,0.0,1.1999999999999993,2.0,0.0,0.0,74613,0 7 8 10 15 16 17 23,0 7 8 10 15 16 17 23,9.997187900070674,9.997187900070674,9.997187900070674,9.997187900070674,0.0,9.997187900070674,0.0,0.0,0.0,9.997187900070674,9.996257279482702,0.0009306205879724416,1,0.0,1.0,0,0,0,1,9.997187900070674,9.997187900070674,0.0,0.888642437187882,3.366099241399711e-06,0.888642437187882,3.366099241399711e-06,3.3660992413996784e-06,3.366099241399711e-06,0.0178697090013884,0.19708804198307917,0.11670225000125356,0.16597459449258167
endpoints,10.0,0.0888858741621725,0.0,2.4000000000000004,2.0,0.0,0.0,74613,0 4 9 10 11 16 17 23,0 4 9 10 11 16 17 23,9.99673326444608,9.99673326444608,9.99673326444608,9.99673326444608,0.0,9.99673326444608,0.0,0.0,0.0,9.99673326444608,9.996714917468413,1.8346977666894304e-05,1,0.0,1.0,0,0,0,1,9.99673326444608,9.99673326444608,0.0,0.8886255936564044,5.723737798387334e-06,0.8886255936564044,5.723737798387334e-06,1.237627784356321e-06,5.723737798387334e-06,0.01951520799775608,0.20008912502089515,0.11097229199367575,0.16099515625683125
endpoints,10.0,0.0888858741621725,0.0,3.5999999999999996,2.0,0.0,0.0,74613,0 3 5 10 13 14 18 23,0 3 5 10 13 14 18 23,9.996784345894635,9.996784345894635,9.996784345894635,9.996784345894635,0.0,9.996784345894635,0.0,0.0,0.0,9.996784345894635,9.996715390149893,6.89557447426381e-05,1,0.0,1.0,0,0,0,1,9.996784345894635,9.996784345894635,0.0,0.8885867454022874,1.3834455403163844e-06,0.8885867454022874,1.3834455403163844e-06,2.421615578754248e-07,1.3834455403163844e-06,0.015291416988475248,0.19301637500757352,0.11290800001006573,0.1611623437347589
endpoints,10.0,0.0888858741621725,0.0,4.799999999999999,2.0,0.0,0.0,74613,0 6 10 11 13 14 19 23,0 6 10 11 13 14 19 23,9.997445498507954,9.997445498507954,9.997445498507954,9.997445498507954,0.0,9.997445498507954,0.0,0.0,0.0,9.997445498507954,9.997064303192943,0.00038119531501124015,1,0.0,1.0,0,0,0,1,9.997445498507954,9.997445498507954,0.0,0.8886425654047251,1.0885661913176898e-06,0.8886425654047251,1.0885661913176898e-06,4.4179150820180947e-07,1.0885661913176898e-06,0.0192036249791272,0.18774404199211858,0.1101057089981623,0.1570422605072963
endpoints,10.0,0.0888858741621725,0.0,6.0,2.0,0.0,0.0,74613,0 4 10 12 13 14 16 23,0 4 10 12 13 14 16 23,9.997491833538877,9.997491833538877,9.997491833538877,9.997491833538877,0.0,9.997491833538877,0.0,0.0,0.0,9.997491833538877,9.997439546223175,5.22873157020598e-05,1,0.0,1.0,0,0,0,1,9.997491833538877,9.997491833538877,0.0,0.8886459907116244,1.019221471759294e-06,0.8886459907116244,1.019221471759294e-06,3.7777445345168574e-08,1.019221471759294e-06,0.014353291015140712,0.27821133300312795,0.10580962497624569,0.1753628332298831
endpoints,10.0,0.0888858741621725,0.0,-6.0,4.0,0.0,0.0,74613,0 7 12 14 17 18 19 23,0 7 12 14 17 18 19 23,9.997168046651236,9.997168046651236,9.997168046651236,9.997168046651236,0.0,9.997168046651236,0.0,0.0,0.0,9.997168046651236,9.99713860607638,2.9440574856209878e-05,1,0.0,1.0,0,0,0,1,9.997168046651236,9.997168046651236,0.0,0.8886130158825728,5.996608050479383e-07,0.8886130158825728,5.996608050479383e-07,1.5368999941105823e-07,5.996608050479383e-07,0.020026082987897098,0.21514454198768362,0.11759924999205396,0.1713863024924649
endpoints,10.0,0.0888858741621725,0.0,-4.8,4.0,0.0,0.0,74613,0 9 10 11 17 18 22 23,0 9 10 11 17 18 22 23,9.99677815152939,9.99677815152939,9.99677815152939,9.99677815152939,0.0,9.99677815152939,0.0,0.0,0.0,9.99677815152939,9.996266133722383,0.0005120178070079362,1,0.0,1.0,0,0,0,1,9.99677815152939,9.99677815152939,0.0,0.8885892875266184,1.692817662349558e-06,0.8885892875266184,1.692817662349558e-06,3.5448965214192577e-07,1.692817662349558e-06,0.01892633398529142,0.21397166699171066,0.11803191597573459,0.17152512472239323
endpoints,10.0,0.0888858741621725,0.0,-3.6,4.0,0.0,0.0,74613,0 4 8 9 11 12 15 23,0 4 8 9 11 12 15 23,9.99746863185295,9.99746863185295,9.99746863185295,9.99746863185295,0.0,9.99746863185295,0.0,0.0,0.0,9.99746863185295,9.997295620684207,0.00017301116874257616,1,0.0,1.0,0,0,0,1,9.99746863185295,9.99746863185295,0.0,0.8886390040913873,5.266673428055564e-07,0.8886390040913873,5.266673428055564e-07,4.2704969675584007e-07,5.266673428055564e-07,0.016506957996170968,0.18716012500226498,0.11216433401568793,0.1589548652409576
endpoints,10.0,0.0888858741621725,0.0,-2.4000000000000004,4.0,0.0,0.0,74613,0 7 8 11 12 14 19 23,0 7 8 11 12 14 19 23,9.997491949152618,9.997491949152618,9.997491949152618,9.997491949152618,0.0,9.997491949152618,0.0,0.0,0.0,9.997491949152618,9.996856437582883,0.0006355115697349589,1,0.0,1.0,0,0,0,1,9.997491949152618,9.997491949152618,0.0,0.888642605130843,6.795505478010197e-07,0.888642605130843,6.795505478010197e-07,5.762373454629538e-08,6.795505478010197e-07,0.019010374991921708,0.18142854201141745,0.11739216698333621,0.16274988549412228
endpoints,10.0,0.0888858741621725,0.0,-1.2000000000000002,4.0,0.0,0.0,74613,0 7 9 13 16 19 22 23,0 7 9 13 16 19 22 23,9.996507058501386,9.996507058501386,9.996507058501386,9.996507058501386,0.0,9.996507058501386,0.0,0.0,0.0,9.996507058501386,9.995546967353178,0.0009600911482081642,1,0.0,1.0,0,0,0,1,9.996507058501386,9.996507058501386,0.0,0.8885721469945638,2.3886874885990895e-06,0.8885721469945638,2.3886874885990895e-06,9.767327171912252e-07,2.3886874885990895e-06,0.015183707990217954,0.2138063340098597,0.11352499999338761,0.1669772085006116
endpoints,10.0,0.0888858741621725,0.0,0.0,4.0,0.0,0.0,74613,0 1 10 11 12 13 14 23,0 1 10 11 12 13 14 23,2.204595719580204,2.204595719580204,2.204595719580204,2.204595719580204,0.0,2.204595719580204,0.0,0.0,0.0,2.204595719580204,2.204153081883527,0.0004426376966772949,1,0.0,1.0,0,0,0,1,2.204595719580204,2.204595719580204,0.0,0.8886162561116422,0.31418859805028876,0.8886162561116422,0.31418859805028876,0.3141885980502886,0.31418859805028876,0.022333875007461756,0.19489433299168013,0.1228407500020694,0.17156487525062403
endpoints,10.0,0.0888858741621725,0.0,1.1999999999999993,4.0,0.0,0.0,74613,0 6 8 12 15 16 21 23,0 6 8 12 15 16 21 23,9.996876551855701,9.996876551855701,9.996876551855701,9.996876551855701,0.0,9.996876551855701,0.0,0.0,0.0,9.996876551855701,9.996856985451542,1.9566404159121475e-05,1,0.0,1.0,0,0,0,1,9.996876551855701,9.996876551855701,0.0,0.8886000023128217,1.8897012186622678e-06,0.8886000023128217,1.8897012186622678e-06,9.320182882981032e-07,1.8897012186622678e-06,0.01600445801159367,0.18777495800168253,0.10703541699331254,0.15397936449880945
endpoints,10.0,0.0888858741621725,0.0,2.4000000000000004,4.0,0.0,0.0,74613,0 9 11 12 13 18 21 23,0 9 11 12 13 18 21 23,9.99719550864154,9.99719550864154,9.99719550864154,9.99719550864154,0.0,9.99719550864154,0.0,0.0,0.0,9.99719550864154,9.996977812493748,0.00021769614779110213,1,0.0,1.0,0,0,0,1,9.99719550864154,9.99719550864154,0.0,0.8886209475394671,1.1488805744758588e-06,0.8886209475394671,1.1488805744758588e-06,1.0836676500230787e-07,1.1488805744758588e-06,0.019905124994693324,0.20945799999753945,0.12267358400276862,0.1750383340040571
endpoints,10.0,0.0888858741621725,0.0,3.5999999999999996,4.0,0.0,0.0,74613,0 5 8 9 11 12 14 23,0 5 8 9 11 12 14 23,9.9976336508845,9.9976336508845,9.9976336508845,9.9976336508845,0.0,9.9976336508845,0.0,0.0,0.0,9.9976336508845,9.997469429267085,0.0001642216174158051,1,0.0,1.0,0,0,0,1,9.9976336508845,9.9976336508845,0.0,0.8886528468834047,4.441322355749937e-07,0.8886528468834047,4.441322355749937e-07,5.0262221277810744e-08,4.441322355749937e-07,0.017203249997692183,0.20002354198368266,0.11419975000899285,0.16420680251030717
endpoints,10.0,0.0888858741621725,0.0,4.799999999999999,4.0,0.0,0.0,74613,0 5 7 9 10 12 16 23,0 5 7 9 10 12 16 23,9.996806268180906,9.996806268180906,9.996806268180906,9.996806268180906,0.0,9.996806268180906,0.0,0.0,0.0,9.996806268180906,9.99641530782959,0.0003909603513161386,1,0.0,1.0,0,0,0,1,9.996806268180906,9.996806268180906,0.0,0.8886364322408031,6.158793319202818e-06,0.8886364322408031,6.158793319202818e-06,2.2841216125585106e-07,6.158793319202818e-06,0.019022917025722563,0.19966800001566298,0.11091045901412144,0.1608281670269207
endpoints,10.0,0.0888858741621725,0.0,6.0,4.0,0.0,0.0,74613,0 7 10 11 16 19 20 23,0 7 10 11 16 19 20 23,9.99660960380452,9.99660960380452,9.99660960380452,9.99660960380452,0.0,9.99660960380452,0.0,0.0,0.0,9.99660960380452,9.996606731760817,2.872043703305849e-06,1,0.0,1.0,0,0,0,1,9.99660960380452,9.99660960380452,0.0,0.8885996066864648,4.223771458970803e-06,0.8885996066864648,4.223771458970803e-06,2.8116932811286224e-07,4.223771458970803e-06,0.01831791698350571,0.19845787499798462,0.11177191699971445,0.16138676075206604
endpoints,10.0,0.0888858741621725,0.01,0.0,0.0,0.0,0.0,74613,0 10 11 12 13 14 15 23,0 1 2 3 4 5 6 23,0.9017850679084773,0.9083829327767352,0.9016423089307566,0.9083951561881322,-0.007276666145372812,0.9017850679084773,-0.007276666145372812,0.0,0.0,0.908398119494017,0.908398119494017,-0.006613051585539709,0,0.0073332901828564445,1.0073164494545916,74613,74613,0,1,0.9090756246745615,0.9090477069995604,3.0709958823371686e-05,0.8814326206187437,0.8814326206187437,0.8813031621836805,0.8813031621836805,0.8883297724483357,0.8884000060407222,1.8504161669989116,0.23499183298554271,2.1924242500099353,2.251173250260763
endpoints,10.0,0.0888858741621725,0.01,-6.0,1.0,0.0,0.0,74613,0 7 9 12 13 16 17 23,0 2 3 15 17 19 22 23,9.719088078401047,9.71913434687234,9.604393555377314,9.604435134279536,0.011937499969394194,9.70007877652012,0.009958278743454674,0.001959705928052946,0.001959705928052946,9.719134346872343,9.715388293513593,0.0036997848874538164,1,4.760577424933743e-06,1.0000047605774245,15,15,0,1,9.99706276102965,9.995028066346494,0.0002035292497198915,0.8813972804791237,0.002883945525952291,0.8811892663515044,0.0017795323341452507,0.001779532334145252,0.001779828868236355,0.14741645799949765,0.18323366600088775,0.5367464580049273,0.5825558744836599
endpoints,10.0,0.0888858741621725,0.01,-4.8,1.0,0.0,0.0,74613,0 6 9 13 14 15 17 23,0 6 8 12 13 16 19 23,9.651171787900969,9.651232341901615,9.61449480106818,9.614546346297473,0.0038093780282830725,9.62766151189542,0.001364096144067961,0.0024419508285060676,0.0024419508285060676,9.652026394727026,9.652026394727026,-0.0008546068260564255,0,8.85495403912806e-05,1.0000062742640974,15,15,0,1,9.997613989550585,9.99685691600327,7.572542289646655e-05,0.8813917153344606,0.002786856259880264,0.8813692873001321,0.002436068578092401,0.002436068578092403,0.0024365064758155924,0.08880949998274446,0.21079162499518134,0.4485814170038793,0.5012801982593373
endpoints,10.0,0.0888858741621725,0.01,-3.6,1.0,0.0,0.0,74613,0 3 5 8 10 15 16 23,0 4 5 7 8 16 18 23,9.553140660660091,9.55324133176268,9.520251054001166,9.525056961886289,0.002948402186588206,9.539878471979266,0.0015560547461588303,0.001390184237648251,0.001390184237648251,9.553241331762676,9.539971569746408,0.013169090913683235,1,1.0538011127492197e-05,1.000010538011128,2,2,0,1,9.99682800167771,9.9944628084605,0.000236594369415144,0.8818199128006236,0.003693090596689452,0.8813584549327164,0.0033716564837214754,0.0033716564837214767,0.0033724658513185697,0.10453416701056994,0.20725829098955728,0.47178483300376683,0.5236001977536944
endpoints,10.0,0.0888858741621725,0.01,-2.4000000000000004,1.0,0.0,0.0,74613,0 6 7 10 11 12 15 23,0 3 7 9 10 18 20 23,9.476721189731645,9.48197654512458,9.442477855153754,9.442571773310881,0.0036165376595056475,9.442477855153754,-9.94624763062113e-06,0.003626519977401932,0.003626519977401932,9.481976545124576,9.47968161847468,-0.0029604287430355924,0,0.000554554184692746,1.000554554184693,12,12,0,1,9.997370903484851,9.996553295403388,8.178230950484089e-05,0.8814378733591699,0.004461350992157289,0.8818015460842222,0.0041117768958893255,0.004108497035202112,0.0041126184873240094,0.09975200000917539,0.18095708300825208,0.5098508330120239,0.5550907707656734
endpoints,10.0,0.0888858741621725,0.01,-1.2000000000000002,1.0,0.0,0.0,74613,0 11 13 14 15 17 21 23,0 6 7 13 20 21 22 23,9.404977263796756,9.405088368441092,9.30848284507733,9.308551903708024,0.010358792762418911,9.404977263796756,0.010358792762418911,0.0,0.0,9.405088368441092,9.39575801503449,0.009219248762265764,1,1.1813387871040248e-05,1.000011813387871,1,1,0,1,9.997037797666216,9.993159990707401,0.00038789559840624044,0.8813147612285973,0.005792091900145857,0.8811964111211016,0.004807707078166373,0.004807707078166376,0.0048086576546553595,0.1509307499800343,0.19487804200616665,0.5573548749962356,0.6060750524993637
endpoints,10.0,0.0888858741621725,0.01,0.0,1.0,0.0,0.0,74613,0 1 10 11 12 13 14 23,0 1 2 3 4 5 6 23,0.9919093976881842,0.997753068326657,0.9918176288290295,0.9967593967770061,-0.0048657671093989,0.9919093976881842,-0.0048657671093989,0.0,0.0,0.9981873349369796,0.9981873349369796,-0.00627793724879544,0,0.006329143834534978,1.0058913350877534,74613,74613,0,1,1.000214213978653,0.9999888222254053,0.0002253434815239208,0.8818629826961847,0.7958441675586924,0.8813033085668663,0.7944021221803595,0.799469253723146,0.7996043608318594,2.4396905419998802,0.20669616700615734,2.8555221669957973,2.907197208754951
endpoints,10.0,0.0888858741621725,0.01,1.1999999999999993,1.0,0.0,0.0,74613,0 2 10 11 12 13 21 23,0 3 6 13 14 17 20 23,9.72073632038372,9.720813050521429,9.680894587733503,9.680960995091583,0.004108613319721455,9.71080089613473,0.003082328402962853,0.0010231312901229916,0.0010231312901229916,9.720813050521429,9.713579014659684,0.007157305724035723,1,7.893449135876196e-06,1.0000078934491359,3,3,0,1,9.996500734245764,9.994736726640316,0.00017646250946645736,0.8813373778780751,0.0021523376770166648,0.8813087068176905,0.0017761622577560448,0.0017761622577560459,0.0017767423792949774,0.10995233300491236,0.22833049998735078,0.5147726249997504,0.5718562499750988
endpoints,10.0,0.0888858741621725,0.01,2.4000000000000004,1.0,0.0,0.0,74613,0 5 6 10 11 15 21 23,0 7 8 15 16 17 18 23,9.833340031474453,9.834527505616792,9.816061433074186,9.816122887950549,0.0017539657684031429,9.817706774343973,0.00016135559950747336,0.0015923532337849267,0.0015923532337849267,9.835443828496988,9.835443828496988,-0.0021037970225350477,0,0.00021394531418628127,1.0001207600000142,27,27,0,1,9.99687400128537,9.99674514123738,1.2890034222112767e-05,0.8813467111112014,0.0008997490590963547,0.8813409918448757,0.0007311401114177203,0.0007386394215859638,0.0007418728518458372,0.0735353330092039,0.2531157500052359,0.4022143330075778,0.4654937285158667
endpoints,10.0,0.0888858741621725,0.01,3.5999999999999996,1.0,0.0,0.0,74613,0 5 11 14 16 17 20 23,0 1 6 9 13 16 20 23,9.877940906269242,9.877978418376554,9.873834887168481,9.873870990659784,0.00041219047861851266,9.873834887168481,-3.6564677963202286e-06,0.0004158484669514184,0.0004158484669514184,9.877978418376554,9.874528325107905,0.003412581161336803,1,3.7975634463727204e-06,1.0000037975634464,3,3,0,1,9.997063420886162,9.99631743788473,7.4620212959009e-05,0.8813134207803799,0.0003712592978515187,0.8813082517540721,0.0003336214093632005,0.00033362140936320066,0.0003338387962978872,0.11145070800557733,0.2026706250035204,0.49940249999053776,0.550070822253474
endpoints,10.0,0.0888858741621725,0.01,4.799999999999999,1.0,0.0,0.0,74613,0 10 11 14 15 17 18 23,0 3 4 5 6 7 8 23,9.89469253499677,9.894730640443209,9.890448884498014,9.890470015740206,0.0004269280681143961,9.891851041839818,0.00013963199902677914,0.00028725595896395006,0.00028725595896395006,9.894730640443205,9.894723921172943,-3.1386176173597846e-05,0,3.851099597218521e-06,1.0000038510995974,6,6,0,1,9.997515869115192,9.99615808040834,0.00013581260831463382,0.8813612093220082,0.00022629218779512413,0.8813913161357836,0.00019096361785058365,0.0001864241332872523,0.00019109147206460255,0.07759095801156946,0.19072487502126023,0.4738390000129584,0.5215209687739844
endpoints,10.0,0.0888858741621725,0.01,6.0,1.0,0.0,0.0,74613,0 4 5 9 11 16 17 23,0 4 5 9 11 16 17 23,9.901679565725933,9.901699057102283,9.901679565725933,9.901699057102283,-1.968488058112783e-06,9.901679565725933,-1.968488058112783e-06,0.0,0.0,9.901699057102283,9.901584496474792,9.50692511416662e-05,1,1.9684919330131834e-06,1.000001968491933,1,1,0,1,9.99699292725968,9.99699292725968,0.0,0.8813742255330712,0.0001265489028245914,0.8813742255330712,0.0001265489028245914,0.0001174937561145826,0.0001266107188427469,0.096772165998118,0.19344316702336073,0.42688408299,0.4752455417474266
endpoints,10.0,0.0888858741621725,0.01,-6.0,2.0,0.0,0.0,74613,0 4 8 12 13 14 17 23,0 1 5 7 9 12 13 23,9.735179115357258,9.740312858893631,9.673770099711897,9.673805212053788,0.0063443393740239,9.735179115357258,0.0063443393740239,0.0,0.0,9.740312858893631,9.738018957058989,-0.00283984170173035,0,0.0005273394023408429,1.0005273394023408,2,2,0,1,9.997189523076912,9.99591861678149,0.0001271263581118509,0.8813924240899098,0.002225369528332474,0.8818532839604198,0.0016505692494189613,0.0016505692494189622,0.0016507992418526155,0.09450670899241231,0.1948637500172481,0.4668505000008736,0.5155667295039166
endpoints,10.0,0.0888858741621725,0.01,-4.8,2.0,0.0,0.0,74613,0 6 10 11 12 13 20 23,0 2 6 8 13 18 21 23,9.674043105670872,9.674098524512793,9.581748088902598,9.581796638966985,0.00962726200311348,9.657002021939096,0.007848776780157163,0.0017646349967683772,0.0017646349967683772,9.674098524512797,9.670056130239383,0.0039869754314896255,1,5.7286122585598065e-06,1.0000057286122581,12,12,0,1,9.996974245101317,9.99242048544373,0.0004555137930677411,0.8813837064466573,0.0030993494505130873,0.8812848739736913,0.0022114897669461026,0.0022114897669461005,0.0022118019062614823,0.09573508298490196,0.1972636670107022,0.4427235840121284,0.4920405837765429
endpoints,10.0,0.0888858741621725,0.01,-3.6,2.0,0.0,0.0,74613,0 1 10 13 19 20 22 23,0 1 6 7 8 9 22 23,9.482583890327692,9.482622529221908,9.43837502673497,9.438446108438075,0.004676382254294786,9.471630703787676,0.0035158960456354027,0.0011564203549063734,0.0011564203549063734,9.482622529221905,9.481432732516838,0.0011511578108542864,1,4.074722107283435e-06,1.0000040747221077,11,11,0,1,9.993971139401555,9.979465177960847,0.0014514712158331111,0.8811855507571378,0.004475420762142236,0.8813052552212818,0.004053104744287963,0.004053104744287963,0.004053344531694671,0.11920608300715685,0.19453820801572874,0.4697657080250792,0.5184010100056184
endpoints,10.0,0.0888858741621725,0.01,-2.4000000000000004,2.0,0.0,0.0,74613,0 6 8 9 10 17 19 23,0 1 3 8 14 17 20 23,9.583968481734937,9.584059126426705,9.465428471494455,9.465505004998485,0.012515283302253266,9.529075003323959,0.006715964789190121,0.005760630322652505,0.005760630322652505,9.584059126426705,9.575904230157747,0.008064251577190262,1,9.457949693869594e-06,1.0000094579496939,16,16,0,1,9.996674518815363,9.995792487085088,8.823251458411896e-05,0.8813706503712888,0.0042280854105983074,0.8812710795302932,0.003065883220073942,0.003065883220073942,0.003066559062422848,0.09810070801177062,0.2347385830071289,0.4765048749977723,0.5351899787274306
endpoints,10.0,0.0888858741621725,0.01,-1.2000000000000002,2.0,0.0,0.0,74613,0 8 10 11 15 16 17 23,0 1 8 12 15 20 21 23,9.571882444153035,9.5768164049391,9.511052894989925,9.511117913738216,0.006388789516219573,9.540521020114776,0.003091445889245925,0.0032871814832897694,0.0032871814832897694,9.5768164049391,9.54565909142465,0.026223352728385052,1,0.0005154639972704267,1.0005154639972704,2,2,0,1,9.997658066490505,9.995838130204554,0.00018203626027690767,0.8813914904561633,0.0037837256104313343,0.8816904232401775,0.003179211557280046,0.0031792115572800484,0.0031796989383515426,0.13357104200986214,0.2865298749820795,0.49436429201159626,0.5659971777567989
endpoints,10.0,0.0888858741621725,0.01,0.0,2.0,0.0,0.0,74613,0 1 10 11 12 13 14 23,0 4 5 6 7 8 9 23,1.251802227511404,1.2557527490708997,1.2517314306041354,1.2535248030444859,-0.0013741854400473041,1.251802227511404,-0.0013741854400473041,0.0,0.0,1.257394016311628,1.257394016311628,-0.005591788800223929,0,0.004466990613477773,1.0031558671750804,74613,74613,0,1,1.265525897563779,1.263945673204797,0.0012486701078375795,0.8818629826961847,0.6146207342067793,0.8818627728197771,0.6133724115331965,0.6137101665914906,0.6152351290063189,2.3101651660108473,0.18974762500147335,2.708038000011584,2.755475656267663
endpoints,10.0,0.0888858741621725,0.01,1.1999999999999993,2.0,0.0,0.0,74613,0 7 8 10 15 16 17 23,0 2 6 12 15 17 22 23,9.759039383139998,9.759093439611929,9.725909554170727,9.725956519331886,0.0034015023347424567,9.74936248824619,0.0024065467358178605,0.0009925669401946724,0.0009925669401946724,9.759093439611927,9.75146259581497,0.007576787325026757,1,5.539118125064135e-06,1.0000055391181253,3,3,0,1,9.997187900070674,9.99479320564515,0.0002395368026949507,0.8813876117587434,0.0017363294233406754,0.8812660101007264,0.0014161621441598439,0.0014161621441598452,0.0014165089404938314,0.11214704200392589,0.19510262500261888,0.4796093750046566,0.5283856982568977
endpoints,10.0,0.0888858741621725,0.01,2.4000000000000004,2.0,0.0,0.0,74613,0 4 9 10 11 16 17 23,0 2 6 9 14 16 20 23,9.828349530626147,9.828386778304786,9.82551544657058,9.830660504760479,-0.0002350782160784881,9.82551544657058,-0.0005233685150053402,0.0002884412600008268,0.0002884412600008268,9.830660504760479,9.830660504760479,-0.0023109741343319,0,0.00023513349083992274,1.0000037898203074,3,3,0,1,9.99673326444608,9.994604081436856,0.00021298787842993772,0.8818475565355967,0.0008179210313003812,0.8813146859292683,0.0007844558531953703,0.0007844558531953703,0.0007846667738949436,0.11500525000155903,0.22007462501642294,0.5304946250107605,0.585513698264549
endpoints,10.0,0.0888858741621725,0.01,3.5999999999999996,2.0,0.0,0.0,74613,0 3 5 10 13 14 18 23,0 3 5 10 18 19 20 23,9.857970844844122,9.858005742681865,9.850800581237225,9.850830690355451,0.0007248276529268072,9.856125118649286,0.0005374600843579547,0.00018726692007420276,0.00018726692007420276,9.858005742681861,9.857819127307561,0.00015171753656062492,1,3.54006298941556e-06,1.0000035400629899,10,10,0,1,9.996784345894635,9.99609366830197,6.908997621313251e-05,0.8813635565851363,0.0005851140508361404,0.8812539799034073,0.0005088779719100031,0.0004989041098373815,0.0005090495845214501,0.09470645900000818,0.1754679580044467,0.4351403340115212,0.479008406495268
endpoints,10.0,0.0888858741621725,0.01,4.799999999999999,2.0,0.0,0.0,74613,0 6 10 11 13 14 19 23,0 2 8 9 10 12 15 23,9.89309133770971,9.893123259862254,9.890543214093237,9.89056460544774,0.000255468960849603,9.890543214093237,-2.1628041831922573e-06,0.0002576323222411858,0.0002576323222411858,9.893123259862254,9.892862158906656,0.00022917880305328708,1,3.226711596582277e-06,1.0000032267115966,11,11,0,1,9.997445498507954,9.996809812640178,6.35848295317265e-05,0.8813874755738741,0.00022809563975411458,0.8814109266690197,0.00020741857431079926,0.00020256824107115425,0.00020752036328594185,0.11423879099311307,0.19301441599964164,0.4883418750250712,0.5365960210256162
endpoints,10.0,0.0888858741621725,0.01,6.0,2.0,0.0,0.0,74613,0 4 10 12 13 14 16 23,0 4 10 12 13 14 16 23,9.903183138074764,9.903812488248237,9.903183138074764,9.903812488248237,-6.354625294235916e-05,9.903183138074764,-6.354625294235916e-05,0.0,0.0,9.903812488248237,9.90285094571904,0.0003321923557244588,1,6.355029132532053e-05,1.0000635502913253,1,1,0,1,9.997491833538877,9.997491833538877,0.0,0.8814033361702889,0.00011049336963943256,0.8814033361702889,0.00011049336963943256,0.00011420415749276802,0.00011607807711514925,0.10545629099942744,0.19593991700094193,0.4597507080179639,0.5087361042678822
endpoints,10.0,0.0888858741621725,0.01,-6.0,4.0,0.0,0.0,74613,0 7 12 14 17 18 19 23,0 8 11 14 16 19 22 23,9.78147361100349,9.785821032665922,9.750317963590694,9.750346986024523,0.0031923607460926373,9.751966450541108,0.00016609301380832164,0.003025765173827466,0.003025765173827466,9.785821032665922,9.776338916020057,0.005134694983432553,1,0.0004444546737356614,1.0004444546737357,32,32,0,1,9.997168046651236,9.996845029719218,3.231084348198632e-05,0.8813146922588145,0.001502159568527587,0.8812744374187013,0.0011703852438528612,0.00121015917818505,0.001210303651340731,0.08436437498312443,0.24200720802764408,0.41657804101123475,0.47708084299665643
endpoints,10.0,0.0888858741621725,0.01,-4.8,4.0,0.0,0.0,74613,0 9 10 11 17 18 22 23,0 9 14 15 19 20 22 23,9.7331908846976,9.733232874761725,9.725258618903142,9.72528757682456,0.0008126554418681486,9.725291160405014,3.684806670900542e-07,0.00081228666188915,0.00081228666188915,9.734025596853558,9.734025596853558,-0.0008347121559584281,0,8.575935331456286e-05,1.0000043141108217,7,7,0,1,9.99677815152939,9.992605262152885,0.00041742342515294073,0.8812911711412199,0.001732646285628347,0.8812141037946409,0.0016507558695232638,0.0016507558695232646,0.0016509972822996491,0.08653045899700373,0.20023016701452434,0.46304408300784416,0.5131026667659171
endpoints,10.0,0.0888858741621725,0.01,-3.6,4.0,0.0,0.0,74613,0 4 8 9 11 12 15 23,0 4 8 9 11 12 15 23,9.739898418185701,9.744509055159998,9.739898418185701,9.744509055159998,-0.0004731523105163671,9.739898418185701,-0.0004731523105163671,0.0,0.0,9.744509055159998,9.737331639544102,0.0025667786415990435,1,0.0004733762896016458,1.0004733762896016,1,1,0,1,9.99746863185295,9.99746863185295,0.0,0.8814275398659316,0.001567891633159213,0.8814275398659316,0.001567891633159213,0.0016103873064105547,0.001610636274660663,0.08540512499166653,0.1926352079899516,0.3951177919807378,0.44327738598076394
endpoints,10.0,0.0888858741621725,0.01,-2.4000000000000004,4.0,0.0,0.0,74613,0 7 8 11 12 14 19 23,0 4 5 7 9 11 15 23,9.733461277335842,9.73349662712231,9.687040042094765,9.687073539541572,0.004788622446698643,9.709655334689865,0.0023311266355228177,0.002451780400579695,0.002451780400579695,9.73349662712231,9.724323295450718,0.00913798188512338,1,3.6317796374696343e-06,1.0000036317796375,5,5,0,1,9.997491949152618,9.996856437582883,6.356709992538789e-05,0.8813938060744076,0.0021007176580149635,0.8814128841846248,0.0016687248632768924,0.0016687248632768915,0.001668942180774703,0.06843541699345224,0.19411912499344908,0.43300737501704134,0.48153790624201065
endpoints,10.0,0.0888858741621725,0.01,-1.2000000000000002,4.0,0.0,0.0,74613,0 7 9 13 16 19 22 23,0 2 4 8 9 18 19 23,9.73552928368494,9.735557564214075,9.629049401409608,9.629087281199883,0.011054215147979551,9.73552928368494,0.011054215147979551,0.0,0.0,9.735557564214076,9.724697888944068,0.010831394740872469,1,2.904878441789549e-06,1.0000029048784416,1,1,0,1,9.996507058501386,9.99525407026962,0.00012534260461505298,0.8812783446069601,0.002636647014636658,0.8813054273992161,0.0016385176444883947,0.0016385176444883944,0.0016386520448623172,0.10280258298735134,0.20982795901363716,0.47264612501021475,0.5251038237620378
endpoints,10.0,0.0888858741621725,0.01,0.0,4.0,0.0,0.0,74613,0 1 10 11 12 13 14 23,0 1 10 11 12 13 14 23,2.1599067634773133,2.1610544531677798,2.1599067634773133,2.1610544531677798,-0.0005310785615717517,2.1599067634773133,-0.0005310785615717517,0.0,0.0,2.1641937368457564,2.1641937368457564,-0.004286973368443192,0,0.0019847955666112416,1.0005313607558777,47697,47697,0,1,2.204595719580204,2.204595719580204,0.0,0.8818629826961847,0.3191848162378342,0.8818629826961847,0.3191848162378342,0.3187514756418526,0.31918639237801427,1.4234662080125418,0.19316779100336134,1.8621974579873495,1.9104902387480251
endpoints,10.0,0.0888858741621725,0.01,1.1999999999999993,4.0,0.0,0.0,74613,0 6 8 12 15 16 21 23,0 3 4 7 9 12 14 23,9.811468757744391,9.811491085047306,9.7834093022138,9.783429158561692,0.002866029766072531,9.809581869734703,0.002673164056196553,0.0001923515226993633,0.0001923515226993633,9.816475904373762,9.816475904373762,-0.005007146629370851,0,0.0005103360926892453,1.0000022756330846,6,6,0,1,9.996876551855701,9.996711369175861,1.6523428991388478e-05,0.881329711818256,0.001198052192727841,0.8814009831184813,0.0009476664768986357,0.0009375356145849254,0.0009477635784268898,0.09688612501486205,0.1949556249892339,0.4470935839926824,0.4958331982488744
endpoints,10.0,0.0888858741621725,0.01,2.4000000000000004,4.0,0.0,0.0,74613,0 9 11 12 13 18 21 23,0 1 9 11 12 13 18 23,9.850248715176484,9.850273066105068,9.847251228175539,9.847271502306558,0.0003023388630269963,9.850248715176484,0.0003023388630269963,0.0,0.0,9.852181452154321,9.852181452154321,-0.001932736977837024,0,0.00019621199765840203,1.0000024721130691,3,3,0,1,9.99719550864154,9.996977812493748,2.1775721761430056e-05,0.8813318131830299,0.0006142287827491154,0.88136486881257,0.0005903122234982971,0.0005748120051404255,0.000590419966012724,0.12329304098966531,0.2169560000183992,0.4853003330063075,0.5395405409944942
endpoints,10.0,0.0888858741621725,0.01,3.5999999999999996,4.0,0.0,0.0,74613,0 5 8 9 11 12 14 23,0 5 8 9 11 12 14 23,9.885115333069491,9.885147328731387,9.885115333069491,9.885147328731387,-3.236741024870149e-06,9.885115333069491,-3.236741024870149e-06,0.0,0.0,9.88514732873139,9.883474868279611,0.0016404647898795588,1,3.2367515017117654e-06,1.0000032367515015,1,1,0,1,9.9976336508845,9.9976336508845,0.0,0.8814425237318009,0.0002825008169104927,0.8814425237318009,0.0002825008169104927,0.00028250081691049285,0.0002825939056012637,0.09997958299936727,0.19365120798465796,0.4560376669978723,0.5044513849788927
endpoints,10.0,0.0888858741621725,0.01,4.799999999999999,4.0,0.0,0.0,74613,0 5 7 9 10 12 16 23,0 3 5 8 10 11 20 23,9.892269625444486,9.89229033742787,9.887029325037286,9.887051159713002,0.0005278081044779448,9.887029325037286,-2.2084113212583745e-06,0.0005300176862963468,0.0005300176862963468,9.892290337427866,9.890928907452777,0.001340717991709539,1,2.0937544329413527e-06,1.0000020937544334,17,17,0,1,9.996806268180906,9.996380683208594,4.2572093616244366e-05,0.8814253982068797,0.0002635986147505525,0.881355329385532,0.00020929988977473529,0.00020929988977473558,0.00020936537900517868,0.10626454200246371,0.21267549999174662,0.4889086250041146,0.5420784170055413
endpoints,10.0,0.0888858741621725,0.01,6.0,4.0,0.0,0.0,74613,0 7 10 11 16 19 20 23,0 1 7 8 9 12 13 23,9.900466128479932,9.900480697119075,9.899320555362785,9.89933753312053,0.0001140071601384296,9.899320555362785,-1.7150397881859902e-06,0.00011572239839496845,0.00011572239839496845,9.900571618422715,9.900571618422715,-0.00010548994278281043,0,1.0655048097163444e-05,1.0000014715104273,6,6,0,1,9.99660960380452,9.99657250291929,3.7113468165372865e-06,0.8813139527019183,0.00014169457697575663,0.8814050210738149,0.00014061334265071923,0.0001308287274634653,0.00014065541154744738,0.09644058399135247,0.21048420897568576,0.43901962498784997,0.4916413442333578
endpoints,10.0,0.0888858741621725,0.03,0.0,0.0,0.0,0.0,74613,0 10 11 12 13 14 15 23,0 1 2 3 4 5 6 23,0.8451126104425232,0.9028371467553914,0.8436605717972658,0.90271269538729,-0.06380777099856205,0.8451126104425232,-0.06380777099856205,0.0,0.0,0.9028373056615202,0.9028352214039992,-0.05772261096147602,0,0.06830414610518099,1.0683039580756488,74613,74613,0,1,0.9090756246745615,0.9090477069995604,3.0709958823371686e-05,0.8247572215738785,0.8247572215738785,0.8259274644128205,0.8259274644128205,0.8883132083989573,0.8884029232412409,1.657722667005146,0.202641957992455,2.0819325000047684,2.132593573500344
endpoints,10.0,0.0888858741621725,0.03,-6.0,1.0,0.0,0.0,74613,0 7 9 12 13 16 17 23,0 8 9 15 17 19 20 23,7.953349809891307,7.953663425603126,7.348891028327882,7.349132602933879,0.08221612530385092,7.953243983984551,0.08220172552193472,1.3306005319124736e-05,1.3306005319124736e-05,7.978896393689638,7.978896393689638,-0.025546583798330857,0,0.0032120533371435833,1.0000394319021941,9,9,0,1,9.99706276102965,9.994563722222441,0.0002499773050290699,0.824747931385814,0.023337972643444106,0.8243138915828604,0.014753649850041118,0.014553198864526173,0.014756663006099086,0.12101929198252037,0.21991604199865833,0.505441957997391,0.5604220105014974
endpoints,10.0,0.0888858741621725,0.03,-4.8,1.0,0.0,0.0,74613,0 6 9 13 14 15 17 23,0 1 5 7 8 9 20 23,7.60066860692293,7.654277911361924,7.314300410786531,7.344052446438234,0.03494203811264329,7.573848080720831,0.03129003175815348,0.003541202030493684,0.003541202030493684,7.654277911361922,7.636694384725983,-0.036025777803052605,0,0.007053235341712316,1.0070532353417125,15,15,0,1,9.997613989550585,9.991869926159815,0.000574543425738705,0.8247427227664313,0.023414892857325075,0.8252583672161852,0.018930745089550886,0.019032459710354274,0.019690185780499702,0.13965399999869987,0.21774087499943562,0.5580242500000168,0.6124605937293381
endpoints,10.0,0.0888858741621725,0.03,-3.6,1.0,0.0,0.0,74613,0 3 5 8 10 15 16 23,0 1 4 5 7 10 12 23,7.075343875200524,7.120604764419637,6.850365828995554,6.904769136661494,0.024703901776143233,6.874630995713033,-0.004364829634699863,0.02919616770887834,0.02919616770887834,7.120604764419635,7.09911000465335,-0.023766129452826412,0,0.00639698790863763,1.0063969879086379,26,26,0,1,9.99682800167771,9.987510088644868,0.0009320869611117999,0.8290016456267282,0.03117630738493663,0.829454434416288,0.027600640938471824,0.027600640938471824,0.027795141117681856,0.14244045899249613,0.20230795798124745,0.5486265410145279,0.5992048225161852
endpoints,10.0,0.0888858741621725,0.03,-2.4000000000000004,1.0,0.0,0.0,74613,0 6 7 10 11 12 15 23,0 8 10 18 19 21 22 23,6.725562665761714,6.774848909265429,6.465843798259512,6.485655393554632,0.03699044393346873,6.557043625635291,0.011007096083397228,0.025700460412918957,0.025700460412918957,6.774848909265429,6.754801875249212,-0.02923920948749803,0,0.007328196309078994,1.007328196309079,81,81,0,1,9.997370903484851,9.987957822051888,0.0009415556873740849,0.8250976777633808,0.03833298464172775,0.8280757912552273,0.03334206071069722,0.03334206071069722,0.03362672122212706,0.149608250008896,0.2593449999985751,0.5512403330067173,0.6160775420066784
endpoints,10.0,0.0888858741621725,0.03,-1.2000000000000002,1.0,0.0,0.0,74613,0 11 13 14 15 17 21 23,0 1 6 7 20 21 22 23,6.47081876713161,6.471269412302356,5.925806748463034,5.926122522142862,0.09191444202402166,6.47081876713161,0.09191444202402166,0.0,0.0,6.471269412302356,6.469364458087447,0.0014543090441634376,1,6.964268154674436e-05,1.0000696426815467,1,1,0,1,9.997037797666216,9.989400630069046,0.0007639430551071857,0.8242644658750233,0.05020414005794738,0.8244476203943676,0.03851534619608246,0.038514903033235924,0.038522641055170274,0.20091987497289665,0.1896000420092605,0.5995313749881461,0.6469318444869714
endpoints,10.0,0.0888858741621725,0.03,0.0,1.0,0.0,0.0,74613,0 1 10 11 12 13 14 23,0 1 2 3 4 5 6 23,0.9295734015102632,0.9882082548556961,0.9284131666688848,0.9850241000994965,-0.05629374812619525,0.9295734015102632,-0.05629374812619525,0.0,0.0,0.9895328442185563,0.9895328442185563,-0.05995944270829301,0,0.06450210667697442,1.0630771634065366,74613,74613,0,1,1.000214213978653,0.9999888222254053,0.0002253434815239208,0.8291426033913503,0.7528626711857019,0.825927477063437,0.7468969408518994,0.7994690280698049,0.7996067240425258,2.6457550000050105,0.18813399999635294,3.0070751250023022,3.0541096659871982
endpoints,10.0,0.0888858741621725,0.03,1.1999999999999993,1.0,0.0,0.0,74613,0 2 10 11 12 13 21 23,0 3 6 9 10 17 20 23,7.914805326979375,7.915252135718409,7.702361361332054,7.702748968002588,0.02752995844180761,7.903724097345701,0.02609135130561424,0.0014020263735414762,0.0014020263735414762,7.915252135718408,7.914080659710507,0.0007246672688685507,1,5.6452271480322835e-05,1.0000564522714803,5,5,0,1,9.996500734245764,9.98667227954507,0.0009831895142090596,0.8248116083642467,0.01819428797092242,0.8248983999702533,0.015330439585789151,0.015311614405770795,0.015335372606174342,0.1519371250178665,0.256399165984476,0.5186875420040451,0.5827880415090476
endpoints,10.0,0.0888858741621725,0.03,2.4000000000000004,1.0,0.0,0.0,74613,0 5 6 10 11 15 21 23,0 1 2 3 11 15 19 23,8.701422377467345,8.7252630556175,8.528780980998473,8.52917186312102,0.020195455914203464,8.647712317170953,0.013898237244167388,0.006210898134266785,0.006210898134266785,8.725263055617496,8.69975161970447,0.0016707577628753967,1,0.0027398598891013037,1.0027398598891017,22,22,0,1,9.99687400128537,9.994322747227992,0.000255205182845164,0.8248478455653245,0.007823145048925183,0.8251810756030687,0.005687902048712124,0.005926591559511351,0.005946114742377093,0.09756245798780583,0.21665854199090973,0.44824987501488067,0.502415385490167
endpoints,10.0,0.0888858741621725,0.03,3.5999999999999996,1.0,0.0,0.0,74613,0 5 11 14 16 17 20 23,0 1 6 9 13 16 20 23,8.983655937617751,8.983927108433887,8.945561800007683,8.945831151237016,0.004228202582999163,8.945561800007683,-3.010913405132598e-05,0.004258439934989422,0.004258439934989422,8.983927108433887,8.9686371379652,0.015018799652551706,1,3.0184906681496315e-05,1.0000301849066815,17,17,0,1,9.997063420886162,9.99631743788473,7.4620212959009e-05,0.82445438726651,0.003274862311431256,0.8248798373659268,0.0029314154718395684,0.0029314154718395684,0.0029333494858537106,0.14375912499963306,0.20008312500431202,0.5367595000134315,0.5867814482699032
endpoints,10.0,0.0888858741621725,0.03,4.799999999999999,1.0,0.0,0.0,74613,0 10 11 14 15 17 18 23,0 1 3 4 12 14 20 23,9.12567686210068,9.127903049709715,9.090067430778902,9.090239675338497,0.0038983776036536355,9.10771179550944,0.0019220747521480064,0.001972511536882049,0.001972511536882049,9.127903049709715,9.127087617874066,-0.0014107557733868958,0,0.00024394767014834784,1.0002439476701483,13,13,0,1,9.997515869115192,9.995584298936967,0.0001932050124764384,0.8244519095718871,0.0018105143839509165,0.8251207334969383,0.001509557187547935,0.0015294238577841387,0.0015305159744696208,0.09983799999463372,0.19410137500381097,0.46846987499156967,0.5169958437472815
endpoints,10.0,0.0888858741621725,0.03,6.0,1.0,0.0,0.0,74613,0 4 5 9 11 16 17 23,0 1 7 8 9 16 17 23,9.175487794830875,9.175638053786546,9.171614711202478,9.171749475371302,0.0004075906640943483,9.171614711202478,-1.4693398373455402e-05,0.00042229026734696973,0.00042229026734696973,9.175638053786543,9.175021419090312,0.00046637574056340725,1,1.6376127245365524e-05,1.0000163761272458,6,6,0,1,9.99699292725968,9.99658614216995,4.06907449760352e-05,0.8250133534430947,0.0010657054855800928,0.8250893231886639,0.0010358640703170842,0.0009879318899401622,0.0010365315224794007,0.08567154101911001,0.1919913329766132,0.49102483299793676,0.5390234162478009
endpoints,10.0,0.0888858741621725,0.03,-6.0,2.0,0.0,0.0,74613,0 4 8 12 13 14 17 23,0 1 3 4 5 12 17 23,8.063691083342096,8.063960529279962,7.657573014730175,7.6577900145859035,0.05300498812099397,8.033105895783777,0.04901099148488064,0.003807392552160005,0.003807392552160005,8.077455698340577,8.077455698340577,-0.013764614998480695,0,0.0017069868942418687,1.00003341471481,11,11,0,1,9.997189523076912,9.992471245849968,0.00047196036606611536,0.8248868857754044,0.018832786731405204,0.825436269682865,0.013475275385340097,0.013475275385340102,0.013477668737939657,0.13359408301766962,0.23261529099545442,0.5305651660019066,0.5887196137555293
endpoints,10.0,0.0888858741621725,0.03,-4.8,2.0,0.0,0.0,74613,0 6 10 11 12 13 20 23,0 6 7 10 11 17 22 23,7.700754505085453,7.70347126216102,7.230681461977079,7.230951333563811,0.06497114277909222,7.684337716943897,0.06270079308591225,0.0021363959714260083,0.0021363959714260083,7.750544574930672,7.750544574930672,-0.04979006984521828,0,0.006465609287029883,1.0003527910250578,16,16,0,1,9.996974245101317,9.996382687274906,5.917368714847271e-05,0.8247835204437326,0.025177059246789313,0.8247029453503228,0.018170142182201147,0.017899582110141758,0.01820695635464673,0.15028787500341423,0.20522645898745395,0.5294809159822762,0.5807880307329469
endpoints,10.0,0.0888858741621725,0.03,-3.6,2.0,0.0,0.0,74613,0 1 10 13 19 20 22 23,0 5 8 9 20 21 22 23,6.779001481324372,6.77929377669558,6.57238929807239,6.572685552119345,0.03138989802098502,6.712944299792574,0.021339640632587864,0.009840269572002791,0.009840269572002791,6.779293776695576,6.767090082467537,0.01191139885683512,1,4.311776181342708e-05,1.0000431177618139,21,21,0,1,9.993971139401555,9.930061625302354,0.006394806749765003,0.8242873429910966,0.036525167710248635,0.8243011112279385,0.03270512607763807,0.03270512607763807,0.03270920571320053,0.11922679198323749,0.19920704097603448,0.4862979580066167,0.5361003852522117
endpoints,10.0,0.0888858741621725,0.03,-2.4000000000000004,2.0,0.0,0.0,74613,0 6 8 9 10 17 19 23,0 1 3 8 14 17 20 23,7.1675571764139505,7.168012427767418,6.650500901081435,6.65084847074686,0.07769064472597531,7.107147616124939,0.06860765921597345,0.008499831937070157,0.008499831937070157,7.17363830731511,7.17363830731511,-0.0060811309011592485,0,0.0008484244703579336,1.000063515552407,3,3,0,1,9.996674518815363,9.995792487085088,8.823251458411896e-05,0.8248434300968241,0.03513490810716071,0.8248975546557327,0.026194500344468675,0.026065389298517233,0.02619998669265991,0.12252879200968891,0.22081379100563936,0.46317041700240225,0.5183747397313709
endpoints,10.0,0.0888858741621725,0.03,-1.2000000000000002,2.0,0.0,0.0,74613,0 8 10 11 15 16 17 23,0 1 8 12 15 20 21 23,7.119062905373039,7.165245327104107,6.802062222543228,6.802368299212931,0.04655652152747325,6.991062614941387,0.027739502983143094,0.018309132313889975,0.018309132313889975,7.165245327104109,7.151055194976721,-0.03199228960368217,0,0.006487148989260172,1.0064871489892597,22,22,0,1,9.997658066490505,9.995838130204554,0.00018203626027690767,0.824670827030791,0.0323470245513843,0.8284784132547359,0.02673869630729003,0.02673869630729003,0.026933226241177673,0.12324729200918227,0.20462641600170173,0.4821134579833597,0.5332709789872752
endpoints,10.0,0.0888858741621725,0.03,0.0,2.0,0.0,0.0,74613,0 1 10 11 12 13 14 23,0 1 2 3 4 5 6 23,1.1731164867197388,1.2341179267638416,1.1717117425627517,1.2221872637754303,-0.04014996597502429,1.1731164867197388,-0.04014996597502429,0.0,0.0,1.2392270284128224,1.2392270284128224,-0.06611054169308361,0,0.05635462670714109,1.0519994738243554,74613,74613,0,1,1.265525897563779,1.263061079473509,0.0019476630980171938,0.8291426033913503,0.5895229327092598,0.825927477063437,0.5803593082890868,0.6133376812741151,0.6151525534617226,2.231899542006431,0.2097855839820113,2.551439417002257,2.603886438002519
endpoints,10.0,0.0888858741621725,0.03,1.1999999999999993,2.0,0.0,0.0,74613,0 7 8 10 15 16 17 23,0 2 6 12 15 17 22 23,8.19515533939785,8.213661698404236,7.957683182111909,7.9579758844099056,0.029803992677659652,8.096374648624176,0.017391201760915243,0.012200607686856602,0.012200607686856602,8.213661698404236,8.155136308640646,0.04001903075720392,1,0.0022582072260932673,1.0022582072260933,8,8,0,1,9.997187900070674,9.99479320564515,0.0002395368026949507,0.824762942922288,0.014753915013117925,0.8246256256102543,0.01151095929524442,0.01173395701501596,0.01173667032822998,0.11717945800046436,0.20949133299291134,0.4560920000076294,0.5084664162422996
endpoints,10.0,0.0888858741621725,0.03,2.4000000000000004,2.0,0.0,0.0,74613,0 4 9 10 11 16 17 23,0 2 3 11 12 14 17 23,8.709578292548285,8.709941192269643,8.644132202369637,8.671723339719989,0.0043653321658574384,8.677182027182566,0.0006294812747973388,0.003733500722265859,0.003733500722265859,8.709941192269643,8.699103537512176,0.010474755036108618,1,4.166673852257219e-05,1.0000416667385226,8,8,0,1,9.99673326444608,9.9918308144667,0.0004904052003483761,0.8249088450969146,0.006240413056712773,0.8250663934107293,0.005841102197094168,0.005841102197094165,0.005843822048934847,0.12661970799672417,0.21330870798556134,0.5089813339873217,0.5623089689906919
endpoints,10.0,0.0888858741621725,0.03,3.5999999999999996,2.0,0.0,0.0,74613,0 3 5 10 13 14 18 23,0 1 3 4 19 20 22 23,8.857554317905116,8.857819145584633,8.795868087086545,8.796079665827726,0.006988869406926224,8.832301595939585,0.004117962943489317,0.0028591326610880596,0.0028591326610880596,8.857819145584633,8.856103961587808,0.0014503563173082767,1,2.9898510357728725e-05,1.0000298985103577,24,24,0,1,9.996784345894635,9.994289497528454,0.00024956508811813105,0.8249795958474889,0.004903589688693712,0.8246260368530622,0.004209957136676543,0.004209957136676541,0.004211748043598321,0.09826724999584258,0.1826607920229435,0.47286762497969903,0.5185334899870213
endpoints,10.0,0.0888858741621725,0.03,4.799999999999999,2.0,0.0,0.0,74613,0 6 10 11 13 14 19 23,0 2 4 7 8 10 19 23,9.110672797988373,9.110892787545193,9.084816933513578,9.085017902519255,0.0028238684551193938,9.096640941809357,0.0012793633886927225,0.0015425316079613616,0.0015425316079613616,9.116932197226966,9.116932197226966,-0.006259399238592422,0,0.0006870402853205171,1.0000241463568824,14,14,0,1,9.997445498507954,9.995778001461243,0.00016679231179206333,0.8247647707980299,0.001897080769520534,0.8252758796800003,0.0016953563411840923,0.0016756614864279758,0.0016965966991840627,0.12998108300962485,0.1866769999905955,0.49982524997903965,0.5464952089751023
endpoints,10.0,0.0888858741621725,0.03,6.0,2.0,0.0,0.0,74613,0 4 10 12 13 14 16 23,0 4 10 12 13 14 16 23,9.185416928466479,9.189610601142844,9.185416928466479,9.189610601142844,-0.00045634933387095344,9.185416928466479,-0.00045634933387095344,0.0,0.0,9.189610601142844,9.186224443445285,-0.0008075149788062674,0,0.0004565576836657037,1.0004565576836657,2,2,0,1,9.997491833538877,9.997491833538877,0.0,0.8248734855354134,0.0008756534299574672,0.8248734855354134,0.0008756534299574672,0.0009152928343651383,0.0009158929210625783,0.09517408299143426,0.21947104201535694,0.4468733340036124,0.5017421355223632
endpoints,10.0,0.0888858741621725,0.03,-6.0,4.0,0.0,0.0,74613,0 7 12 14 17 18 19 23,0 6 7 10 13 14 18 23,8.342941376323191,8.355014284634368,8.128762201669158,8.128966759244951,0.026322486413773216,8.263726870677113,0.016577766329146426,0.009585808786488625,0.009585808786488625,8.355014284634368,8.338492641180657,0.004448735142533522,1,0.0014470805638691076,1.001447080563869,29,29,0,1,9.997168046651236,9.996592466548856,5.757431501540733e-05,0.8243599116534794,0.012524297150921794,0.8248897803568886,0.009844032484897642,0.009844032484897642,0.009986073663757672,0.09198545801336877,0.20356245900620706,0.4386362920049578,0.48952790676412405
endpoints,10.0,0.0888858741621725,0.03,-4.8,4.0,0.0,0.0,74613,0 9 10 11 17 18 22 23,0 9 14 15 19 20 22 23,8.114827224782388,8.122163304732991,7.94985240190879,7.9505182401169625,0.02066644962039721,8.11091667406243,0.0201745885112401,0.00048213424907483926,0.00048213424907483926,8.131895536760627,8.131895536760627,-0.01706831197823888,0,0.002103348784323167,1.0009040340289932,4,4,0,1,9.99677815152939,9.992605262152885,0.00041742342515294073,0.824338062658098,0.014797689319089428,0.8239800167681387,0.012562469813869517,0.012427430460916558,0.01265312664797775,0.119340834004106,0.22107566701015458,0.46032562499749474,0.5155952917557443
endpoints,10.0,0.0888858741621725,0.03,-3.6,4.0,0.0,0.0,74613,0 4 8 9 11 12 15 23,0 4 8 9 11 15 17 23,8.042606316148902,8.082720360889992,8.02710999929576,8.079643744724109,-0.004584042285204926,8.042606316148902,-0.004584042285204926,0.0,0.0,8.082720360889992,8.079643744724105,-0.037037428575203535,0,0.00498769219382833,1.0049876921938283,2,2,0,1,9.99746863185295,9.996816200657422,6.525963916992339e-05,0.8251365002046791,0.013239482632609618,0.829075008511728,0.01368788460887054,0.013548191808323421,0.013690111549764818,0.11897491698618978,0.17929966701194644,0.4459197079995647,0.49074533276143484
endpoints,10.0,0.0888858741621725,0.03,-2.4000000000000004,4.0,0.0,0.0,74613,0 7 8 11 12 14 19 23,0 4 5 9 11 15 17 23,8.007789370379564,8.011718341465935,7.717001921426126,7.7172024947697935,0.037654431875632444,7.955470525542769,0.03087492273715231,0.006576461400845446,0.006576461400845446,8.032086167370348,8.032086167370348,-0.02429679699078413,0,0.003034145363595142,1.000490643660147,8,8,0,1,9.997491949152618,9.99636890529911,0.0001123325589277302,0.8248165383973958,0.017994376674371124,0.8250445397356969,0.01409384935925316,0.013866166582943968,0.014143477388464195,0.08613958299974911,0.1814116669993382,0.44754187497892417,0.4928955417344696
endpoints,10.0,0.0888858741621725,0.03,-1.2000000000000002,4.0,0.0,0.0,74613,0 7 9 13 16 19 22 23,0 2 4 8 9 18 19 23,8.047911454007156,8.086043577994523,7.378838771267263,7.379026481775621,0.09064677757743755,8.047911454007156,0.09064677757743755,0.0,0.0,8.086043577994522,8.067804455056184,-0.019893001049027248,0,0.004738139106684525,1.0047381391066847,3,3,0,1,9.996507058501386,9.99525407026962,0.00012534260461505298,0.8243536220868307,0.02282989540753717,0.8288882678912728,0.0136226344670688,0.013356862901495747,0.013623831976809699,0.07296345799113624,0.19085962499957532,0.42917437499272637,0.47689019824611023
endpoints,10.0,0.0888858741621725,0.03,0.0,4.0,0.0,0.0,74613,0 1 10 11 12 13 14 23,0 1 2 3 4 5 6 23,2.020232189490036,2.086704576265008,2.017974484010454,2.054879056355174,-0.01686078154234172,2.020232189490036,-0.01686078154234172,0.0,0.0,2.102192460921459,2.102192460921459,-0.0819602714314227,0,0.040569728498441426,1.0329033400817909,74613,74613,0,1,2.204595719580204,2.1835576851915617,0.009542808326167163,0.8291426033913503,0.3146135925470925,0.825927477063437,0.3069188250069665,0.31435536751045884,0.31993796847658784,2.3047758330067154,0.19268675000057556,2.6969992079830263,2.7451718534939573
endpoints,10.0,0.0888858741621725,0.03,1.1999999999999993,4.0,0.0,0.0,74613,0 6 8 12 15 16 21 23,0 1 5 10 13 15 21 23,8.574177749024258,8.578701440117328,8.332441746698617,8.33259370953852,0.028992657977454428,8.574177749024258,0.028992657977454428,0.0,0.0,8.578701440117328,8.567058323846986,0.007119425177272376,1,0.0005275947414997706,1.0005275947414998,1,1,0,1,9.996876551855701,9.991865948627701,0.00050121687529181,0.8245895652320396,0.01007365680453144,0.8248730709897367,0.0072677309898043505,0.007316165377089051,0.007317053142975791,0.13211366700124927,0.17385304099298082,0.47098508398630656,0.5144493442421663
endpoints,10.0,0.0888858741621725,0.03,2.4000000000000004,4.0,0.0,0.0,74613,0 9 11 12 13 18 21 23,0 2 6 8 11 14 22 23,8.829537477683894,8.833409778889004,8.752400592196214,8.752573725594003,0.008793270928393992,8.829537477683894,0.008793270928393992,0.0,0.0,8.83713628644671,8.83713628644671,-0.007598808762814713,0,0.0008606123233545482,1.0004385621800573,2,2,0,1,9.99719550864154,9.992188151879336,0.0005008761465027378,0.8244479859012656,0.005309046297673563,0.8249282542820919,0.004501421902546557,0.004540505130799372,0.004541506105814795,0.11393745799432509,0.19584254201618023,0.5234290410007816,0.5723903015095857
endpoints,10.0,0.0888858741621725,0.03,3.5999999999999996,4.0,0.0,0.0,74613,0 5 8 9 11 12 14 23,0 3 5 6 7 9 14 23,9.034234309320203,9.034429468440123,9.030065533003306,9.03027797546152,0.00043811872341414926,9.030065533003306,-2.3525572390048488e-05,0.0004616551565059801,0.0004616551565059801,9.034979301508328,9.034979301508328,-0.0007449921881246269,0,8.246323513616538e-05,1.0000216021760382,7,7,0,1,9.9976336508845,9.99626926988188,0.0001364703939216172,0.8251528794830297,0.0024903693737700085,0.8254721905013213,0.002483724038237888,0.002483724038237888,0.0024846431481124675,0.0791044170036912,0.1982556669972837,0.4433279170189053,0.4928925007698126
endpoints,10.0,0.0888858741621725,0.03,4.799999999999999,4.0,0.0,0.0,74613,0 5 7 9 10 12 16 23,0 3 5 8 12 13 20 23,9.112482471345917,9.112626295478004,9.087964558136573,9.088219112241422,0.0026697594770590527,9.087964558136573,-2.8009239401605157e-05,0.0026978442810268177,0.0026978442810268177,9.115222658850515,9.115222658850515,-0.002740187504597813,0,0.00030070702612761124,1.0000157831998622,36,36,0,1,9.996806268180906,9.9958431557157,9.634201557662259e-05,0.8251333984074682,0.00190566466594078,0.8250105310503558,0.0016490061565512294,0.0016490061565512294,0.0016496252654324823,0.12209708301816136,0.20425133299431764,0.46808633298496716,0.5191497492414783
endpoints,10.0,0.0888858741621725,0.03,6.0,4.0,0.0,0.0,74613,0 7 10 11 16 19 20 23,0 4 5 12 13 16 22 23,9.17632684250031,9.1764577486761,9.152995047610334,9.1531177632318,0.002535647401122887,9.166535975139356,0.00146597173276386,0.001068109849512222,0.001068109849512222,9.176457748676103,9.174161482876825,0.002165359623486296,1,1.4265640058352957e-05,1.000014265640058,6,6,0,1,9.99660960380452,9.996213199017673,3.965392293570069e-05,0.8244549848817114,0.0011878041415808373,0.8247043248721985,0.0009858767311588209,0.000985876731158821,0.0009863549995712626,0.10060333300498314,0.20075341701158322,0.4381660410144832,0.48835502024303423
endpoints,10.0,0.0888858741621725,0.05,0.0,0.0,0.0,0.0,74613,0 10 11 12 13 14 15 23,0 1 2 3 4 5 6 23,0.7389475703500715,0.8904102455524137,0.7352119125890203,0.8899439423797256,-0.16966953179757271,0.7389475703500715,-0.16966953179757271,0.0,0.0,0.8904109069508284,0.8904025752063033,-0.15145500485623176,0,0.20497169579839358,1.2049708007438034,74613,74613,0,1,0.9090756246745615,0.9090477069995604,3.0709958823371686e-05,0.7187559411466656,0.7187559411466656,0.7221924479877703,0.7221924479877703,0.888278380991337,0.8884058314011841,1.6371919579978567,0.18178149999585003,2.012844040989876,2.0582902079913765
endpoints,10.0,0.0888858741621725,0.05,-6.0,1.0,0.0,0.0,74613,0 7 9 12 13 16 17 23,0 2 3 14 15 17 22 23,5.67819564035946,5.7300235037514495,4.924291643456577,4.924732284272286,0.1529958000952556,5.672078412956854,0.151753655944163,0.0010784807538330998,0.0010784807538330998,5.797062942196826,5.797062942196826,-0.1188673018373656,0,0.020933991952035047,1.0091275233673893,130,130,0,1,9.99706276102965,9.994757305598087,0.0002306132797874616,0.7187927428002832,0.05706982480969498,0.7187274198830779,0.03654597082284835,0.035228030817470404,0.037686440702184174,0.16486816699034534,0.17398541700094938,0.5704633750137873,0.6139606452488806
endpoints,10.0,0.0888858741621725,0.05,-4.8,1.0,0.0,0.0,74613,0 6 9 13 14 15 17 23,0 5 7 8 9 18 20 23,5.130712165596976,5.18179390966228,4.73766180524206,4.884605522980156,0.05038413879257697,5.130712165596976,0.05038413879257697,0.0,0.0,5.352402965196773,5.352402965196773,-0.22169079959979676,0,0.04320858244325265,1.009956072844589,129,129,0,1,9.997613989550585,9.990869486131889,0.0006746113048319291,0.7307079473582982,0.060708180858361604,0.7192080885110405,0.04990931936529731,0.0462986925833341,0.0512853365431133,0.1338195000134874,0.18071275000693277,0.6378103749884758,0.6829891035013134
endpoints,10.0,0.0888858741621725,0.05,-3.6,1.0,0.0,0.0,74613,0 3 5 8 10 15 16 23,0 1 4 5 7 10 12 23,4.49594429393911,4.668063676063266,4.174708524958468,4.316925111645704,0.041469142425118566,4.469421050798759,0.03532512962563761,0.005934380054797295,0.005934380054797295,4.668063676063266,4.627285893763058,-0.13134159982394777,0,0.03828325505638186,1.0382832550563819,17,17,0,1,9.99682800167771,9.987510088644868,0.0009320869611117999,0.7425342617208869,0.08311948671790471,0.7210720623098794,0.06558332599192299,0.06702269074737016,0.07149135416203552,0.14898258302127942,0.23474733397597447,0.7184715000039432,0.7771590834745439
endpoints,10.0,0.0888858741621725,0.05,-2.4000000000000004,1.0,0.0,0.0,74613,0 6 7 10 11 12 15 23,0 8 10 18 19 21 22 23,4.070562392477693,4.2371963955601535,3.733529858625304,3.856136529068111,0.055606398215729325,4.032879315026076,0.04583416189381584,0.009343963582350234,0.009343963582350234,4.269087716990843,4.26152670682541,-0.19096431434771688,0,0.04877098183779749,1.0409363589145315,99,99,0,1,9.997370903484851,9.987957822051888,0.0009415556873740849,0.7339424586778758,0.101445161356231,0.7405078538580401,0.0858777630942841,0.08163203575359222,0.08726273116794873,0.09313758299686015,0.21538229202269576,0.5438041250163224,0.597651198033418
endpoints,10.0,0.0888858741621725,0.05,-1.2000000000000002,1.0,0.0,0.0,74613,0 11 13 14 15 17 21 23,0 6 7 13 20 21 22 23,3.8384134444647255,3.839504161834256,3.2605352370619323,3.2762327324599387,0.17159364364895935,3.8384134444647255,0.17159364364895935,0.0,0.0,3.839504161834256,3.8383740063878924,3.94380768331537e-05,1,0.0002841583860913044,1.0002841583860913,1,1,0,1,9.997037797666216,9.993159990707401,0.00038789559840624044,0.7176130085859952,0.13015015507839367,0.7176487783027597,0.09802596342258364,0.09802596342258364,0.09807257086779839,0.16703866701573133,0.21817087498493493,0.6077706660144031,0.6623138847644441
endpoints,10.0,0.0888858741621725,0.05,0.0,1.0,0.0,0.0,74613,0 1 10 11 12 13 14 23,0 1 2 3 4 5 6 23,0.8127984610659862,0.970357198540333,0.8097737031595045,0.9655392351731338,-0.15819219824843178,0.8127984610659862,-0.15819219824843178,0.0,0.0,0.9724088792960239,0.9724088792960239,-0.15961041823003774,0,0.19637145722533544,1.1938472389178842,74613,74613,0,1,1.000214213978653,0.9999888222254053,0.0002253434815239208,0.730486269604985,0.6676719569382894,0.7221924479877703,0.6553683541510029,0.7994554528606352,0.7996090799279183,2.6484425840026233,0.20633604199974798,3.0389200409990735,3.0905047604974243
endpoints,10.0,0.0888858741621725,0.05,1.1999999999999993,1.0,0.0,0.0,74613,0 2 10 11 12 13 21 23,0 1 2 3 14 20 21 23,5.554425364835924,5.5550947532877135,5.222451804278713,5.223059214870543,0.06344292421995723,5.531915278689607,0.059133172938135914,0.004069130673969745,0.004069130673969745,5.5550947532877135,5.533100727940763,0.021324636895161397,1,0.00012051443809601992,1.000120514438096,3,3,0,1,9.996500734245764,9.964922066787972,0.003158972154086892,0.7190719816948614,0.048786695133537464,0.7194696156853014,0.04062939922888754,0.04062939922888754,0.040640457291002074,0.15020549998735078,0.31084595900028944,0.5284401249955408,0.6061522807576694
endpoints,10.0,0.0888858741621725,0.05,2.4000000000000004,1.0,0.0,0.0,74613,0 5 6 10 11 15 21 23,0 1 2 3 11 15 19 23,6.876153593796729,6.915338770454143,6.526249509125888,6.527037263551651,0.053487718263019124,6.806443114419245,0.04280745452884971,0.010241836772249435,0.010241836772249435,6.91533877045414,6.896174392966208,-0.02002079916947963,0,0.005698705842283935,1.0056987058422844,20,20,0,1,9.99687400128537,9.994322747227992,0.000255205182845164,0.7191535114208897,0.021294822282873747,0.7201990697617596,0.015259286858545325,0.01573156253769667,0.015849177193472713,0.08524591699824668,0.22134433401515707,0.4408744160027709,0.4962112915090984
endpoints,10.0,0.0888858741621725,0.05,3.5999999999999996,1.0,0.0,0.0,74613,0 5 11 14 16 17 20 23,0 5 9 12 14 15 20 23,7.421770176849999,7.4224577945057995,7.337512183900382,7.338168501651503,0.011392716749374365,7.421770176849999,0.011392716749374365,0.0,0.0,7.436064421112551,7.436064421112551,-0.014294244262551992,0,0.0019259885339939498,1.0000926487400466,3,3,0,1,9.997063420886162,9.993202088651984,0.0003862466478017357,0.7181353122903052,0.008977143309923458,0.7186925571147423,0.007940888213859862,0.007940888213859862,0.007946752928816267,0.07729675000882708,0.17869583301944658,0.4514575409993995,0.496132249259972
endpoints,10.0,0.0888858741621725,0.05,4.799999999999999,1.0,0.0,0.0,74613,0 10 11 14 15 17 18 23,0 1 3 4 12 14 20 23,7.7393186025256515,7.742742247640291,7.656980958712261,7.658298890033709,0.010579335392273403,7.702969120775185,0.005832918169282664,0.0047188923102949865,0.0047188923102949865,7.745428643775104,7.745428643775104,-0.006110041249452358,0,0.000789480516729002,1.0004423703546101,21,21,0,1,9.997515869115192,9.995584298936967,0.0001932050124764384,0.7180453761086264,0.0048745531101385894,0.7200141225741216,0.004106259573592234,0.00414066203949581,0.004143746470214923,0.09637374998419546,0.1782822090026457,0.4654160419886466,0.5099878862456535
endpoints,10.0,0.0888858741621725,0.05,6.0,1.0,0.0,0.0,74613,0 4 5 9 11 16 17 23,0 1 7 8 11 12 14 23,7.8638584675285825,7.864262209428355,7.838887263428273,7.839263059568275,0.003137464296505188,7.838887263428273,-4.793768714561608e-05,0.003185554691775172,0.003185554691775172,7.864262209428352,7.856376244916764,0.007482222611818301,1,5.134145043905747e-05,1.0000513414504393,20,20,0,1,9.99699292725968,9.991273565782896,0.0005721081847710474,0.7195604570599865,0.0029034243461510947,0.7201718647233933,0.0026893868788428017,0.0025549713542104956,0.002691009140607942,0.06681095800013281,0.1921952919801697,0.4463318329944741,0.4943812809942756
endpoints,10.0,0.0888858741621725,0.05,-6.0,2.0,0.0,0.0,74613,0 4 8 12 13 14 17 23,0 1 3 4 5 12 17 23,5.853684389316438,5.941674134622685,5.2688652668484695,5.306941056851873,0.10302419540888952,5.853684389316438,0.10302419540888952,0.0,0.0,5.941674134622684,5.934926702398582,-0.0812423130821438,0,0.015031515103006932,1.0150315151030072,28,28,0,1,9.997189523076912,9.992471245849968,0.00047196036606611536,0.7191819213871283,0.046631350107462353,0.7208234312660495,0.03243067988203949,0.03243067988203949,0.034250090066797995,0.11067883297801018,0.21864050001022406,0.4641125419875607,0.518773166993924
endpoints,10.0,0.0888858741621725,0.05,-4.8,2.0,0.0,0.0,74613,0 6 10 11 12 13 20 23,0 1 2 5 13 17 22 23,5.369010552969668,5.380611176995996,4.74526787004497,4.76155616938791,0.1275747595895409,5.369010552969668,0.1275747595895409,0.0,0.0,5.486803738466092,5.486803738466092,-0.11779318549642426,0,0.02193945873905423,1.0021606632938935,39,39,0,1,9.996974245101317,9.991756517529236,0.0005219306806394375,0.7189136279293222,0.062097040320959064,0.7195701917835433,0.044848039721060454,0.042564560776117165,0.04513200178126807,0.14363491599215195,0.2045200830034446,0.6232430830132216,0.6743737707656692
endpoints,10.0,0.0888858741621725,0.05,-3.6,2.0,0.0,0.0,74613,0 1 10 13 19 20 22 23,0 5 8 9 20 21 22 23,4.215683825396704,4.216129483170297,3.991992405870302,3.992441817500233,0.05591615810603057,4.151472026723355,0.03983281823320217,0.015467236262225237,0.015467236262225237,4.216129483170297,4.211445316895293,0.004238508501411609,1,0.00010571423096483734,1.0001057142309648,23,23,0,1,9.993971139401555,9.930061625302354,0.006394806749765003,0.7179013873114726,0.09092924153085179,0.7179135030851964,0.08139198517562113,0.08139198517562113,0.08140417342343349,0.1040572079946287,0.1982889999926556,0.45839854201767594,0.5079713749946677
endpoints,10.0,0.0888858741621725,0.05,-2.4000000000000004,2.0,0.0,0.0,74613,0 6 8 9 10 17 19 23,0 1 3 8 14 17 20 23,4.577870788382592,4.620089832518165,4.010977527486268,4.04355671482554,0.1321396263833794,4.540907941973216,0.12299845463380232,0.008139968235804984,0.008139968235804984,4.638557809238258,4.638557809238258,-0.06068702085566624,0,0.013256604142186212,1.0092224193489063,24,24,0,1,9.996674518815363,9.995792487085088,8.823251458411896e-05,0.7191004853244258,0.08895273081840625,0.7194157730262577,0.0668287978692461,0.06608071105111504,0.06825841690596127,0.13950362501782365,0.22162050000042655,0.6239089170121588,0.6793146249910933
endpoints,10.0,0.0888858741621725,0.05,-1.2000000000000002,2.0,0.0,0.0,74613,0 8 10 11 15 16 17 23,0 3 6 8 19 20 21 23,4.478620884123181,4.583915682009286,4.1612696736704375,4.161683879226618,0.07615595371829653,4.461777011724791,0.07210858421902544,0.003775148859776589,0.003775148859776589,4.6187186541315635,4.6187186541315635,-0.1400977700083823,0,0.031281453294033534,1.0235105405459473,26,26,0,1,9.997658066490505,9.990834278825432,0.0006825386125121069,0.7185915278348999,0.08378258136896662,0.718451855215815,0.06784734369250087,0.06784734369250085,0.07152668226811923,0.13450283301062882,0.19435662499745376,0.536984709004173,0.5855747402601992
endpoints,10.0,0.0888858741621725,0.05,0.0,2.0,0.0,0.0,74613,0 1 10 11 12 13 14 23,0 1 2 3 4 5 6 23,1.0257478466493233,1.199374672559608,1.0219821656612793,1.1791962567774796,-0.13012966183212105,1.0257478466493233,-0.13012966183212105,0.0,0.0,1.2078299708462499,1.2078299708462499,-0.1820821241969266,0,0.1775115831748617,1.169268525863787,74613,74613,0,1,1.265525897563779,1.263061079473509,0.0019476630980171938,0.730486269604985,0.5305922368023804,0.7221924479877703,0.5132549451420453,0.6133498093072172,0.6151539478158405,2.4170458340086043,0.1982035000110045,2.7372492919967044,2.7868007500073873
endpoints,10.0,0.0888858741621725,0.05,1.1999999999999993,2.0,0.0,0.0,74613,0 7 8 10 15 16 17 23,0 2 6 12 15 17 22 23,5.945328320977387,5.9962135475555,5.5972528226809315,5.597767113091109,0.06208925824610678,5.85134498818031,0.04529982579950076,0.016061834157261812,0.016061834157261812,5.996213547555499,5.96997305734916,-0.02464473637177278,0,0.00855885896134101,1.0085588589613412,13,13,0,1,9.997187900070674,9.99479320564515,0.0002395368026949507,0.7188505872634113,0.03953150597182513,0.7186889967265206,0.03097126418466163,0.03152432094912265,0.03199261177909958,0.11270125000737607,0.17883858300046995,0.5083271249895915,0.5530373957444681
endpoints,10.0,0.0888858741621725,0.05,2.4000000000000004,2.0,0.0,0.0,74613,0 4 9 10 11 16 17 23,0 1 2 3 11 12 17 23,6.890917087019171,6.894975343784838,6.758656665600543,6.8105916498426,0.011794193706860634,6.767550046567964,-0.006319803841951188,0.018229202533015743,0.018229202533015743,6.894975343784838,6.890423007558964,0.0004940794602070753,1,0.0005889283987048355,1.0005889283987048,54,54,0,1,9.99673326444608,9.977982193851798,0.0018757198074866865,0.7192463429015704,0.016721153814345954,0.7205571666379244,0.015618802172520695,0.015618802172520695,0.01567686616040838,0.13356620899867266,0.19369654200272635,0.4847014169790782,0.5331270104943542
endpoints,10.0,0.0888858741621725,0.05,3.5999999999999996,2.0,0.0,0.0,74613,0 3 5 10 13 14 18 23,0 1 3 4 19 20 22 23,7.165980886928135,7.166577684155951,7.041298394194468,7.041814012829238,0.017632796588021415,7.136554227704304,0.013453950175688068,0.004123370787206593,0.004123370787206593,7.166577684155951,7.160798259122776,0.005182627805358386,1,8.328200105922612e-05,1.0000832820010592,10,10,0,1,9.996784345894635,9.994289497528454,0.00024956508811813105,0.7194864496225766,0.013287578347616751,0.7189111272628437,0.011428551906525593,0.011428551906525593,0.011433331780035492,0.08976166698266752,0.19103479199111462,0.4501318749971688,0.49789128100383095
endpoints,10.0,0.0888858741621725,0.05,4.799999999999999,2.0,0.0,0.0,74613,0 6 10 11 13 14 19 23,0 2 4 7 8 10 19 23,7.7085512977450215,7.712977951375324,7.64429449557109,7.644836196412971,0.008334397192440335,7.678121376658494,0.004353942895616303,0.003963198755757569,0.003963198755757569,7.722625564152648,7.722625564152648,-0.014074266407626546,0,0.0018257991500612025,1.0005742523412404,21,21,0,1,9.997445498507954,9.995778001461243,0.00016679231179206333,0.7188567354967427,0.00514579859414333,0.7203268561326277,0.004505661594024501,0.004505805182700059,0.004555967402492263,0.09067191599751823,0.20048345800023526,0.47869808299583383,0.5288194064924028
endpoints,10.0,0.0888858741621725,0.05,6.0,2.0,0.0,0.0,74613,0 4 10 12 13 14 16 23,0 4 5 6 7 8 9 23,7.876809980276405,7.890545293981088,7.872331074757501,7.878061123043333,-0.00015881353893898442,7.872331074757501,-0.0007273424509327553,0.0005689427281920789,0.0005689427281920789,7.890545293981088,7.878061123043329,-0.0012511427669243957,0,0.001743766034610017,1.00174376603461,5,5,0,1,9.997491833538877,9.995436238741002,0.0002056110504615738,0.7191255184288596,0.0023961693758519894,0.7211119558021855,0.0025034948782980005,0.002458053783004956,0.0026592667618700345,0.10459574998822063,0.2228379589796532,0.4874695419857744,0.5431797817363986
endpoints,10.0,0.0888858741621725,0.05,-6.0,4.0,0.0,0.0,74613,0 7 12 14 17 18 19 23,0 2 6 7 10 14 18 23,6.268373052440306,6.322737048525402,5.9093498110931,5.980975963618562,0.048051871562424076,6.268373052440306,0.048051871562424076,0.0,0.0,6.363807652868008,6.363807652868008,-0.09543460042770224,0,0.015224779959538193,1.0086727442081533,16,16,0,1,9.997168046651236,9.99429491315571,0.00028739473840189156,0.7178744170811027,0.031140426135275952,0.7198819764467641,0.024970193379756353,0.024125883725077697,0.02595320603703881,0.11178308300441131,0.23359770799288526,0.45860058299149387,0.5170003440143773
endpoints,10.0,0.0888858741621725,0.05,-4.8,4.0,0.0,0.0,74613,0 9 10 11 17 18 22 23,0 7 14 15 19 20 22 23,5.944620243952203,5.959708412439789,5.64052559194678,5.6914165558669785,0.044488693737275264,5.944620243952203,0.044488693737275264,0.0,0.0,6.029221786296712,6.029221786296712,-0.084601542344509,0,0.014231614278570337,1.0025381215062368,17,17,0,1,9.99677815152939,9.99468872137712,0.00020901035519638178,0.7178557727550761,0.03724366945998195,0.7171347407127875,0.031444633823067406,0.029990800273468145,0.031745997902439885,0.12554825001279823,0.20912433299236,0.5023766249942128,0.5546583332470618
endpoints,10.0,0.0888858741621725,0.05,-3.6,4.0,0.0,0.0,74613,0 4 8 9 11 12 15 23,0 4 8 9 15 17 21 23,5.73745304227318,5.805253303190694,5.710562947470176,5.87942779548931,-0.02414771609663313,5.73745304227318,-0.02414771609663313,0.0,0.0,5.894814641280763,5.894814641280763,-0.15736159900758295,0,0.027427082687762727,1.0118171356554846,143,143,0,1,9.99746863185295,9.98965104748516,0.0007819563787260231,0.7198053071767313,0.03354190830485008,0.7187353938713567,0.03492188345562582,0.03398848382683078,0.036378615643846056,0.08188791599241085,0.19184037498780526,0.432760416995734,0.48072126074839616
endpoints,10.0,0.0888858741621725,0.05,-2.4000000000000004,4.0,0.0,0.0,74613,0 7 8 11 12 14 19 23,0 2 4 5 9 11 17 23,5.651144449373883,5.724584358952518,5.317865325378526,5.320001257646335,0.062244946136357227,5.651144449373883,0.062244946136357227,0.0,0.0,5.78990461677803,5.78990461677803,-0.13876016740414698,0,0.0245543479992838,1.0129955817333196,28,28,0,1,9.997491949152618,9.990087555396064,0.0007406251282033871,0.718987041867673,0.04626203408959471,0.7204698553193041,0.03696952601069444,0.03552276743695125,0.03860027019179776,0.13487745900056325,0.1877245419891551,0.4671299580077175,0.5140617185097653
endpoints,10.0,0.0888858741621725,0.05,-1.2000000000000002,4.0,0.0,0.0,74613,0 7 9 13 16 19 22 23,0 2 4 8 9 18 19 23,5.764608968819808,5.872065431526486,4.833879341736233,4.83422713310413,0.19245720362300522,5.764608968819808,0.19245720362300522,0.0,0.0,5.872065431526482,5.8621398111924155,-0.09753084237260712,0,0.01864072017510554,1.0186407201751062,19,19,0,1,9.996507058501386,9.99525407026962,0.00012534260461505298,0.7179191576151085,0.059621661344154,0.7196421253979914,0.03366761809530654,0.034653298902820186,0.03594679800705729,0.08705829200334847,0.18031008300022222,0.4555094159732107,0.5005876867289771
endpoints,10.0,0.0888858741621725,0.05,0.0,4.0,0.0,0.0,74613,0 1 10 11 12 13 14 23,0 1 2 3 4 5 6 23,1.7664494820518013,1.9811953386331562,1.760104495160219,1.9209940588194976,-0.0804503148035075,1.7664494820518013,-0.0804503148035075,0.0,0.0,2.0080813052644007,2.0080813052644007,-0.24163182321259935,0,0.1367895463004889,1.1215692035143394,74613,74613,0,1,2.204595719580204,2.1835576851915617,0.009542808326167163,0.730486269604985,0.29137884672607867,0.7221924479877703,0.2756377212173811,0.3142841969535322,0.31993834565672313,2.3075999169959687,0.18828112501068972,2.689748500008136,2.736819740261126
endpoints,10.0,0.0888858741621725,0.05,1.1999999999999993,4.0,0.0,0.0,74613,0 6 8 12 15 16 21 23,0 1 5 10 13 15 21 23,6.655505521925752,6.669706238665653,6.206784599774152,6.207149040496758,0.07223227257857379,6.569160826376101,0.05832174860270012,0.01314394605821878,0.01314394605821878,6.6697062386656505,6.650315415851476,0.0051901060742762795,1,0.0021336796571072014,1.0021336796571076,17,17,0,1,9.996876551855701,9.991865948627701,0.00050121687529181,0.7184775537194591,0.026864134260689423,0.71931385837717,0.018962032872647156,0.019184033702690957,0.019186543330520403,0.15403345800586976,0.20634087498183362,0.5240489999996498,0.5756350107476464
endpoints,10.0,0.0888858741621725,0.05,2.4000000000000004,4.0,0.0,0.0,74613,0 9 11 12 13 18 21 23,0 2 6 8 11 14 22 23,7.144370526768091,7.14549153834342,6.95550999670897,6.955961414785438,0.027085991532697973,7.144370526768091,0.027085991532697973,0.0,0.0,7.14549153834342,7.138382365767854,0.00598816100023658,1,0.00015690837578063999,1.0001569083757806,1,1,0,1,9.99719550864154,9.992188151879336,0.0005008761465027378,0.7180859541201426,0.014347296826067172,0.7194430635538829,0.011799020598849843,0.011808507259994954,0.011811316297456527,0.12230575000285171,0.19142145800287835,0.5071705410082359,0.555026739508321
endpoints,10.0,0.0888858741621725,0.05,3.5999999999999996,4.0,0.0,0.0,74613,0 5 8 9 11 12 14 23,0 1 2 3 5 9 14 23,7.545222987113292,7.556152862181292,7.522491152263847,7.523024247978043,0.0029507733065217145,7.522491152263847,-7.086188966343165e-05,0.003021849330139048,0.003021849330139048,7.5561528621812935,7.555016566459479,-0.009793579346186299,0,0.0014485821143614963,1.0014485821143613,15,15,0,1,9.9976336508845,9.994739031928974,0.000289530408555283,0.7198216086647898,0.00679660471037077,0.7213614544966594,0.006580888839286752,0.00664652948881162,0.0067150405223266275,0.09814941699733026,0.20815204200334847,0.4571461659797933,0.5091850514872931
endpoints,10.0,0.0888858741621725,0.05,4.799999999999999,4.0,0.0,0.0,74613,0 5 7 9 10 12 16 23,0 3 5 6 11 14 18 23,7.718693655747584,7.727890218156762,7.664355114585222,7.666959618771276,0.006747660030665292,7.696091542643993,0.003799670967536084,0.002936830075155994,0.002936830075155994,7.730567615530966,7.730567615530966,-0.011873959783382126,0,0.0015383380029003746,1.0011914661754104,20,20,0,1,9.996806268180906,9.994089204045757,0.0002717932169794546,0.7197994871872077,0.004997428082552811,0.7198767830304446,0.00426720678339867,0.0043581140722784755,0.004375137579525955,0.1220187500002794,0.2053549580159597,0.4949371670081746,0.5462774894986069
endpoints,10.0,0.0888858741621725,0.05,6.0,4.0,0.0,0.0,74613,0 7 10 11 16 19 20 23,0 4 5 12 13 16 22 23,7.853515179499765,7.853888134784577,7.795359146509312,7.7957153546434075,0.007414306734779608,7.845586436734569,0.006397242564976091,0.0010105991220836774,0.0010105991220836774,7.853888134784574,7.851722630109727,0.001792549390038367,1,4.748896211248521e-05,1.000047488962113,5,5,0,1,9.99660960380452,9.996213199017673,3.965392293570069e-05,0.7181359511218235,0.0032334399036079956,0.7188452725454064,0.002641438196870101,0.0026210727149041393,0.0026427004687306914,0.10003129200777039,0.21095645800232887,0.4534294999903068,0.5061690724978689
endpoints,10.0,0.0888858741621725,0.08,0.0,0.0,0.0,0.0,74613,0 10 11 12 13 14 15 23,0 1 2 3 4 5 6 23,0.5176279380906522,0.8505696229418722,0.5100251345678546,0.8487170066022678,-0.39010537780677823,0.5176279380906522,-0.39010537780677823,0.0,0.0,0.8505721530024106,0.8505386062292658,-0.3329106681386136,0,0.643211446700255,1.6432065589027613,74613,74613,0,1,0.9090756246745615,0.9090477069995604,3.0709958823371686e-05,0.498661160476983,0.498661160476983,0.5059454841739994,0.5059454841739994,0.8881933200451229,0.888410176689632,1.399607666011434,0.2549251249874942,1.6683717499836348,1.7321039902308257
endpoints,10.0,0.0888858741621725,0.08,-6.0,1.0,0.0,0.0,74613,0 7 9 12 13 16 17 23,0 1 2 3 4 14 15 23,2.8934059786826523,3.24452257808376,2.493412544693504,2.536214546640946,0.14083644166254916,2.8934059786826523,0.14083644166254916,0.0,0.0,3.294541333634354,3.294541333634354,-0.40113535495170183,0,0.13863777081650186,1.121350616535661,12590,12590,0,1,9.99706276102965,9.985300989766122,0.0011765226991848898,0.49877803493286116,0.107776523975028,0.5034895993183296,0.06629553918946288,0.06484545732719099,0.08510114760752206,0.4986233329982497,0.20082945900503546,0.9343030420131981,0.9845113647461403
endpoints,10.0,0.0888858741621725,0.08,-4.8,1.0,0.0,0.0,74613,0 6 9 13 14 15 17 23,0 6 7 12 13 15 16 23,2.4491653797340427,2.6818277550962173,2.1826748702140635,2.470878729923468,-0.00878770371304205,2.4491653797340427,-0.00878770371304205,0.0,0.0,2.912581946700973,2.912581946700973,-0.46341656696693034,0,0.18921407708990778,1.0949965965089052,15021,15021,0,1,9.997613989550585,9.915214926919502,0.008241872782566495,0.5294563215285788,0.12539267990712333,0.49947022499740457,0.09735659575345594,0.08930483545017243,0.11501791658007694,0.6332459999830462,0.18687158299144357,1.1859553330286872,1.2326740627759136
endpoints,10.0,0.0888858741621725,0.08,-3.6,1.0,0.0,0.0,74613,0 3 5 8 10 15 16 23,0 4 5 7 8 14 18 23,2.015009102778513,2.227519543936432,1.8025961310017307,2.055556830037935,-0.019725909139020947,2.015009102778513,-0.019725909139020947,0.0,0.0,2.3312920567694118,2.3312920567694118,-0.3162829539908989,0,0.15696353607275215,1.1054637623546646,1514,1514,0,1,9.99682800167771,9.95998096797149,0.003685872528769729,0.5522745137597823,0.17978804703006726,0.5270235168636862,0.14771071072450365,0.12944526589659652,0.1598190651314894,0.21315591700840741,0.201208458020119,0.6889473340124823,0.7392501985232229
endpoints,10.0,0.0888858741621725,0.08,-2.4000000000000004,1.0,0.0,0.0,74613,0 6 7 10 11 12 15 23,0 1 2 8 11 12 17 23,1.7378383363379297,1.8217047913027544,1.5180083648373794,1.7247495620686437,0.007588796980813495,1.7378383363379297,0.007588796980813495,0.0,0.0,2.016675744160165,2.016675744160165,-0.2788374078222351,0,0.16045071741817885,1.0482590659966409,3047,3047,0,1,9.997370903484851,9.967996155507848,0.0029382472912717894,0.5424674410815807,0.2256336671160128,0.5018725152037506,0.18661019830786085,0.16274520160863043,0.1998663054473673,0.24411229099496268,0.2152154170034919,0.7775228329992387,0.8313272292507463
endpoints,10.0,0.0888858741621725,0.08,-1.2000000000000002,1.0,0.0,0.0,74613,0 11 13 14 15 17 21 23,0 1 6 7 20 21 22 23,1.6064603882408452,1.6629164719826863,1.2907751402198486,1.3438844882956005,0.19538576583933942,1.6064603882408452,0.19538576583933942,0.0,0.0,1.6826302762588425,1.6826302762588425,-0.07616988801799729,0,0.04741473152749642,1.0351431533295778,89,89,0,1,9.997037797666216,9.989400630069046,0.0007639430551071857,0.49643029770140146,0.2805136553546879,0.4982443393050907,0.21073491118673723,0.2064935624729817,0.2212182567128606,0.2028252909949515,0.23807029199087992,0.6461139580060262,0.70563224000216
endpoints,10.0,0.0888858741621725,0.08,0.0,1.0,0.0,0.0,74613,0 1 10 11 12 13 14 23,0 1 2 3 4 5 6 23,0.5693602796242488,0.9182474302543169,0.563173405725912,0.9102862600669561,-0.37452611930848045,0.5693602796242488,-0.37452611930848045,0.0,0.0,0.9207469370832153,0.9207469370832153,-0.35138665745896647,0,0.6171604694497923,1.612770442750796,74613,74613,0,1,1.000214213978653,0.9999888222254053,0.0002253434815239208,0.5005494982963077,0.46099554254677544,0.5059454841739994,0.46210448802579823,0.7994095674549302,0.799612600020837,2.3197030419833027,0.22377000001142733,2.664660750015173,2.720603916030086
endpoints,10.0,0.0888858741621725,0.08,1.1999999999999993,1.0,0.0,0.0,74613,0 2 10 11 12 13 21 23,0 1 2 3 14 20 21 23,2.6900170212644907,2.690776298048398,2.4279303197820563,2.4285772966104604,0.10765139121530898,2.6900170212644907,0.10765139121530898,0.0,0.0,2.6907762980483994,2.6769992392506547,0.013017782013835966,1,0.00028225724146224707,1.0002822572414618,1,1,0,1,9.996500734245764,9.964922066787972,0.003158972154086892,0.49942481327364574,0.11675914029575217,0.5004274575684955,0.09709296693712369,0.09709296693712369,0.09711958905520882,0.21196074999170378,0.24939995797467418,0.5931745420093648,0.655525406509696
endpoints,10.0,0.0888858741621725,0.08,2.4000000000000004,1.0,0.0,0.0,74613,0 5 6 10 11 15 21 23,0 3 7 9 10 18 20 23,3.92056713678674,3.930935782790861,3.534441338508281,3.5355921000309913,0.10888559139850273,3.8646596961758988,0.09307283952298206,0.014466329510502973,0.014466329510502973,4.051422866980376,4.051422866980376,-0.13085573019363617,0,0.03337673495393423,1.0026446801297781,30,30,0,1,9.99687400128537,9.995492537258881,0.0001381896007003336,0.49957987775452234,0.0524143277898975,0.49968925378984264,0.03823125046179591,0.038231250461795895,0.03854983481849022,0.08412516699172556,0.20084012500592507,0.4526618750242051,0.5028724902731483
endpoints,10.0,0.0888858741621725,0.08,3.5999999999999996,1.0,0.0,0.0,74613,0 5 11 14 16 17 20 23,0 5 9 12 14 15 20 23,4.62679766884272,4.628043516529525,4.470261566731607,4.471465587052219,0.03473851666001582,4.62679766884272,0.03473851666001582,0.0,0.0,4.628043516529525,4.627337626171883,-0.000539957329163343,0,0.00026926781242120335,1.0002692678124212,2,2,0,1,9.997063420886162,9.993202088651984,0.0003862466478017357,0.4975123243797229,0.022377941849370232,0.4986194093088395,0.018852829574724086,0.018852829574724086,0.018867311420058208,0.09512912499485537,0.19352925001294352,0.4451138330041431,0.493497062510869
endpoints,10.0,0.0888858741621725,0.08,4.799999999999999,1.0,0.0,0.0,74613,0 10 11 14 15 17 18 23,0 1 2 4 8 10 12 23,5.053126504258838,5.060309163564687,4.911034365687209,4.924975493288181,0.0260206393199931,5.0201824700579545,0.019331462034587465,0.006562318082534491,0.006562318082534491,5.063154349161708,5.063154349161708,-0.010027844902870342,0,0.0019844832490178987,1.0014214287530296,24,24,0,1,9.997515869115192,9.986356496420814,0.0011162145517419342,0.4972718205695812,0.01208352583733401,0.5037888913612072,0.010671064964906017,0.010298335351890824,0.01079892112232645,0.09833791700657457,0.20261962499353103,0.4877852080098819,0.5384406562588993
endpoints,10.0,0.0888858741621725,0.08,6.0,1.0,0.0,0.0,74613,0 4 5 9 11 16 17 23,0 1 7 8 11 12 14 23,5.247414930141242,5.2483767813221105,5.199284436825468,5.2044187512160915,0.008261475676818675,5.232473614690002,0.005390585349680954,0.002855497524018702,0.002855497524018702,5.248376781322113,5.244665464509685,0.00274946563155698,1,0.00018330000460720086,1.0001833000046068,8,8,0,1,9.99699292725968,9.991273565782896,0.0005721081847710474,0.5003955084669298,0.0072623284300967605,0.5016343408968228,0.006693075634655323,0.006244716223658539,0.006697505050956718,0.09116662500309758,0.20592675000079907,0.4370747499924619,0.48855668749456527
endpoints,10.0,0.0888858741621725,0.08,-6.0,2.0,0.0,0.0,74613,0 4 8 12 13 14 17 23,0 1 3 4 5 12 17 23,3.0353128454419345,3.3457095064035522,2.67018668389921,2.80335134035927,0.08274435734942065,3.0353128454419345,0.08274435734942065,0.0,0.0,3.3670720533095677,3.3670720533095677,-0.33175920786763324,0,0.10929983983885849,1.1022618348641504,9321,9321,0,1,9.997189523076912,9.992471245849968,0.00047196036606611536,0.49959049747157813,0.08932600041775511,0.5030852018393271,0.06148139498550527,0.06082885705774409,0.07683560114800277,0.3521161249955185,0.2162500410049688,0.7462421670206822,0.8003054272485315
endpoints,10.0,0.0888858741621725,0.08,-4.8,2.0,0.0,0.0,74613,0 6 10 11 12 13 20 23,0 1 4 6 7 10 20 23,2.652286924921649,2.8087468358785377,2.2776034598743857,2.389226628388865,0.11010269741978163,2.652286924921649,0.11010269741978163,0.0,0.0,2.9947985634071808,2.9947985634071808,-0.34251163848553157,0,0.1291382298299606,1.0589905675312676,6212,6212,0,1,9.996974245101317,9.979677071622234,0.0017302408763890664,0.4990434034309512,0.11998648541280546,0.5022688648738505,0.08993724312911859,0.08003642668135826,0.1004600975086513,0.23778762499568984,0.2062349159969017,0.7483294580015354,0.7998891040042508
endpoints,10.0,0.0888858741621725,0.08,-3.6,2.0,0.0,0.0,74613,0 1 10 13 19 20 22 23,0 7 8 9 20 21 22 23,1.9632042275390367,1.9869813061188446,1.8164247500339885,1.849340865835366,0.06156969967363879,1.9632042275390367,0.06156969967363879,0.0,0.0,2.138211639721573,2.138211639721573,-0.17500741218253646,0,0.08914376289924553,1.0121113627641347,2496,2496,0,1,9.993971139401555,9.919500156071273,0.007451590793241203,0.49717365576367306,0.17995242652562127,0.49691727649968925,0.1612006641305878,0.16120066413058787,0.164194342481793,0.203701791993808,0.2280172089813277,0.589916249999078,0.6469213022501208
endpoints,10.0,0.0888858741621725,0.08,-2.4000000000000004,2.0,0.0,0.0,74613,0 6 8 9 10 17 19 23,0 3 6 8 14 17 20 23,2.018292776264738,2.16867018136846,1.7446193052210464,1.8366572132878651,0.09889464493579658,1.9967276028081653,0.08715311075045551,0.010800258095417625,0.010800258095417625,2.244272316052085,2.244272316052085,-0.22597953978734697,0,0.11196568825141817,1.0745072305030126,1295,1137,0,1,9.996674518815363,9.994011484075726,0.0002663920621427396,0.499445157132399,0.18304573807282074,0.49955522607440633,0.1414650710235912,0.13539657889312534,0.1585904948035552,0.20824166701640934,0.19826708399341442,0.6269085839740001,0.6764762299790164
endpoints,10.0,0.0888858741621725,0.08,-1.2000000000000002,2.0,0.0,0.0,74613,0 8 10 11 15 16 17 23,0 1 2 3 15 21 22 23,1.9536449032994785,2.085622065212525,1.8104649819045078,1.8432034831494224,0.059918191973763246,1.9536449032994785,0.059918191973763246,0.0,0.0,2.1471881108472597,2.1471881108472597,-0.1935432075477812,0,0.09906775137124924,1.067554324580763,307,307,0,1,9.997658066490505,9.987854980413477,0.000980538243239737,0.49836776822699985,0.181495433589837,0.5000010801414081,0.1508512711630799,0.1453217050400346,0.16701047519931192,0.17950545900384896,0.18751679098932073,0.568446249992121,0.615326156737865
endpoints,10.0,0.0888858741621725,0.08,0.0,2.0,0.0,0.0,74613,0 1 10 11 12 13 14 23,0 1 2 3 4 5 6 23,0.718530723588295,1.1094211487135361,0.7107584300326556,1.0827590080766791,-0.3363890595889554,0.718530723588295,-0.3363890595889554,0.0,0.0,1.1214903375950922,1.1214903375950922,-0.40295961400679725,0,0.5608105551763236,1.5440135157661181,74613,74613,0,1,1.265525897563779,1.263061079473509,0.0019476630980171938,0.5253718014836776,0.39632994723921516,0.5059454841739994,0.36715868994288736,0.6133585054801393,0.6151560312141859,2.321260875003645,0.18759862499427982,2.6611615830042865,2.708061906254443
endpoints,10.0,0.0888858741621725,0.08,1.1999999999999993,2.0,0.0,0.0,74613,0 7 8 10 15 16 17 23,0 1 11 17 20 21 22 23,2.9901031963864,2.998995970141219,2.7243079697662553,2.7249298732003897,0.09731381559356178,2.9546038030435016,0.08428618002318111,0.012014942005534213,0.012014942005534213,3.1026435405517923,3.1026435405517923,-0.11254034416539227,0,0.0376376120735229,1.0029740691778017,41,41,0,1,9.997187900070674,9.993268546461037,0.0003920456081064616,0.4989086225823801,0.09420457065592454,0.49619635486746716,0.07656828443214593,0.07526999981591742,0.07703666655389921,0.13390866699046455,0.1798441660066601,0.5210270420066081,0.5659891665200121
endpoints,10.0,0.0888858741621725,0.08,2.4000000000000004,2.0,0.0,0.0,74613,0 4 9 10 11 16 17 23,0 1 2 3 4 11 12 23,3.9871367564844644,3.99848902162196,3.769922613857009,3.8576830840161795,0.03355736322785563,3.872851459599973,0.003931991107989585,0.02950934165089203,0.02950934165089203,3.998489021621959,3.994923864638571,-0.007787108154106548,0,0.0028472224131845802,1.0028472224131848,35,35,0,1,9.99673326444608,9.97595425642642,0.0020785798190257054,0.49972575139193776,0.04065451070315976,0.5043279639607,0.03724376161612527,0.03691197909086307,0.03758297248858642,0.14317729201866314,0.19632016698597,0.4808166250004433,0.5298975827608956
endpoints,10.0,0.0888858741621725,0.08,3.5999999999999996,2.0,0.0,0.0,74613,0 3 5 10 13 14 18 23,0 1 3 4 19 20 22 23,4.261080090628665,4.262093742730309,4.108978880311289,4.10993217703699,0.03677625495529302,4.24865102595967,0.03375210172511589,0.002925414347531241,0.002925414347531241,4.2620937427303085,4.250602097561858,0.0104779930668073,1,0.0002378861884977379,1.000237886188498,4,4,0,1,9.996784345894635,9.994289497528454,0.00024956508811813105,0.5002539760346044,0.032832430297843405,0.49931830513121217,0.028267416044754627,0.028267416044754634,0.028278865963588126,0.08597929202369414,0.19685395798296668,0.43596775000332855,0.4851819474788499
endpoints,10.0,0.0888858741621725,0.08,4.799999999999999,2.0,0.0,0.0,74613,0 6 10 11 13 14 19 23,0 2 4 7 8 10 19 23,4.999485539849583,5.017463892313887,4.906019888200681,4.90714085889663,0.018818428817980903,4.982776730404787,0.015413429873534001,0.0033533128913521004,0.0033533128913521004,5.040008652361673,5.040008652361673,-0.04052311251209062,0,0.008105456489291063,1.0035960404967679,23,23,0,1,9.997445498507954,9.995778001461243,0.00016679231179206333,0.4989213610357747,0.012786642560316096,0.5020452551052246,0.011173690964802044,0.011191359090256876,0.011513502859215872,0.13834816601593047,0.2776736250089016,0.48340862497570924,0.5528276972399908
endpoints,10.0,0.0888858741621725,0.08,6.0,2.0,0.0,0.0,74613,0 4 10 12 13 14 16 23,0 4 5 6 7 8 9 23,5.286319078388911,5.307624610801559,5.256896697845163,5.263603616748791,0.004315572237969967,5.2590198855800105,-0.0008708351734912911,0.005190927854019645,0.005190927854019645,5.307624610801559,5.273674327245068,0.012644751143843003,1,0.0040303152527716435,1.0040303152527716,14,14,0,1,9.997491833538877,9.995436238741002,0.0002056110504615738,0.4994600502028847,0.006003499462695906,0.5035597091456149,0.005988904306677646,0.006090715665530551,0.0063571297839508335,0.11278454199782573,0.2164431250130292,0.5174017499957699,0.5715131562537863
endpoints,10.0,0.0888858741621725,0.08,-6.0,4.0,0.0,0.0,74613,0 7 12 14 17 18 19 23,0 2 3 6 7 10 16 23,3.4217824342457144,3.6286331711232624,3.0735158758618195,3.319406725072241,0.03084156828393647,3.4200284470689812,0.030313164469036202,0.000512857481707929,0.000512857481707929,3.7080651207320625,3.7080651207320625,-0.28628268648634814,0,0.08366478348278017,1.0604511656870275,6167,6108,0,1,9.997168046651236,9.989657461957554,0.0007512712258745946,0.49697107424357534,0.060830962430896585,0.5028398293593469,0.04968967361183691,0.046708557443268475,0.058046438850646837,0.28855166598805226,0.23607949999859557,0.6427617080044001,0.7017822080088081
endpoints,10.0,0.0888858741621725,0.08,-4.8,4.0,0.0,0.0,74613,0 9 10 11 17 18 22 23,0 1 15 16 18 19 22 23,3.1094613482373057,3.2815468352901704,2.852592950672372,3.0426198645861198,0.021968397836736653,3.1094613482373057,0.021968397836736653,0.0,0.0,3.3764400169441875,3.3764400169441875,-0.2669786687068818,0,0.08586010205858541,1.0553425393598852,1495,1495,0,1,9.99677815152939,9.949388898509705,0.004740452603965828,0.4969608493963102,0.07444732929862544,0.4963527509301263,0.06236985243367735,0.05772456767367991,0.07071856253908798,0.17735516701941378,0.20463820899021812,0.5228396659949794,0.573999843247293
endpoints,10.0,0.0888858741621725,0.08,-3.6,4.0,0.0,0.0,74613,0 4 8 9 11 12 15 23,0 2 3 5 6 9 11 23,2.9558584815449955,3.0723967185202543,2.808870636187723,3.178934883539239,-0.07017331595854626,2.9558584815449955,-0.07017331595854626,0.0,0.0,3.239564183035228,3.239564183035228,-0.28370570149023244,0,0.09598081344609666,1.039426189617287,1885,1885,0,1,9.99746863185295,9.986257781628666,0.0011213688821753998,0.5008422423857114,0.06866445660399378,0.5039444500385556,0.0751373611839674,0.0681561624210961,0.08157878151692108,0.16183962498325855,0.194320833979873,0.5229710830026306,0.5715520834710333
endpoints,10.0,0.0888858741621725,0.08,-2.4000000000000004,4.0,0.0,0.0,74613,0 7 8 11 12 14 19 23,0 2 4 5 7 9 11 23,2.838407578877615,3.0380591549145866,2.6054416925308734,2.6707983439713954,0.06275622990577023,2.838407578877615,0.06275622990577023,0.0,0.0,3.0595556502799623,3.0595556502799623,-0.2211480714023475,0,0.07791272580021635,1.0703392907779365,480,480,0,1,9.997491949152618,9.986810066566427,0.0010684562328751035,0.4991847050434921,0.09801880404772177,0.5036733328276238,0.07690198813565179,0.07496866947048686,0.08853895732750146,0.13880791602423415,0.19315649999771267,0.4730489579960704,0.521338749997085
endpoints,10.0,0.0888858741621725,0.08,-1.2000000000000002,4.0,0.0,0.0,74613,0 7 9 13 16 19 22 23,0 7 8 11 15 19 22 23,2.8585137334603385,2.9363704440908087,2.25682239023555,2.257303816742466,0.2663398308454037,2.835537136729,0.2561610518255304,0.008103084397562688,0.008103084397562688,3.1242573680046153,3.1242573680046153,-0.26574363454427674,0,0.09296566653978755,1.0272367803306726,871,835,0,1,9.996507058501386,9.987125288159625,0.000938504848429278,0.4971015842819718,0.13133330085315323,0.49765042135938636,0.08059220458666683,0.0759575116565595,0.08517946148702277,0.1467085420154035,0.183600500022294,0.49757229202077724,0.5434727080064476
endpoints,10.0,0.0888858741621725,0.08,0.0,4.0,0.0,0.0,74613,0 1 10 11 12 13 14 23,0 1 2 3 4 5 6 23,1.237390100264424,1.7349693020186217,1.2241017593788546,1.654468161085678,-0.25209192333297203,1.237390100264424,-0.25209192333297203,0.0,0.0,1.7720780722087528,1.7720780722087528,-0.5346879719443287,0,0.43210946315965226,1.4021199148497046,74613,74613,0,1,2.204595719580204,2.1835576851915617,0.009542808326167163,0.5253718014836776,0.22866136781008978,0.5059454841739994,0.2027305155833615,0.3143384437846607,0.31993890922542184,2.421968167007435,0.19737716601230204,2.730844750010874,2.7801895835145842
endpoints,10.0,0.0888858741621725,0.08,1.1999999999999993,4.0,0.0,0.0,74613,0 6 8 12 15 16 21 23,0 1 5 10 13 15 21 23,3.6669869620379245,3.757278555416113,3.270075006716158,3.2707060064167224,0.12116067749401749,3.6331925460078596,0.11082822451176688,0.009301575846069055,0.009301575846069055,3.7936176403152646,3.7936176403152646,-0.1266306782773401,0,0.034532622992192286,1.0246228291272705,80,80,0,1,9.996876551855701,9.991865948627701,0.00050121687529181,0.49820256996414064,0.06343676473803087,0.49997207836883373,0.04418173607612737,0.0452149403678987,0.0474324627345306,0.12910675001330674,0.19697508399258368,0.48092412497499026,0.5301685629747226
endpoints,10.0,0.0888858741621725,0.08,2.4000000000000004,4.0,0.0,0.0,74613,0 9 11 12 13 18 21 23,0 2 6 8 11 14 22 23,4.259028333366416,4.267232248428217,4.006060094193951,4.024190587438114,0.05835651687605692,4.259028333366416,0.05835651687605692,0.0,0.0,4.292529758952581,4.292529758952581,-0.03350142558616476,0,0.007865978566919951,1.001926241015475,8,8,0,1,9.99719550864154,9.992188151879336,0.0005008761465027378,0.4973894541170158,0.03471400097039784,0.5002276993331616,0.02833945368760984,0.02833945368760984,0.028548583799894348,0.12742312499904074,0.198110875004204,0.46960512502118945,0.5191338017539238
endpoints,10.0,0.0888858741621725,0.08,3.5999999999999996,4.0,0.0,0.0,74613,0 5 8 9 11 12 14 23,0 3 5 6 7 9 14 23,4.776687361760262,4.7862935559354876,4.729856760983781,4.741866601297574,0.007343260237046456,4.776687361760262,0.007343260237046456,0.0,0.0,4.814417203894836,4.814417203894836,-0.0377298421345742,0,0.007898746406687751,1.0020110577577523,11,11,0,1,9.9976336508845,9.99626926988188,0.0001364703939216172,0.5008554295078288,0.016738233730439592,0.5028745727792566,0.016179677480735278,0.01607148153942947,0.01637383860973616,0.14549437499954365,0.19515245899674483,0.5260522079770453,0.5748409057341632
endpoints,10.0,0.0888858741621725,0.08,4.799999999999999,4.0,0.0,0.0,74613,0 5 7 9 10 12 16 23,0 1 6 7 11 14 18 23,5.035765850805852,5.039142015920912,4.953385057022729,4.959247622261549,0.015429402678103887,5.031503585696305,0.014569944664671652,0.0008471155862164181,0.0008471155862164181,5.080023750892187,5.080023750892187,-0.04425790008633523,0,0.008788712858691206,1.0006704372711293,8,8,0,1,9.996806268180906,9.993219317192626,0.000358809693021378,0.5008321741838709,0.012103673513504576,0.5010614881082562,0.010548014885839658,0.010410512288008086,0.01060118969855764,0.1381000829860568,0.18779008300043643,0.5289900839852635,0.5759381877433043
endpoints,10.0,0.0888858741621725,0.08,6.0,4.0,0.0,0.0,74613,0 7 10 11 16 19 20 23,0 1 4 5 7 12 13 23,5.243162205940125,5.244076427296876,5.13211112008458,5.132974715152727,0.02146659527897543,5.235134530470169,0.019902653137149118,0.00153342295660841,0.00153342295660841,5.244076427296874,5.241397788424014,0.0017644175161111164,1,0.00017436450005559045,1.0001743645000558,3,3,0,1,9.99660960380452,9.992739519187126,0.0003871397174419755,0.49751295852582417,0.008039005880027567,0.5031164445322978,0.0070540785649534435,0.00647193013983865,0.007057573570100105,0.10130700000445358,0.22420737499487586,0.4531905839976389,0.5092435937622213
endpoints,20.0,0.008888587416217252,0.0,0.0,0.0,0.0,0.0,74613,0 10 11 12 13 14 15 23,0 10 11 12 13 14 15 23,0.9900971969002197,0.9900971969002197,0.9900971969002197,0.9900971969002197,0.0,0.9900971969002197,0.0,0.0,0.0,0.9900971969002197,0.9900971961990204,7.011993208294598e-10,1,0.0,1.0,0,0,0,1,0.9900971969002197,0.9900971969002197,0.0,0.8886943824415184,0.8886943824415184,0.8886943824415184,0.8886943824415184,0.8883314216468101,0.8886943824415184,0.024698584020370618,0.23822629198548384,0.12927120900712907,0.18882819798454875
endpoints,20.0,0.008888587416217252,0.0,-6.0,1.0,0.0,0.0,74613,0 1 5 12 14 17 18 23,0 1 5 12 14 17 18 23,99.95888027522349,99.95888027522349,99.95888027522349,99.95888027522349,0.0,99.95888027522349,0.0,0.0,0.0,99.95888027522349,99.95848209493288,0.0003981802906167786,1,0.0,1.0,0,0,0,1,99.95888027522349,99.95888027522349,0.0,0.888545197812082,5.19738300595282e-07,0.888545197812082,5.19738300595282e-07,2.654059644006785e-07,5.19738300595282e-07,0.016300207993481308,0.24369708300218917,0.1057542500202544,0.1666796047720709
endpoints,20.0,0.008888587416217252,0.0,-4.8,1.0,0.0,0.0,74613,0 6 9 13 14 15 17 23,0 6 9 13 14 15 17 23,99.97292360745728,99.97292360745728,99.97292360745728,99.97292360745728,0.0,99.97292360745728,0.0,0.0,0.0,99.97292360745728,99.95640080004483,0.01652280741244283,1,0.0,1.0,0,0,0,1,99.97292360745728,99.97292360745728,0.0,0.8886498355837689,3.177344717878296e-07,0.8886498355837689,3.177344717878296e-07,3.177344717878296e-07,3.177344717878296e-07,0.012521916010882705,0.21657595899887383,0.11901483300607651,0.17315969776245765
endpoints,20.0,0.008888587416217252,0.0,-3.6,1.0,0.0,0.0,74613,0 3 5 8 10 15 16 23,0 3 5 8 10 15 16 23,99.95844311526493,99.95844311526493,99.95844311526493,99.95844311526493,0.0,99.95844311526493,0.0,0.0,0.0,99.95844311526493,99.9548992894792,0.00354382578572654,1,0.0,1.0,0,0,0,1,99.95844311526493,99.95844311526493,0.0,0.8885865119690907,9.719274035404108e-07,0.8885865119690907,9.719274035404108e-07,9.719274035404298e-07,9.719274035404108e-07,0.015352958027506247,0.2081590839952696,0.10865933302557096,0.16069964599591913
endpoints,20.0,0.008888587416217252,0.0,-2.4000000000000004,1.0,0.0,0.0,74613,0 6 12 14 15 17 18 23,0 6 12 14 15 17 18 23,99.96550868615586,99.96550868615586,99.96550868615586,99.96550868615586,0.0,99.96550868615586,0.0,0.0,0.0,99.96550868615586,99.96035110926515,0.005157576890709947,1,0.0,1.0,0,0,0,1,99.96550868615586,99.96550868615586,0.0,0.8886323534947806,8.021859970831099e-07,0.8886323534947806,8.021859970831099e-07,2.6275599024006535e-07,8.021859970831099e-07,0.015103250014362857,0.20783520801342092,0.11253629199927673,0.1644955940064392
endpoints,20.0,0.008888587416217252,0.0,-1.2000000000000002,1.0,0.0,0.0,74613,0 1 2 3 7 13 21 23,0 1 2 3 7 13 21 23,99.94963144432533,99.94963144432533,99.94963144432533,99.94963144432533,0.0,99.94963144432533,0.0,0.0,0.0,99.94963144432533,99.94825464422844,0.0013768000968923388,1,0.0,1.0,0,0,0,1,99.94963144432533,99.94963144432533,0.0,0.8884249846574376,1.3955374976099375e-07,0.8884249846574376,1.3955374976099375e-07,1.395537497609995e-07,1.3955374976099375e-07,0.021560666005825624,0.2318076670053415,0.12351420798222534,0.18146637473546434
endpoints,20.0,0.008888587416217252,0.0,0.0,1.0,0.0,0.0,74613,0 1 10 11 12 13 14 23,0 1 10 11 12 13 14 23,1.0991894577163885,1.0991894577163885,1.0991894577163885,1.0991894577163885,0.0,1.0991894577163885,0.0,0.0,0.0,1.0991894577163885,1.0991844768768186,4.980839569901363e-06,1,0.0,1.0,0,0,0,1,1.0991894577163885,1.0991894577163885,0.0,0.8886162561116422,0.7995400686935121,0.8886162561116422,0.7995400686935121,0.7994629520702349,0.7995400686935121,0.02697687500040047,0.18965600000228733,0.12887375001446344,0.17628804201376624
endpoints,20.0,0.008888587416217252,0.0,1.1999999999999993,1.0,0.0,0.0,74613,0 2 6 8 15 17 21 23,0 2 6 8 15 17 21 23,99.94887688736516,99.94887688736516,99.94887688736516,99.94887688736516,0.0,99.94887688736516,0.0,0.0,0.0,99.94887688736516,99.94496110588781,0.003915781477346059,1,0.0,1.0,0,0,0,1,99.94887688736516,99.94887688736516,0.0,0.888524420214374,1.2015227387500512e-06,0.888524420214374,1.2015227387500512e-06,1.2015227387500597e-06,1.2015227387500512e-06,0.017188124998938292,0.2030469170131255,0.1193295830162242,0.17009231224801624
endpoints,20.0,0.008888587416217252,0.0,2.4000000000000004,1.0,0.0,0.0,74613,0 5 6 10 11 15 21 23,0 5 6 10 11 15 21 23,99.96502305725055,99.96502305725055,99.96502305725055,99.96502305725055,0.0,99.96502305725055,0.0,0.0,0.0,99.96502305725055,99.95865221719073,0.006370840059815919,1,0.0,1.0,0,0,0,1,99.96502305725055,99.96502305725055,0.0,0.8885845555877627,3.672242359927625e-07,0.8885845555877627,3.672242359927625e-07,1.902194844264195e-09,3.672242359927625e-07,0.01634729199577123,0.24789129200507887,0.11640420800540596,0.1783772810085793
endpoints,20.0,0.008888587416217252,0.0,3.5999999999999996,1.0,0.0,0.0,74613,0 5 11 14 16 17 20 23,0 5 11 14 16 17 20 23,99.96922547055516,99.96922547055516,99.96922547055516,99.96922547055516,0.0,99.96922547055516,0.0,0.0,0.0,99.96922547055516,99.96190569475726,0.007319775797896,1,0.0,1.0,0,0,0,1,99.96922547055516,99.96922547055516,0.0,0.8885991125412165,1.3917297637565688e-07,0.8885991125412165,1.3917297637565688e-07,1.2641314084180502e-07,1.3917297637565688e-07,0.01622424999368377,0.1981145000027027,0.11206637500436045,0.16159541598608484
endpoints,20.0,0.008888587416217252,0.0,4.799999999999999,1.0,0.0,0.0,74613,0 3 5 6 12 13 16 23,0 3 5 6 12 13 16 23,99.9607865738358,99.9607865738358,99.9607865738358,99.9607865738358,0.0,99.9607865738358,0.0,0.0,0.0,99.9607865738358,99.95911965928298,0.0016669145528283025,1,0.0,1.0,0,0,0,1,99.9607865738358,99.9607865738358,0.0,0.8885808457340987,7.068379626152914e-07,0.8885808457340987,7.068379626152914e-07,2.565635419677967e-07,7.068379626152914e-07,0.015833499986911193,0.19330504201934673,0.11834370897850022,0.16667092749412404
endpoints,20.0,0.008888587416217252,0.0,6.0,1.0,0.0,0.0,74613,0 4 5 9 11 16 17 23,0 4 5 9 11 16 17 23,99.96689732632635,99.96689732632635,99.96689732632635,99.96689732632635,0.0,99.96689732632635,0.0,0.0,0.0,99.96689732632635,99.96176689024081,0.005130436085536871,1,0.0,1.0,0,0,0,1,99.96689732632635,99.96689732632635,0.0,0.8885944498467168,2.9954149274613407e-07,0.8885944498467168,2.9954149274613407e-07,7.779930674797756e-08,2.9954149274613407e-07,0.01691787500749342,0.23532433301443234,0.11069575001602061,0.16952708327153232
endpoints,20.0,0.008888587416217252,0.0,-6.0,2.0,0.0,0.0,74613,0 2 8 12 14 18 19 23,0 2 8 12 14 18 19 23,99.9598250324111,99.9598250324111,99.9598250324111,99.9598250324111,0.0,99.9598250324111,0.0,0.0,0.0,99.9598250324111,99.95736973586642,0.0024552965446815733,1,0.0,1.0,0,0,0,1,99.9598250324111,99.9598250324111,0.0,0.8885666687282723,6.505195250569432e-07,0.8885666687282723,6.505195250569432e-07,4.0183299412911117e-07,6.505195250569432e-07,0.024480833002598956,0.21099754198803566,0.12335912499111146,0.17610905149922473
endpoints,20.0,0.008888587416217252,0.0,-4.8,2.0,0.0,0.0,74613,0 6 10 11 12 13 20 23,0 6 10 11 12 13 20 23,99.92375233751561,99.92375233751561,99.92375233751561,99.92375233751561,0.0,99.92375233751561,0.0,0.0,0.0,99.92375233751561,99.92282070129437,0.0009316362212388185,1,0.0,1.0,0,0,0,1,99.92375233751561,99.92375233751561,0.0,0.8886352387753259,4.545777718006738e-06,0.8886352387753259,4.545777718006738e-06,4.0531677627732786e-06,4.545777718006738e-06,0.01969166600611061,0.22363983298419043,0.11371512498590164,0.16962550023163203
endpoints,20.0,0.008888587416217252,0.0,-3.6,2.0,0.0,0.0,74613,0 1 3 8 19 20 22 23,0 1 3 8 19 20 22 23,99.83680484885636,99.83680484885636,99.83680484885636,99.83680484885636,0.0,99.83680484885636,0.0,0.0,0.0,99.83680484885636,99.7846101151106,0.052194733745764665,1,0.0,1.0,0,0,0,1,99.83680484885636,99.83680484885636,0.0,0.8884125234437942,1.0059979287524298e-05,0.8884125234437942,1.0059979287524298e-05,1.0059979287524307e-05,1.0059979287524298e-05,0.021104624989675358,0.24088983298861422,0.11548712500371039,0.17570995825371938
endpoints,20.0,0.008888587416217252,0.0,-2.4000000000000004,2.0,0.0,0.0,74613,0 1 3 8 14 17 20 23,0 1 3 8 14 17 20 23,99.9494857372834,99.9494857372834,99.9494857372834,99.9494857372834,0.0,99.9494857372834,0.0,0.0,0.0,99.9494857372834,99.93102875305006,0.018456984233338858,1,0.0,1.0,0,0,0,1,99.9494857372834,99.9494857372834,0.0,0.8884930886042108,8.338954602243373e-07,0.8884930886042108,8.338954602243373e-07,8.338954602243455e-07,8.338954602243373e-07,0.026406083983602002,0.18676104198675603,0.13183170798583888,0.1785226354841143
endpoints,20.0,0.008888587416217252,0.0,-1.2000000000000002,2.0,0.0,0.0,74613,0 8 10 11 15 16 17 23,0 8 10 11 15 16 17 23,99.96806921271832,99.96806921271832,99.96806921271832,99.96806921271832,0.0,99.96806921271832,0.0,0.0,0.0,99.96806921271832,99.95026776203478,0.017801450683535336,1,0.0,1.0,0,0,0,1,99.96806921271832,99.96806921271832,0.0,0.8886589836971656,8.408851958851883e-07,0.8886589836971656,8.408851958851883e-07,8.408851958851442e-07,8.408851958851883e-07,0.029627125011757016,0.18876787499175407,0.1353443330153823,0.18253655176522443
endpoints,20.0,0.008888587416217252,0.0,0.0,2.0,0.0,0.0,74613,0 1 10 11 12 13 14 23,0 1 10 11 12 13 14 23,1.4282433985896414,1.4282433985896414,1.4282433985896414,1.4282433985896414,0.0,1.4282433985896414,0.0,0.0,0.0,1.4282433985896414,1.4281788916573532,6.45069322882108e-05,1,0.0,1.0,0,0,0,1,1.4282433985896414,1.4282433985896414,0.0,0.8886162561116422,0.6132856561259766,0.8886162561116422,0.6132856561259766,0.6132856561259764,0.6132856561259766,0.027346292015863582,0.20475404200260527,0.12688841699855402,0.17807726050523343
endpoints,20.0,0.008888587416217252,0.0,1.1999999999999993,2.0,0.0,0.0,74613,0 7 8 10 15 16 17 23,0 7 8 10 15 16 17 23,99.93781857304789,99.93781857304789,99.93781857304789,99.93781857304789,0.0,99.93781857304789,0.0,0.0,0.0,99.93781857304789,99.90500533670274,0.032813236345148766,1,0.0,1.0,0,0,0,1,99.93781857304789,99.93781857304789,0.0,0.888642437187882,3.366099241399711e-06,0.888642437187882,3.366099241399711e-06,3.3660992413996784e-06,3.366099241399711e-06,0.02135858399560675,0.19708804198307917,0.11527083299006335,0.16454371849249583
endpoints,20.0,0.008888587416217252,0.0,2.4000000000000004,2.0,0.0,0.0,74613,0 1 2 9 10 11 14 23,0 1 2 9 10 11 14 23,99.95036430364668,99.95036430364668,99.95036430364668,99.95036430364668,0.0,99.95036430364668,0.0,0.0,0.0,99.95036430364668,99.93702439849831,0.01333990514837069,1,0.0,1.0,0,0,0,1,99.95036430364668,99.95036430364668,0.0,0.8885412517436426,1.2376277843563576e-06,0.8885412517436426,1.2376277843563576e-06,1.237627784356321e-06,1.2376277843563576e-06,0.015064542007166892,0.20008912502089515,0.10797187499701977,0.157994531255099
endpoints,20.0,0.008888587416217252,0.0,3.5999999999999996,2.0,0.0,0.0,74613,0 3 5 10 15 16 18 23,0 3 5 10 15 16 18 23,99.96068531651856,99.96068531651856,99.96068531651856,99.96068531651856,0.0,99.96068531651856,0.0,0.0,0.0,99.96068531651856,99.95848573868018,0.002199577838382538,1,0.0,1.0,0,0,0,1,99.96068531651856,99.96068531651856,0.0,0.8885731751724913,6.391067791257606e-07,0.8885731751724913,6.391067791257606e-07,2.421615578754248e-07,6.391067791257606e-07,0.014518917014356703,0.19301637500757352,0.10731891600880772,0.15557388476736378
endpoints,20.0,0.008888587416217252,0.0,4.799999999999999,2.0,0.0,0.0,74613,0 6 10 11 13 14 19 23,0 6 10 11 13 14 19 23,99.96343704351261,99.96343704351261,99.96343704351261,99.96343704351261,0.0,99.96343704351261,0.0,0.0,0.0,99.96343704351261,99.96242859705592,0.0010084464566944007,1,0.0,1.0,0,0,0,1,99.96343704351261,99.96343704351261,0.0,0.8886425654047251,1.0885661913176898e-06,0.8886425654047251,1.0885661913176898e-06,4.4179150820180947e-07,1.0885661913176898e-06,0.018502082995837554,0.18774404199211858,0.1163304159999825,0.16326684349769494
endpoints,20.0,0.008888587416217252,0.0,6.0,2.0,0.0,0.0,74613,0 9 12 14 16 18 20 23,0 9 12 14 16 18 20 23,99.9665730563956,99.9665730563956,99.9665730563956,99.9665730563956,0.0,99.9665730563956,0.0,0.0,0.0,99.9665730563956,99.96497402434728,0.0015990320483183496,1,0.0,1.0,0,0,0,1,99.9665730563956,99.9665730563956,0.0,0.8886200923201175,5.848855961478967e-07,0.8886200923201175,5.848855961478967e-07,3.7777445345168574e-08,5.848855961478967e-07,0.01724762501544319,0.27821133300312795,0.10941662499681115,0.1789698742577457
endpoints,20.0,0.008888587416217252,0.0,-6.0,4.0,0.0,0.0,74613,0 7 12 14 17 18 19 23,0 7 12 14 17 18 19 23,99.96561082391354,99.96561082391354,99.96561082391354,99.96561082391354,0.0,99.96561082391354,0.0,0.0,0.0,99.96561082391354,99.96489153386092,0.0007192900526149515,1,0.0,1.0,0,0,0,1,99.96561082391354,99.96561082391354,0.0,0.8886130158825728,5.996608050479383e-07,0.8886130158825728,5.996608050479383e-07,1.5368999941105823e-07,5.996608050479383e-07,0.01686558299115859,0.21514454198768362,0.11284862499451265,0.16663521849841345
endpoints,20.0,0.008888587416217252,0.0,-4.8,4.0,0.0,0.0,74613,0 4 7 9 17 18 22 23,0 4 7 9 17 18 22 23,99.95831024350501,99.95831024350501,99.95831024350501,99.95831024350501,0.0,99.95831024350501,0.0,0.0,0.0,99.95831024350501,99.95521218731704,0.0030980561879658808,1,0.0,1.0,0,0,0,1,99.95831024350501,99.95831024350501,0.0,0.8885311510922377,4.2990438088102227e-07,0.8885311510922377,4.2990438088102227e-07,3.5448965214192577e-07,4.2990438088102227e-07,0.015404749981826171,0.21397166699171066,0.11504308402072638,0.16853637577150948
endpoints,20.0,0.008888587416217252,0.0,-3.6,4.0,0.0,0.0,74613,0 4 8 9 11 12 15 23,0 4 8 9 11 12 15 23,99.96935529659562,99.96935529659562,99.96935529659562,99.96935529659562,0.0,99.96935529659562,0.0,0.0,0.0,99.96935529659562,99.95224285246958,0.017112444126041737,1,0.0,1.0,0,0,0,1,99.96935529659562,99.96935529659562,0.0,0.8886390040913873,5.266673428055564e-07,0.8886390040913873,5.266673428055564e-07,4.2704969675584007e-07,5.266673428055564e-07,0.017367833002936095,0.18716012500226498,0.11208237500977702,0.15887282326002605
endpoints,20.0,0.008888587416217252,0.0,-2.4000000000000004,4.0,0.0,0.0,74613,0 7 8 11 12 14 19 23,0 7 8 11 12 14 19 23,99.9680410604469,99.9680410604469,99.9680410604469,99.9680410604469,0.0,99.9680410604469,0.0,0.0,0.0,99.9680410604469,99.96412252168184,0.003918538765049107,1,0.0,1.0,0,0,0,1,99.9680410604469,99.9680410604469,0.0,0.888642605130843,6.795505478010197e-07,0.888642605130843,6.795505478010197e-07,5.762373454629538e-08,6.795505478010197e-07,0.01734950000536628,0.18142854201141745,0.11356683398480527,0.15892442749463953
endpoints,20.0,0.008888587416217252,0.0,-1.2000000000000002,4.0,0.0,0.0,74613,0 4 6 13 20 21 22 23,0 4 6 13 20 21 22 23,99.94558540943613,99.94558540943613,99.94558540943613,99.94558540943613,0.0,99.94558540943613,0.0,0.0,0.0,99.94558540943613,99.94089924774374,0.004686161692390556,1,0.0,1.0,0,0,0,1,99.94558540943613,99.94558540943613,0.0,0.8884726928999888,9.767327171912e-07,0.8884726928999888,9.767327171912e-07,9.767327171912252e-07,9.767327171912e-07,0.014971666008932516,0.2138063340098597,0.11054166601388715,0.1639937085128622
endpoints,20.0,0.008888587416217252,0.0,0.0,4.0,0.0,0.0,74613,0 1 10 11 12 13 14 23,0 1 10 11 12 13 14 23,2.7504766541423478,2.7504766541423478,2.7504766541423478,2.7504766541423478,0.0,2.7504766541423478,0.0,0.0,0.0,2.7504766541423478,2.7497902945222363,0.0006863596201114319,1,0.0,1.0,0,0,0,1,2.7504766541423478,2.7504766541423478,0.0,0.8886162561116422,0.31418859805028876,0.8886162561116422,0.31418859805028876,0.3141885980502886,0.31418859805028876,0.02471374999731779,0.19489433299168013,0.13448416700703092,0.1832082502587582
endpoints,20.0,0.008888587416217252,0.0,1.1999999999999993,4.0,0.0,0.0,74613,0 3 8 10 11 19 20 23,0 3 8 10 11 19 20 23,99.95596368956673,99.95596368956673,99.95596368956673,99.95596368956673,0.0,99.95596368956673,0.0,0.0,0.0,99.95596368956673,99.95414155197327,0.0018221375934643902,1,0.0,1.0,0,0,0,1,99.95596368956673,99.95596368956673,0.0,0.8885604818131345,9.320182882980762e-07,0.8885604818131345,9.320182882980762e-07,9.320182882981032e-07,9.320182882980762e-07,0.01451616600388661,0.18777495800168253,0.12225725001189858,0.16920169851073297
endpoints,20.0,0.008888587416217252,0.0,2.4000000000000004,4.0,0.0,0.0,74613,0 1 9 11 12 13 18 23,0 1 9 11 12 13 18 23,99.96868121921068,99.96868121921068,99.96868121921068,99.96868121921068,0.0,99.96868121921068,0.0,0.0,0.0,99.96868121921068,99.9603270414407,0.008354177769973603,1,0.0,1.0,0,0,0,1,99.96868121921068,99.96868121921068,0.0,0.8885911951834952,1.0836676500230498e-07,0.8885911951834952,1.0836676500230498e-07,1.0836676500230787e-07,1.0836676500230498e-07,0.017038958001649007,0.20945799999753945,0.11797283298801631,0.17033774998708395
endpoints,20.0,0.008888587416217252,0.0,3.5999999999999996,4.0,0.0,0.0,74613,0 5 8 9 11 12 14 23,0 5 8 9 11 12 14 23,99.9718408062213,99.9718408062213,99.9718408062213,99.9718408062213,0.0,99.9718408062213,0.0,0.0,0.0,99.9718408062213,99.96302970877079,0.008811097450504235,1,0.0,1.0,0,0,0,1,99.9718408062213,99.9718408062213,0.0,0.8886528468834047,4.441322355749937e-07,0.8886528468834047,4.441322355749937e-07,5.0262221277810744e-08,4.441322355749937e-07,0.016333124978700653,0.20002354198368266,0.10886983299860731,0.15887613549421076
endpoints,20.0,0.008888587416217252,0.0,4.799999999999999,4.0,0.0,0.0,74613,0 1 11 12 18 19 22 23,0 1 11 12 18 19 22 23,99.9568274504486,99.9568274504486,99.9568274504486,99.9568274504486,0.0,99.9568274504486,0.0,0.0,0.0,99.9568274504486,99.95515893931486,0.0016685111337437775,1,0.0,1.0,0,0,0,1,99.9568274504486,99.9568274504486,0.0,0.8884978299960469,2.2841216125584638e-07,0.8884978299960469,2.2841216125584638e-07,2.2841216125585106e-07,2.2841216125584638e-07,0.016430874995421618,0.19966800001566298,0.12465891698957421,0.17457670800649794
endpoints,20.0,0.008888587416217252,0.0,6.0,4.0,0.0,0.0,74613,0 1 7 9 18 19 21 23,0 1 7 9 18 19 21 23,99.95510193557332,99.95510193557332,99.95510193557332,99.95510193557332,0.0,99.95510193557332,0.0,0.0,0.0,99.95510193557332,99.94992622659464,0.005175708978683247,1,0.0,1.0,0,0,0,1,99.95510193557332,99.95510193557332,0.0,0.8884877655601024,2.8116932811286107e-07,0.8884877655601024,2.8116932811286107e-07,2.8116932811286224e-07,2.8116932811286107e-07,0.01452608298859559,0.19845787499798462,0.10796104100882076,0.15757609375577886
endpoints,20.0,0.008888587416217252,0.01,0.0,0.0,0.0,0.0,74613,0 10 11 12 13 14 15 23,0 1 2 3 4 5 6 23,0.9821832354397992,0.9900149743915148,0.9820009502283528,0.9900164262785166,-0.007912182697980552,0.9821832354397992,-0.007912182697980552,0.0,0.0,0.9900167782523697,0.9900167782523697,-0.007833542812570427,0,0.007975642965502905,1.0079738063826844,74613,74613,0,1,0.9900971969002197,0.9900938852324013,3.3447906213623924e-06,0.8814326206187437,0.8814326206187437,0.8813031621836805,0.8813031621836805,0.8883297724483357,0.8884000060407222,1.3711732499941718,0.23499183298554271,1.591978124983143,1.6507268332352396
endpoints,20.0,0.008888587416217252,0.01,-6.0,1.0,0.0,0.0,74613,0 1 5 12 14 17 18 23,0 2 3 15 17 19 22 23,82.59782238970132,82.6002413707028,75.14363633459475,75.14511379816152,0.09917755413289608,81.1603367475481,0.08004809155713533,0.017711676660787656,0.017711676660787656,82.60024137070283,82.36700757611172,0.23081481358960332,1,2.928625636267057e-05,1.0000292862563624,15,15,0,1,99.95888027522349,99.9082469084947,0.000506541955946016,0.8813098737614333,0.00283951876682236,0.8811892663515044,0.0017795323341452507,0.001779532334145252,0.001779828868236355,0.12449145899154246,0.18323366600088775,0.5286473330052104,0.5744565415079705
endpoints,20.0,0.008888587416217252,0.01,-4.8,1.0,0.0,0.0,74613,0 6 9 13 14 15 17 23,0 6 8 12 13 16 19 23,77.82434229859612,77.82746670123997,75.48841803716381,75.49106824427449,0.030907948563817067,76.36842091045149,0.011621940006704579,0.019064442747242616,0.019064442747242616,77.82746670123996,77.62115980051338,0.20318249808273947,1,4.014685574649235e-05,1.0000401468557467,15,15,0,1,99.97292360745728,99.9205160913687,0.0005242170999655293,0.8813917153344606,0.002786856259880264,0.8813692873001321,0.002436068578092401,0.002436068578092403,0.0024365064758155924,0.10830062499735504,0.21079162499518134,0.49554708300274797,0.548246156256937
endpoints,20.0,0.008888587416217252,0.01,-3.6,1.0,0.0,0.0,74613,0 3 5 8 10 15 16 23,0 4 5 7 8 16 18 23,71.88264173042101,71.88751399449086,70.049332646082,70.08762359806246,0.025611057134032666,71.16807769482762,0.015415761603807976,0.010040513369736992,0.010040513369736992,71.88751399449082,71.17233847172406,0.7103032586969533,1,6.77808154028181e-05,1.0000677808154035,2,2,0,1,99.95844311526493,99.74347896673356,0.002150535180739932,0.8818199128006236,0.003693090596689452,0.8813584549327164,0.0033716564837214754,0.0033716564837214767,0.0033724658513185697,0.11546512498171069,0.20725829098955728,0.4988459580054041,0.5506615727572353
endpoints,20.0,0.008888587416217252,0.01,-2.4000000000000004,1.0,0.0,0.0,74613,0 6 12 14 15 17 18 23,0 1 3 6 14 21 22 23,67.7936083651964,67.83315551727432,61.621459641885366,61.62528620318692,0.10009401241029048,64.73475960866462,0.05045775195632096,0.04725202928107208,0.04725202928107208,67.8331555172743,67.82898732022804,-0.03537895503163213,0,0.0005833463217486123,1.0005833463217488,32,32,0,1,99.96550868615586,99.94742350550122,0.00018091420623300714,0.8813500650916011,0.005413172776598253,0.8816332508642775,0.004108497035202108,0.004108497035202112,0.004109419973449315,0.11160145798930898,0.18095708300825208,0.5460590830189176,0.5912998957501259
endpoints,20.0,0.008888587416217252,0.01,-1.2000000000000002,1.0,0.0,0.0,74613,0 1 2 3 7 13 21 23,0 6 7 13 20 21 22 23,64.33373550081407,64.33830781620895,60.595977611413254,60.59885003845022,0.06163294286927967,64.33373550081407,0.06163294286927967,0.0,0.0,64.33830781620894,63.90017076213595,0.43356473867812184,1,7.107181573196009e-05,1.0000710718157322,1,1,0,1,99.94963144432533,99.6801497082843,0.0026961753850102133,0.8812528917645277,0.005653815471054851,0.8811964111211016,0.004807707078166373,0.004807707078166376,0.0048086576546553595,0.16291366599034518,0.19487804200616665,0.539898582996102,0.5886188855001819
endpoints,20.0,0.008888587416217252,0.01,0.0,1.0,0.0,0.0,74613,0 1 10 11 12 13 14 23,0 1 2 3 4 5 6 23,1.090055040992573,1.0971162719029435,1.089932440620866,1.0958457664913615,-0.005284252287919067,1.090055040992573,-0.005284252287919067,0.0,0.0,1.0976613741055816,1.0976613741055816,-0.007606333113008512,0,0.006977934899583094,1.0064778663873162,74613,74613,0,1,1.0991894577163885,1.0989444183406685,0.00022292733431883427,0.8818629826961847,0.7958441675586924,0.8813033085668663,0.7944021221803595,0.799469253723146,0.7996043608318594,2.7351214590016752,0.20669616700615734,3.185644500015769,3.237319541774923
endpoints,20.0,0.008888587416217252,0.01,1.1999999999999993,1.0,0.0,0.0,74613,0 2 6 8 15 17 21 23,0 3 6 13 14 17 20 23,82.63292428955197,82.63754272343337,79.08864938306476,79.09226193404764,0.0447662295770066,81.95003550101788,0.036132151200243046,0.008332989538797797,0.008332989538797797,82.63754272343337,82.07825965436277,0.554664635189198,1,5.589096502522928e-05,1.0000558909650252,3,3,0,1,99.94887688736516,99.77365924298019,0.0017530726691649123,0.8812830164550273,0.002253880821571918,0.8813087068176905,0.0017761622577560448,0.0017761622577560459,0.0017767423792949774,0.11588600001414306,0.22833049998735078,0.5036015420046169,0.5606850420081173
endpoints,20.0,0.008888587416217252,0.01,2.4000000000000004,1.0,0.0,0.0,74613,0 5 6 10 11 15 21 23,0 3 8 14 18 21 22 23,91.52839092371623,91.53180933617428,90.03708104002702,90.04050007209874,0.016524684452286387,90.31940686667133,0.003097570474944744,0.013385650980077823,0.013385650980077823,91.56345384207279,91.56345384207279,-0.035062918356558725,0,0.00038308242942663995,1.0000373481104994,22,22,0,1,99.96502305725055,99.95865221719073,6.373069164566925e-05,0.8813467111112014,0.0008997490590963547,0.8811974913539039,0.0007386394215859627,0.0007386394215859638,0.0007389819755440525,0.0828754999965895,0.2531157500052359,0.4551801249908749,0.5184601464934531
endpoints,20.0,0.008888587416217252,0.01,3.5999999999999996,1.0,0.0,0.0,74613,0 5 11 14 16 17 20 23,0 1 6 9 13 16 20 23,95.56130154580275,95.56368419130891,95.1734644063259,95.17581100358532,0.00405029952624103,95.1734644063259,-2.465539546947504e-05,0.004075055393812699,0.004075055393812699,95.56368419130891,95.24827445055776,0.3130270952449905,1,2.4933162981355395e-05,1.0000249331629814,3,3,0,1,99.96922547055516,99.95712929681626,0.00012099897425388306,0.8813134207803799,0.0003712592978515187,0.8813082517540721,0.0003336214093632005,0.00033362140936320066,0.0003338387962978872,0.10118829100974835,0.2026706250035204,0.5310380000155419,0.5817066142481053
endpoints,20.0,0.008888587416217252,0.01,4.799999999999999,1.0,0.0,0.0,74613,0 3 5 6 12 13 16 23,0 1 3 4 12 14 20 23,97.1094500597721,97.16087931885878,96.49194699288286,96.49323456590746,0.006386100503696479,96.88055681116816,0.004013983436280677,0.0023626334956980966,0.0023626334956980966,97.16087931885882,97.07432810594611,0.03512195382599259,1,0.0005296009714303995,1.00052960097143,6,6,0,1,99.9607865738358,99.94526105571576,0.00015531608595908963,0.8813823313772324,0.0002455486228770206,0.8817361019786567,0.0001864241332872525,0.0001864241332872523,0.00018654393039735983,0.10693558299681172,0.19072487502126023,0.44756845899973996,0.4952507187408628
endpoints,20.0,0.008888587416217252,0.01,6.0,1.0,0.0,0.0,74613,0 4 5 9 11 16 17 23,0 1 7 9 16 17 21 23,97.8518481662752,97.85271866829423,97.76525035131371,97.76604527559117,0.0008776348725385574,97.76525035131371,-8.130883019985546e-06,0.0008857729576747797,0.0008857729576747797,97.85271866829419,97.8148043668231,0.037043799452106896,1,8.896122406509832e-06,1.000008896122407,4,4,0,1,99.96689732632635,99.95701967451436,9.88092266157592e-05,0.8813742255330712,0.0001265489028245914,0.8812695272600084,0.00011749375611458257,0.0001174937561145826,0.00011756300026500167,0.08451225000317208,0.19344316702336073,0.47084591700695455,0.5192075417726301
endpoints,20.0,0.008888587416217252,0.01,-6.0,2.0,0.0,0.0,74613,0 2 8 12 14 18 19 23,0 1 5 7 9 12 13 23,83.62827560007176,83.67398947923176,79.23867163042084,79.24058177022367,0.055371802324359676,83.62827560007176,0.055371802324359676,0.0,0.0,83.67398947923176,83.54066256201125,0.08761303806051046,1,0.0005466318518705382,1.0005466318518705,1,1,0,1,99.9598250324111,99.88922944962269,0.0007062395593981918,0.8813124926378552,0.0022333967104695503,0.8818532839604198,0.0016505692494189613,0.0016505692494189622,0.0016507992418526155,0.10472737500094809,0.1948637500172481,0.47859787501511164,0.5273146045219619
endpoints,20.0,0.008888587416217252,0.01,-4.8,2.0,0.0,0.0,74613,0 6 10 11 12 13 20 23,0 2 6 8 13 18 21 23,79.39206630598433,79.39448162670689,73.5202995118102,73.52255156537633,0.07983284877414532,78.31242764904127,0.06514839299892605,0.013786300455165046,0.013786300455165046,79.39448162670693,79.0902776980687,0.30178860791562556,1,3.0422696309484465e-05,1.0000304226963088,11,11,0,1,99.92375233751561,99.58385130683006,0.0034016039503546036,0.8813837064466573,0.0030993494505130873,0.8812848739736913,0.0022114897669461026,0.0022114897669461005,0.0022118019062614823,0.07927941699745134,0.1972636670107022,0.4722852920240257,0.5216019587533083
endpoints,20.0,0.008888587416217252,0.01,-3.6,2.0,0.0,0.0,74613,0 1 3 8 19 20 22 23,0 1 6 7 8 9 22 23,68.09678350289104,68.09814700358918,67.48402242190667,67.48700045314814,0.00903556308101483,67.58458785963715,0.0014460178380095723,0.007578586471780335,0.007578586471780335,68.09814700358916,68.03940524036915,0.05737826252189393,1,2.0022982407885692e-05,1.000020022982408,10,10,0,1,99.83680484885636,98.3371749512418,0.015020812213340062,0.8811595009613653,0.0041681419545464915,0.8813052552212818,0.004053104744287963,0.004053104744287963,0.004053344531694671,0.09467304099234752,0.19453820801572874,0.4535918330075219,0.502227135017165
endpoints,20.0,0.008888587416217252,0.01,-2.4000000000000004,2.0,0.0,0.0,74613,0 1 3 8 14 17 20 23,0 1 3 8 14 17 20 23,73.71463188827468,73.71895471932854,73.71463188827468,73.71895471932854,-5.863934276217897e-05,73.71463188827468,-5.863934276217897e-05,0.0,0.0,73.71895471932854,73.28872370834097,0.4259081799337139,1,5.864278153633329e-05,1.0000586427815363,1,1,0,1,99.9494857372834,99.9494857372834,0.0,0.8812710795302932,0.003065883220073942,0.8812710795302932,0.003065883220073942,0.003065883220073942,0.003066559062422848,0.0788170000014361,0.2347385830071289,0.3976197919982951,0.4563056457627681
endpoints,20.0,0.008888587416217252,0.01,-1.2000000000000002,2.0,0.0,0.0,74613,0 8 10 11 15 16 17 23,0 1 8 12 15 20 21 23,73.02120756673753,73.06141121313857,69.54951778552423,69.55253461642612,0.04987126593503355,71.19725293701586,0.023647137083647296,0.0256183287202838,0.0256183287202838,73.06141121313856,71.2377942200371,1.7834133467004278,1,0.0005505749321426112,1.0005505749321428,2,2,0,1,99.96806921271832,99.93860599340417,0.0002947263015699031,0.8813914904561633,0.0037837256104313343,0.8816904232401775,0.003179211557280046,0.0031792115572800484,0.0031796989383515426,0.1422637919895351,0.2865298749820795,0.4961505419923924,0.5677834687448922
endpoints,20.0,0.008888587416217252,0.01,0.0,2.0,0.0,0.0,74613,0 1 10 11 12 13 14 23,0 2 3 4 5 6 7 23,1.4122569104019644,1.4175154582957368,1.412166886933787,1.4143541276988334,-0.0014828091888706707,1.4122569104019644,-0.0014828091888706707,0.0,0.0,1.419429756340379,1.419429756340379,-0.007172845938414607,0,0.005078995107464568,1.0037235065766297,74613,74613,0,1,1.4282433985896414,1.4254716530827856,0.0019406674727800999,0.8818629826961847,0.6146207342067793,0.8813511324110118,0.6128690994245672,0.6137101665914906,0.6151832218739701,2.31687733400031,0.18974762500147335,2.75902299999143,2.8064604062456056
endpoints,20.0,0.008888587416217252,0.01,1.1999999999999993,2.0,0.0,0.0,74613,0 7 8 10 15 16 17 23,0 2 6 12 15 17 22 23,85.51734817272258,85.52037144981105,82.95212187957512,82.95477744138424,0.030891177221818777,84.80394046112642,0.022291217899400584,0.008412435881127278,0.008412435881127278,85.52037144981102,84.93637119142184,0.5809769813007364,1,3.5352792773002406e-05,1.0000353527927732,3,3,0,1,99.93781857304789,99.81969030065558,0.0011820177194078463,0.8813876117587434,0.0017363294233406754,0.8812660101007264,0.0014161621441598439,0.0014161621441598452,0.0014165089404938314,0.1211511250003241,0.19510262500261888,0.4986004999955185,0.5473776562575949
endpoints,20.0,0.008888587416217252,0.01,2.4000000000000004,2.0,0.0,0.0,74613,0 1 2 9 10 11 14 23,0 2 6 9 14 16 20 23,91.10826631857267,91.11038391775793,89.2420125975398,89.24386158325413,0.020891125756355544,90.48683708704901,0.0139278543279453,0.006867620214483061,0.006867620214483061,91.11038391775793,90.85116046657568,0.25710585199699665,1,2.3242667990697186e-05,1.0000232426679907,5,5,0,1,99.95036430364668,99.77327208671826,0.0017718016153539518,0.8813682121115776,0.000987365915198867,0.8813146859292683,0.0007844558531953703,0.0007844558531953703,0.0007846667738949436,0.11249191701062955,0.22007462501642294,0.5452575410017744,0.6002767392565147
endpoints,20.0,0.008888587416217252,0.01,3.5999999999999996,2.0,0.0,0.0,74613,0 3 5 10 15 16 18 23,0 1 3 4 19 20 22 23,93.86070921642236,93.86309159314774,93.2772945923619,93.27900965400772,0.006236124982161417,93.59059462061485,0.0033403545745485097,0.002886129711029861,0.002886129711029861,93.86309159314774,93.77570903498959,0.08500018143277543,1,2.5382044790189795e-05,1.0000253820447902,13,13,0,1,99.96068531651856,99.91450947495699,0.00046194002587485183,0.8813376361918875,0.0005598151714706108,0.8811389769399643,0.0004989041098373815,0.0004989041098373815,0.0004991246710788943,0.10062933299923316,0.1754679580044467,0.49288308300310746,0.5367508645067574
endpoints,20.0,0.008888587416217252,0.01,4.799999999999999,2.0,0.0,0.0,74613,0 6 10 11 13 14 19 23,0 2 6 10 12 17 18 23,96.94344042357223,96.94473550680124,96.67718451185048,96.67852552980561,0.002740162743637864,96.67998736578106,1.5120586163597238e-05,0.002725000953862411,0.002725000953862411,96.94473550680124,96.90982687491241,0.03361354865981525,1,1.3359163068216162e-05,1.0000133591630682,13,13,0,1,99.96343704351261,99.96242859705592,1.0088153094001129e-05,0.8813874755738741,0.00022809563975411458,0.8813396806469843,0.0002025682410711539,0.00020256824107115425,0.0002026768741180508,0.09609833397553302,0.19301441599964164,0.4496132500062231,0.4978674369849614
endpoints,20.0,0.008888587416217252,0.01,6.0,2.0,0.0,0.0,74613,0 9 12 14 16 18 20 23,0 9 12 14 16 18 20 23,97.8927251714124,97.89356735179622,97.8927251714124,97.89356735179622,-8.603020674513573e-06,97.8927251714124,-8.603020674513573e-06,0.0,0.0,97.93614708282819,97.93614708282819,-0.043421911415791214,0,0.00044356627461095144,1.000008603094687,2,2,0,1,99.9665730563956,99.9665730563956,0.0,0.8813153832751653,0.00011420415749276798,0.8813153832751653,0.00011420415749276798,0.00011420415749276802,0.00011427300963960809,0.11834295798325911,0.19593991700094193,0.4979443330084905,0.5469301452685613
endpoints,20.0,0.008888587416217252,0.01,-6.0,4.0,0.0,0.0,74613,0 7 12 14 17 18 19 23,0 8 11 14 16 19 22 23,87.26437188397743,87.30942661600196,84.8157913384415,84.81726035218792,0.028851574804801938,85.05289003838536,0.0027780865029007895,0.026001254567528553,0.026001254567528553,87.30942661600194,86.79912228582742,0.46524959815000955,1,0.0005163015678886218,1.0005163015678888,25,25,0,1,99.96561082391354,99.96489153386092,7.195374956303624e-06,0.8813146922588145,0.001502159568527587,0.8817157746975673,0.0012101591781850493,0.00121015917818505,0.001210303651340731,0.06925499998033047,0.24200720802764408,0.40445220898254775,0.46495480200246675
endpoints,20.0,0.008888587416217252,0.01,-4.8,4.0,0.0,0.0,74613,0 4 7 9 17 18 22 23,0 9 14 15 19 20 22 23,83.60980788895566,83.61186080606207,82.73995894272197,82.74138757596022,0.01049559764994501,83.00410043702875,0.0031751082350093274,0.00729731963526814,0.00729731963526814,83.61186080606204,83.5279207588122,0.08188713014345694,1,2.455354411412536e-05,1.0000245535441146,6,6,0,1,99.95831024350501,99.5755757423124,0.003828941288225529,0.8812646275129409,0.0017622446924889428,0.8812141037946409,0.0016507558695232638,0.0016507558695232646,0.0016509972822996491,0.09138437500223517,0.20023016701452434,0.47886929201195017,0.5289273337693885
endpoints,20.0,0.008888587416217252,0.01,-3.6,4.0,0.0,0.0,74613,0 4 8 9 11 12 15 23,0 4 8 9 11 12 15 23,83.9516182154354,83.99434116171065,83.9516182154354,83.99434116171065,-0.0005086407689417483,83.9516182154354,-0.0005086407689417483,0.0,0.0,83.99434116171065,83.44971154804355,0.5019066673918502,1,0.0005088996160338422,1.0005088996160338,1,1,0,1,99.96935529659562,99.96935529659562,0.0,0.8818544647005764,0.0016103873064105551,0.8818544647005764,0.0016103873064105551,0.0016103873064105547,0.001610636274660663,0.06255779200000688,0.1926352079899516,0.41906583300442435,0.46722542700445047
endpoints,20.0,0.008888587416217252,0.01,-2.4000000000000004,4.0,0.0,0.0,74613,0 7 8 11 12 14 19 23,0 4 5 7 9 11 15 23,83.4865571773028,83.48837856171266,80.2029164729715,80.20468993449866,0.04091864510023502,81.9245389503892,0.021443247487087147,0.019066548886646828,0.019066548886646828,83.48837856171268,82.75824030115545,0.7283168761473462,1,2.1816499224058816e-05,1.0000218164992238,5,5,0,1,99.9680410604469,99.94875127726195,0.000192959499659362,0.8813938060744076,0.0021007176580149635,0.8814128841846248,0.0016687248632768924,0.0016687248632768915,0.001668942180774703,0.09266133300843649,0.19411912499344908,0.3939096249814611,0.4424401142387069
endpoints,20.0,0.008888587416217252,0.01,-1.2000000000000002,4.0,0.0,0.0,74613,0 4 6 13 20 21 22 23,0 2 4 8 9 18 19 23,83.71655067205191,83.71773838268706,81.20022591321707,81.20146235580093,0.03097343623235016,83.71655067205191,0.03097343623235016,0.0,0.0,83.71773838268707,82.88740151780848,0.8291491542434244,1,1.4187285854783127e-05,1.0000141872858546,1,1,0,1,99.94558540943613,99.86960732210846,0.0007601945300177437,0.8811784987637187,0.0019631691063765615,0.8813054273992161,0.0016385176444883947,0.0016385176444883944,0.0016386520448623172,0.09797612502006814,0.20982795901363716,0.41533250000793487,0.4677899897651514
endpoints,20.0,0.008888587416217252,0.01,0.0,4.0,0.0,0.0,74613,0 1 10 11 12 13 14 23,0 1 10 11 12 13 14 23,2.6865750294047994,2.688005101523244,2.6865750294047994,2.688005101523244,-0.0005320198676833643,2.6865750294047994,-0.0005320198676833643,0.0,0.0,2.6925732450843745,2.6925732450843745,-0.005998215679575036,0,0.00223266263325006,1.0005323030634887,45719,45719,0,1,2.7504766541423478,2.7504766541423478,0.0,0.8818629826961847,0.3191848162378342,0.8818629826961847,0.3191848162378342,0.3187514756418526,0.31918639237801427,1.4953219590242952,0.19316779100336134,1.8990912080043927,1.9473836977558676
endpoints,20.0,0.008888587416217252,0.01,1.1999999999999993,4.0,0.0,0.0,74613,0 3 8 10 11 19 20 23,0 7 11 13 15 21 22 23,89.68412702847787,89.73522262627789,88.24718830247234,88.2482551951868,0.016270824053294053,89.60932523823466,0.015423194940652918,0.0008347545307851867,0.0008347545307851867,89.73522262627789,89.6681109948301,0.016016033647773043,1,0.0005697284401708913,1.000569728440171,3,3,0,1,99.95596368956673,99.92906832416254,0.00026907214348625974,0.8813125601239243,0.0010981546238904437,0.8817493377222299,0.0009375356145849262,0.0009375356145849254,0.0009376308574946344,0.09539433300960809,0.1949556249892339,0.47632716700900346,0.5250669892702717
endpoints,20.0,0.008888587416217252,0.01,2.4000000000000004,4.0,0.0,0.0,74613,0 1 9 11 12 13 18 23,0 1 2 5 9 20 21 23,93.11630074110587,93.1631658715069,92.98059551332106,92.9817702805659,0.0014468477007272273,92.98059551332106,-1.2634382430931623e-05,0.0014595005230459979,0.0014595005230459979,93.16316587150686,93.02631742442549,0.08998331668038873,1,0.000503296737821346,1.0005032967378218,4,4,0,1,99.96868121921068,99.93153135719476,0.00037161500544813375,0.88136486881257,0.0005903122234982971,0.8816402500002677,0.0005748120051404255,0.0005748120051404255,0.0005749336086974725,0.126024041994242,0.2169560000183992,0.5515729170001578,0.6058127500145929
endpoints,20.0,0.008888587416217252,0.01,3.5999999999999996,4.0,0.0,0.0,74613,0 5 8 9 11 12 14 23,0 5 8 9 11 12 14 23,96.10982053381653,96.11100682118182,96.10982053381653,96.11100682118182,-1.2342887714122952e-05,96.10982053381653,-1.2342887714122952e-05,0.0,0.0,96.11100682118186,95.93668955643194,0.17313097738458794,1,1.2343040063367283e-05,1.000012343040063,1,1,0,1,99.9718408062213,99.9718408062213,0.0,0.8814425237318009,0.0002825008169104927,0.8814425237318009,0.0002825008169104927,0.00028250081691049285,0.0002825939056012637,0.08322070800932124,0.19365120798465796,0.4831662079959642,0.5315791769899079
endpoints,20.0,0.008888587416217252,0.01,4.799999999999999,4.0,0.0,0.0,74613,0 1 11 12 18 19 22 23,0 3 5 8 10 11 20 23,96.87389588872283,96.87472483914587,96.1902964268218,96.19112159979768,0.007098100922097839,96.25415676923383,0.0006553117209548986,0.006438569930800941,0.006438569930800941,96.87472483914584,96.77613735462326,0.0977585340995688,1,8.557005118925431e-06,1.0000085570051191,28,28,0,1,99.9568274504486,99.94088973386998,0.00015944600269068854,0.881213037903534,0.00027247675735391316,0.881355329385532,0.00020929988977473529,0.00020929988977473558,0.00020936537900517868,0.1217915000161156,0.21267549999174662,0.4893279169918969,0.5424977499715169
endpoints,20.0,0.008888587416217252,0.01,6.0,4.0,0.0,0.0,74613,0 1 7 9 18 19 21 23,0 4 5 12 13 16 22 23,97.71059503868621,97.71133960261665,97.32916916880262,97.32998794352116,0.003910481273108779,97.40791652151823,0.0008006635944750595,0.0031073297528245725,0.0031073297528245725,97.71133960261662,97.6926255654667,0.017969473219508814,1,7.6200941168114156e-06,1.0000076200941173,17,17,0,1,99.95510193557332,99.9335170054949,0.000215946256473587,0.8812287669773353,0.00016544398352664352,0.8812992338325096,0.0001308287274634653,0.0001308287274634653,0.0001308874251112237,0.090210708003724,0.21048420897568576,0.4808871670102235,0.5335087602361455
endpoints,20.0,0.008888587416217252,0.03,0.0,0.0,0.0,0.0,74613,0 10 11 12 13 14 15 23,0 1 2 3 4 5 6 23,0.9204579302490785,0.9893526395464691,0.9188515007149081,0.9893376931541404,-0.06962209504569072,0.9204579302490785,-0.06962209504569072,0.0,0.0,0.9893526586284728,0.9893524083430659,-0.06889447809398741,0,0.07484831855460383,1.0748482978236142,74613,74613,0,1,0.9900971969002197,0.9900938852324013,3.3447906213623924e-06,0.8247572215738785,0.8247572215738785,0.8259274644128205,0.8259274644128205,0.8883132083989573,0.8884029232412409,1.3395656250067987,0.202641957992455,1.5715542089892551,1.6222150734902243
endpoints,20.0,0.008888587416217252,0.03,-6.0,1.0,0.0,0.0,74613,0 1 5 12 14 17 18 23,0 8 9 15 17 19 20 23,34.861350104626,34.86615426025274,25.24917310886465,25.251080646346658,0.38058844264432534,34.73944774597149,0.37576083307141994,0.003509047108229968,0.003509047108229968,35.337450360672555,35.337450360672555,-0.47610025604655704,0,0.013656965511022578,1.0001378075035052,9,9,0,1,99.95888027522349,99.72812125962193,0.002308539421071898,0.8248336425163011,0.023776693490706567,0.8243138915828604,0.014753649850041118,0.014553198864526173,0.014756663006099086,0.11019399997894652,0.21991604199865833,0.5696041670162231,0.6245838024915429
endpoints,20.0,0.008888587416217252,0.03,-4.8,1.0,0.0,0.0,74613,0 6 9 13 14 15 17 23,0 1 5 7 8 9 20 23,28.876349750536296,29.16821283922284,25.17558389355933,25.381646520378393,0.13768623037721683,28.555061410695078,0.1250279365355127,0.011251537344650231,0.011251537344650231,29.664923378196573,29.308496759122654,-0.4321470085863588,0,0.027308632651730225,1.0101073401315595,9,9,0,1,99.97292360745728,99.5400317521635,0.004330090985370405,0.8306742624395796,0.023838771771164412,0.8333272530938826,0.019681118163183128,0.019032459710354274,0.019690185780499702,0.14669191601569764,0.21774087499943562,0.6774570000125095,0.7318930107649066
endpoints,20.0,0.008888587416217252,0.03,-3.6,1.0,0.0,0.0,74613,0 3 5 8 10 15 16 23,0 1 4 5 7 10 12 23,22.504754554859527,22.699247703396242,20.397007471693154,20.614196263954867,0.09171147236093868,20.620421249764384,0.00030197567393885905,0.0913819015756856,0.0913819015756856,22.73148739550416,22.513843296450425,-0.009088741590897342,0,0.010074886179803899,1.0086423136969835,26,26,0,1,99.95844311526493,99.09585272120938,0.008629490087804448,0.8337678529043875,0.031557707080468005,0.8319025312685403,0.02776031576060793,0.027600640938471824,0.027795141117681856,0.11077545801526867,0.20230795798124745,0.5978285839955788,0.6484065315016778
endpoints,20.0,0.008888587416217252,0.03,-2.4000000000000004,1.0,0.0,0.0,74613,0 6 12 14 15 17 18 23,0 8 10 18 19 21 22 23,19.380457627892785,19.56729085583219,15.016021750777503,15.018088691330107,0.29047430909640726,18.02499932134025,0.20021926170578697,0.07519879931134166,0.07519879931134166,19.608408300214492,19.460449489494163,-0.07999186160137839,0,0.011761882856348826,1.0096402897974148,71,71,0,1,99.96550868615586,99.1502893404546,0.008155006225803896,0.8245142182636728,0.04601282082620857,0.8311532383490932,0.033588076546763664,0.03334206071069722,0.03362672122212706,0.10755633300868794,0.2593449999985751,0.6318634590134025,0.6967008340216125
endpoints,20.0,0.008888587416217252,0.03,-1.2000000000000002,1.0,0.0,0.0,74613,0 1 2 3 7 13 21 23,0 1 6 7 20 21 22 23,17.38907507655701,17.391966395388998,14.275444787418307,14.277128611710701,0.217967250242024,17.38907507655701,0.217967250242024,0.0,0.0,17.391966395388998,17.386948769090075,0.0021263074669342075,1,0.00016627214611819596,1.0001662721461182,1,1,0,1,99.94963144432533,99.39094013589424,0.005589728549847628,0.825258545194559,0.04891425008975347,0.8244476203943676,0.03851534619608246,0.038514903033235924,0.038522641055170274,0.17548745797830634,0.1896000420092605,0.636791875003837,0.6841927195055177
endpoints,20.0,0.008888587416217252,0.03,0.0,1.0,0.0,0.0,74613,0 1 10 11 12 13 14 23,0 1 2 3 4 5 6 23,1.0215508674251341,1.0928066841343878,1.020255595351714,1.088468964151261,-0.06147910407193524,1.0215508674251341,-0.06147910407193524,0.0,0.0,1.0945552401749499,1.0945552401749499,-0.07300437274981575,0,0.07146425604221407,1.0697525879341252,74613,74613,0,1,1.0991894577163885,1.0989444183406685,0.00022292733431883427,0.8291426033913503,0.7528626711857019,0.825927477063437,0.7468969408518994,0.7994690280698049,0.7996067240425258,2.6812278339930344,0.18813399999635294,3.12314412498381,3.1701785829936853
endpoints,20.0,0.008888587416217252,0.03,1.1999999999999993,1.0,0.0,0.0,74613,0 2 6 8 15 17 21 23,0 2 3 13 17 18 20 23,34.06892067415481,34.075225286622164,29.12007445981959,29.124785209090255,0.1697569760453177,33.879553050839306,0.1632550354488116,0.005589436880449439,0.005589436880449439,34.075225286622164,34.059931470488685,0.008989203666125434,1,0.0001850546581048107,1.0001850546581048,5,5,0,1,99.94887688736516,99.4408431413304,0.005082936015451844,0.8247607632886654,0.019429587546022333,0.824627329065967,0.0153116144057708,0.015311614405770795,0.01531586215898545,0.1423345840012189,0.256399165984476,0.5277158330136444,0.5918165835100808
endpoints,20.0,0.008888587416217252,0.03,2.4000000000000004,1.0,0.0,0.0,74613,0 5 6 10 11 15 21 23,0 3 7 9 10 18 20 23,55.66150477048816,55.67566234479652,49.34770461937839,49.357410866037,0.12772335083704767,53.513173509553546,0.08419733877037983,0.040145839239959846,0.040145839239959846,55.90880737488265,55.90880737488265,-0.24730260439449125,0,0.004442973746653145,1.000254351267842,17,17,0,1,99.96502305725055,99.85438748234102,0.001106742853909659,0.8248478455653245,0.007823145048925183,0.824844902230394,0.005926591559511351,0.005926591559511351,0.0059302258110383145,0.10527345800073817,0.21665854199090973,0.4465237919939682,0.5006893854733789
endpoints,20.0,0.008888587416217252,0.03,3.5999999999999996,1.0,0.0,0.0,74613,0 5 11 14 16 17 20 23,0 1 6 9 13 16 20 23,69.77471801330137,69.78677121977718,67.76973006296242,67.78129607363431,0.029409616740014854,67.76973006296242,-0.00017063720143861705,0.029585302294640625,0.029585302294640625,69.78677121977718,68.84516035157672,0.9295576617246439,1,0.00017274461035454713,1.0001727446103545,10,10,0,1,99.96922547055516,99.95712929681626,0.00012099897425388306,0.82445438726651,0.003274862311431256,0.8248798373659268,0.0029314154718395684,0.0029314154718395684,0.0029333494858537106,0.09915779199218377,0.20008312500431202,0.4847568749974016,0.5347791152526042
endpoints,20.0,0.008888587416217252,0.03,4.799999999999999,1.0,0.0,0.0,74613,0 3 5 6 12 13 16 23,0 1 3 4 12 14 20 23,79.19210785086838,79.3526888631805,75.11752336470498,75.12558015423326,0.05412973434995805,77.5213809763852,0.031890613253612754,0.02155182032931169,0.02155182032931169,79.3526888631805,78.91754412990026,0.27456372096811776,1,0.0020277400951937974,1.0020277400951938,21,21,0,1,99.9607865738358,99.94526105571576,0.00015531608595908963,0.8251906726003505,0.002095563001073759,0.8251207334969383,0.001509557187547935,0.0015294238577841387,0.0015305159744696208,0.08919920900370926,0.19410137500381097,0.49373283301247284,0.5422585517371772
endpoints,20.0,0.008888587416217252,0.03,6.0,1.0,0.0,0.0,74613,0 4 5 9 11 16 17 23,0 7 8 11 12 19 22 23,83.47911047249548,83.48518588647973,82.87503523753692,82.88015648948108,0.007226747732919758,82.87503523753692,-6.179105060943879e-05,0.007288989177828498,0.007288989177828498,83.4851858864797,83.25209734878536,0.2270131237101225,1,7.277765598878716e-05,1.0000727776559892,8,8,0,1,99.96689732632635,99.80897160148591,0.00157978019788807,0.8250133534430947,0.0010657054855800928,0.8245430501859575,0.0009879318899401626,0.0009879318899401622,0.0009885567743178954,0.10416687501128763,0.1919913329766132,0.43456612501177005,0.4825645832606824
endpoints,20.0,0.008888587416217252,0.03,-6.0,2.0,0.0,0.0,74613,0 2 8 12 14 18 19 23,0 1 3 4 5 12 17 23,36.90505833670914,36.90937817886203,29.735858002262322,29.73860605911304,0.24098144557787804,36.317716789609435,0.22123130846882133,0.01617231475486758,0.01617231475486758,36.90937817886202,36.809420401005866,0.09563793570327306,1,0.00011705284715901598,1.0001170528471592,8,8,0,1,99.9598250324111,99.63989044089192,0.0032006317679672547,0.8246927126696844,0.018842796866906104,0.825436269682865,0.013475275385340097,0.013475275385340102,0.013477668737939657,0.13482450001174584,0.23261529099545442,0.5057279170141555,0.5638823227709509
endpoints,20.0,0.008888587416217252,0.03,-4.8,2.0,0.0,0.0,74613,0 6 10 11 12 13 20 23,0 6 7 10 11 17 22 23,30.436576731541713,30.478258129255533,24.209065471962123,24.211591478150407,0.2571076444524105,30.21469865535404,0.2479435184019647,0.007343382064422865,0.007343382064422865,30.93410741434373,30.93410741434373,-0.4975306828020152,0,0.01634647310012438,1.0013694509103788,10,10,0,1,99.92375233751561,99.92282070129437,9.323471141242656e-06,0.8247835204437326,0.025177059246789313,0.8247029453503228,0.018170142182201147,0.017899582110141758,0.01820695635464673,0.11686949999420904,0.20522645898745395,0.4914079580048565,0.5427154057324515
endpoints,20.0,0.008888587416217252,0.03,-3.6,2.0,0.0,0.0,74613,0 1 3 8 19 20 22 23,0 5 8 9 20 21 22 23,19.8157922472568,19.817925402349882,18.633429256081268,18.6354589652161,0.06333803123624948,19.255099505261647,0.03325061868356105,0.029119181744136968,0.029119181744136968,19.817925402349875,19.712009926143025,0.10378232111377628,1,0.00010764924593753555,1.000107649245938,20,20,0,1,99.83680484885636,93.74611917553204,0.06100641624644387,0.824549528128008,0.035357681466511415,0.8243011112279385,0.03270512607763807,0.03270512607763807,0.03270920571320053,0.08825516697834246,0.19920704097603448,0.440528125007404,0.49033113526093075
endpoints,20.0,0.008888587416217252,0.03,-2.4000000000000004,2.0,0.0,0.0,74613,0 1 3 8 14 17 20 23,0 1 3 8 17 20 22 23,23.510916740259294,23.591558516094867,23.50863518461246,23.51268395423598,-7.516002767371521e-05,23.510916740259294,-7.516002767371521e-05,0.0,0.0,23.591558516094853,23.512683954235982,-0.001767213976687998,0,0.0034299715628471894,1.0034299715628479,2,2,0,1,99.9494857372834,99.92280641865335,0.0002669280230233051,0.8248975546557327,0.026194500344468675,0.8246187870358759,0.026065389298517223,0.026065389298517233,0.02618489924962117,0.08938416599994525,0.22081379100563936,0.4412660830130335,0.49647023877332686
endpoints,20.0,0.008888587416217252,0.03,-1.2000000000000002,2.0,0.0,0.0,74613,0 8 10 11 15 16 17 23,0 1 8 12 15 20 21 23,23.017356667114317,23.23468226335051,19.996668544896686,19.998995714644114,0.1509256262433234,21.750122962651258,0.08756075919976802,0.05826328920710555,0.05826328920710555,23.254043717851463,23.134458674728247,-0.11710200761392997,0,0.010282981410950187,1.0094418138181216,19,19,0,1,99.96806921271832,99.93860599340417,0.0002947263015699031,0.824670827030791,0.0323470245513843,0.8311673411056111,0.026884113569526902,0.02673869630729003,0.026933226241177673,0.1256807919999119,0.20462641600170173,0.5533047080098186,0.6044618540108786
endpoints,20.0,0.008888587416217252,0.03,0.0,2.0,0.0,0.0,74613,0 1 10 11 12 13 14 23,0 1 2 3 4 5 6 23,1.3235010204100945,1.4016638550314005,1.3218908279312331,1.3855725959578664,-0.04479850116035311,1.3235010204100945,-0.04479850116035311,0.0,0.0,1.408470823746515,1.408470823746515,-0.08496980333642057,0,0.06420078415209085,1.0590576307958468,74613,74613,0,1,1.4282433985896414,1.4251504574563014,0.0021655560504563187,0.8291426033913503,0.5895229327092598,0.825927477063437,0.5803593082890868,0.6133376812741151,0.6151525534617226,2.3743501249991823,0.2097855839820113,2.813359749998199,2.865806979993067
endpoints,20.0,0.008888587416217252,0.03,1.1999999999999993,2.0,0.0,0.0,74613,0 7 8 10 15 16 17 23,0 2 6 12 15 17 22 23,39.98094923038352,40.18896529689582,34.88015469778698,34.88475661099807,0.14608651785114612,37.65997916093177,0.07955401784453797,0.061629616403492626,0.061629616403492626,40.1889652968958,39.1451830483616,0.8357661820219207,1,0.005202879634338409,1.0052028796343389,6,6,0,1,99.93781857304789,99.81969030065558,0.0011820177194078463,0.824762942922288,0.014753915013117925,0.8287987224805233,0.011733957015015952,0.01173395701501596,0.01173667032822998,0.13664958300068974,0.20949133299291134,0.5369713330001105,0.5893448742572218
endpoints,20.0,0.008888587416217252,0.03,2.4000000000000004,2.0,0.0,0.0,74613,0 1 2 9 10 11 14 23,0 2 3 11 12 14 17 23,56.002767757136596,56.0138343081653,46.90441305177891,46.90942434042237,0.19384896627005488,54.67381992490172,0.1655188843958737,0.024306840715726086,0.024306840715726086,56.013834308165315,55.55751059704402,0.44525716009257366,1,0.00019760721607031684,1.00019760721607,7,7,0,1,99.95036430364668,99.48635982982353,0.004642349000485102,0.8253664101361854,0.008706307889819537,0.8250663934107293,0.005841102197094168,0.005841102197094165,0.005843822048934847,0.09104191701044329,0.21330870798556134,0.5374090419791173,0.590736759986612
endpoints,20.0,0.008888587416217252,0.03,3.5999999999999996,2.0,0.0,0.0,74613,0 3 5 10 15 16 18 23,0 1 3 4 19 20 22 23,62.94626943599149,62.955546971123745,60.29278890112634,60.29982330025557,0.043888124224813474,61.61535662661294,0.021816537003878755,0.021600342548430573,0.021600342548430573,62.955546971123745,62.88661386642629,0.05965556956520146,1,0.00014738816478532257,1.0001473881647853,20,20,0,1,99.96068531651856,99.91450947495699,0.00046194002587485183,0.8248596930609825,0.004790717893745181,0.8246260368530622,0.004209957136676543,0.004209957136676541,0.004211748043598321,0.06850850000046194,0.1826607920229435,0.4410816660092678,0.48674794801627286
endpoints,20.0,0.008888587416217252,0.03,4.799999999999999,2.0,0.0,0.0,74613,0 6 10 11 13 14 19 23,0 2 4 7 10 17 19 23,78.08732552974918,78.09623778839816,76.46027078013617,76.46858373490862,0.02116871682169763,77.4600669995691,0.01296589025497874,0.008097830978942566,0.008097830978942566,78.09623778839818,78.07199824485704,0.015327284892137527,1,0.00011413194892440082,1.000114131948924,9,9,0,1,99.96343704351261,99.90708287510257,0.0005637478069657753,0.8247647707980299,0.001897080769520534,0.825030093232049,0.0016756870814540578,0.0016756614864279758,0.0016767660622984924,0.13959062498179264,0.1866769999905955,0.5285914999840315,0.5752616249883431
endpoints,20.0,0.008888587416217252,0.03,6.0,2.0,0.0,0.0,74613,0 9 12 14 16 18 20 23,0 4 10 12 13 14 16 23,84.13160546981153,84.47901875121909,83.95192720034036,83.95805827719656,0.0020670701082914356,83.95192720034036,-7.302547226561984e-05,0.0021402518734607856,0.0021402518734607856,84.47901875121909,84.19948328586035,-0.0678778160488207,0,0.004129402731203324,1.0041294027312033,5,5,0,1,99.9665730563956,99.96460213931823,1.9715761150118638e-05,0.8243157543922695,0.0009295976550799227,0.8248734855354134,0.0008756534299574672,0.0009152928343651383,0.0009158929210625783,0.09325958401313983,0.21947104201535694,0.4959786660037935,0.5508469685082673
endpoints,20.0,0.008888587416217252,0.03,-6.0,4.0,0.0,0.0,74613,0 7 12 14 17 18 19 23,0 6 7 10 13 14 18 23,43.703188151536146,43.996637814634305,38.49494475863526,38.498312035855776,0.1351975149152711,41.63902236639087,0.08158046845300548,0.04957286861786114,0.04957286861786114,44.034939304341215,43.33585937816169,0.367328773374453,1,0.007591005755798852,1.006714605398596,25,25,0,1,99.96561082391354,99.88611398948099,0.0007952418214357548,0.8243599116534794,0.012524297150921794,0.8283299513873071,0.009938531939521005,0.009844032484897642,0.009986073663757672,0.08876891699037515,0.20356245900620706,0.5364129999943543,0.5873042397506651
endpoints,20.0,0.008888587416217252,0.03,-4.8,4.0,0.0,0.0,74613,0 4 7 9 17 18 22 23,0 9 14 15 19 20 22 23,38.25004109217803,38.41202217992076,34.596729205754976,34.791265285143716,0.09941506233494923,38.18214896657765,0.09746364938563712,0.001778111694546336,0.001778111694546336,38.65024013527177,38.65024013527177,-0.40019904309374255,0,0.010462708840738522,1.0042347951300856,3,3,0,1,99.95831024350501,99.5755757423124,0.003828941288225529,0.826726804737147,0.014873894286055563,0.8241556611476301,0.012567082303208339,0.012427430460916558,0.01265312664797775,0.09508466700208373,0.22107566701015458,0.5867252080061007,0.6419952497672057
endpoints,20.0,0.008888587416217252,0.03,-3.6,4.0,0.0,0.0,74613,0 4 8 9 11 12 15 23,0 4 8 9 11 15 17 23,36.53790113482493,36.72296573133436,36.19710456008294,36.58909480835187,-0.0013991511349237262,36.53790113482493,-0.0013991511349237262,0.0,0.0,36.94384742225189,36.94384742225189,-0.40594628742696415,0,0.011110279321437266,1.005065003483001,2,2,0,1,99.96935529659562,99.92128524634026,0.00048084785695323706,0.8339804095252223,0.01390455392530774,0.829075008511728,0.01368788460887054,0.013548191808323421,0.013690111549764818,0.09036462497897446,0.17929966701194644,0.4594651250226889,0.5042910417541862
endpoints,20.0,0.008888587416217252,0.03,-2.4000000000000004,4.0,0.0,0.0,74613,0 7 8 11 12 14 19 23,0 4 5 9 11 15 17 23,35.8212497742101,35.89891480159678,30.67932454621606,30.681755762422082,0.16750977524182908,34.7955474407428,0.1340794089547881,0.02947797660646323,0.02947797660646323,36.26992606328975,36.26992606328975,-0.44867628907964985,0,0.012525422532931207,1.002168127239452,6,6,0,1,99.9680410604469,99.899741283265,0.000683216120445862,0.8248165383973958,0.017994376674371124,0.8250445397356969,0.01409384935925316,0.013866166582943968,0.014143477388464195,0.09634508300223388,0.1814116669993382,0.4686436250049155,0.5139977087310399
endpoints,20.0,0.008888587416217252,0.03,-1.2000000000000002,4.0,0.0,0.0,74613,0 4 6 13 20 21 22 23,0 2 4 8 9 18 19 23,36.645951897926906,36.82111402876354,32.127992159907166,32.13005240505596,0.14055064199522826,36.645951897926906,0.14055064199522826,0.0,0.0,37.080589414842834,37.080589414842834,-0.43463751691592734,0,0.01186045100224331,1.00477984939031,3,3,0,1,99.94558540943613,99.86960732210846,0.0007601945300177437,0.8242580290283665,0.016765215404803413,0.8288882678912728,0.0136226344670688,0.013356862901495747,0.013623831976809699,0.09211504200357012,0.19085962499957532,0.47285812502377667,0.5205735732743051
endpoints,20.0,0.008888587416217252,0.03,0.0,4.0,0.0,0.0,74613,0 1 10 11 12 13 14 23,0 1 2 3 4 5 6 23,2.511716501994067,2.615288446607737,2.5088669749393837,2.5630201425084316,-0.020016869810532856,2.511716501994067,-0.020016869810532856,0.0,0.0,2.6404100322246076,2.6404100322246076,-0.12869353023054053,0,0.05123728339897027,1.0412355234085708,74613,74613,0,1,2.7504766541423478,2.7179736108645334,0.011817240196844936,0.8291426033913503,0.3146135925470925,0.825927477063437,0.3069188250069665,0.31435536751045884,0.31993796847658784,2.285697874991456,0.19268675000057556,2.685114624997368,2.7332873125051265
endpoints,20.0,0.008888587416217252,0.03,1.1999999999999993,4.0,0.0,0.0,74613,0 3 8 10 11 19 20 23,0 1 5 10 13 15 21 23,50.899623231670304,51.05575727464614,45.19207953501375,45.194681247789646,0.12623038433664524,50.899623231670304,0.12623038433664524,0.0,0.0,51.05575727464614,49.90732999926426,0.9922932324060412,1,0.0030674891691278017,1.0030674891691278,1,1,0,1,99.95596368956673,99.52606770256592,0.004300853807341909,0.8247406165928919,0.009360033745000204,0.8248730709897367,0.0072677309898043505,0.007316165377089051,0.007317053142975791,0.11603579201619141,0.17385304099298082,0.5111538339988329,0.5546180522287614
endpoints,20.0,0.008888587416217252,0.03,2.4000000000000004,4.0,0.0,0.0,74613,0 1 9 11 12 13 18 23,0 2 6 8 11 14 22 23,61.423291964775814,61.60774310486073,58.508656243127184,58.51367309708285,0.04972545242315363,61.423291964775814,0.04972545242315363,0.0,0.0,61.60774310486074,61.372984420719206,0.05030754405660787,1,0.0030029510660336545,1.0030029510660337,1,1,0,1,99.96868121921068,99.55178593131778,0.004170258953188899,0.8249569028828153,0.0052099447595716376,0.8249282542820919,0.004501421902546557,0.004540505130799372,0.004541506105814795,0.10888420799165033,0.19584254201618023,0.4920299169898499,0.5409913434777991
endpoints,20.0,0.008888587416217252,0.03,3.5999999999999996,4.0,0.0,0.0,74613,0 5 8 9 11 12 14 23,0 3 5 6 7 9 14 23,72.57943621875043,72.58613992478546,72.5090905721841,72.51568792396772,0.0008790966011320567,72.5090905721841,-9.097826928883279e-05,0.0009701631341838546,0.0009701631341838546,72.58613992478546,72.55210258327521,0.027333635475216056,1,9.236371049814451e-05,1.0000923637104981,5,5,0,1,99.9718408062213,99.92310238658386,0.0004875214784921811,0.8251528794830297,0.0024903693737700085,0.8254721905013213,0.002483724038237888,0.002483724038237888,0.0024846431481124675,0.09550041699549183,0.1982556669972837,0.4426609170041047,0.49222533372812904
endpoints,20.0,0.008888587416217252,0.03,4.799999999999999,4.0,0.0,0.0,74613,0 1 11 12 18 19 22 23,0 3 5 8 12 13 20 23,78.28681926349643,78.29211910225587,73.36947842253102,73.37387295087045,0.06695770735607187,76.37785492475489,0.0409407579711083,0.02499368882017161,0.02499368882017161,78.29211910225587,78.23069015893908,0.05612910455734266,1,6.76977147533453e-05,1.0000676977147533,40,40,0,1,99.9568274504486,99.88441257232628,0.0007244615497447038,0.8243606265442189,0.0023464829622564707,0.8250105310503558,0.0016490061565512294,0.0016490061565512294,0.0016496252654324823,0.1273760839831084,0.20425133299431764,0.5045659169845749,0.5556295422356925
endpoints,20.0,0.008888587416217252,0.03,6.0,4.0,0.0,0.0,74613,0 1 7 9 18 19 21 23,0 4 5 12 13 16 22 23,83.51410207047739,83.51889404462985,79.78502037580918,79.78965500185876,0.04667832024755425,82.14791837161596,0.0295560040922882,0.016630776846726425,0.016630776846726425,83.51889404462989,83.40962289075786,0.10447917971953302,1,5.737922139736895e-05,1.0000573792213967,12,12,0,1,99.95510193557332,99.9335170054949,0.000215946256473587,0.824569474704318,0.001445703096570516,0.8247043248721985,0.0009858767311588209,0.000985876731158821,0.0009863549995712626,0.08803400001488626,0.20075341701158322,0.44584054200095125,0.4960295622367994
endpoints,20.0,0.008888587416217252,0.05,0.0,0.0,0.0,0.0,74613,0 10 11 12 13 14 15 23,0 1 2 3 4 5 6 23,0.8048276197918492,0.9878418574880615,0.8007373050675686,0.9877844372254507,-0.1852193763524983,0.8048276197918492,-0.1852193763524983,0.0,0.0,0.9878419388942488,0.9878409133992757,-0.18301329360742646,0,0.2273956740571752,1.2273955729098174,74613,74613,0,1,0.9900971969002197,0.9900938852324013,3.3447906213623924e-06,0.7187559411466656,0.7187559411466656,0.7221924479877703,0.7221924479877703,0.888278380991337,0.8884058314011841,1.341917415993521,0.18178149999585003,1.5776911249849945,1.6231375839852262
endpoints,20.0,0.008888587416217252,0.05,-6.0,1.0,0.0,0.0,74613,0 1 5 12 14 17 18 23,0 2 3 14 15 17 22 23,15.43106672154732,15.73647037717692,10.638265617880561,10.658002937153872,0.44783847523202613,15.332312594855878,0.43857275000434925,0.006440915294446459,0.006440915294446459,16.27228105558056,16.27228105558056,-0.841214334033241,0,0.05451433457018262,1.019791480468628,111,111,0,1,99.95888027522349,99.8505224199478,0.0010840243005658667,0.7191805020263909,0.05858939192635945,0.7290410162122314,0.03743952802125605,0.035228030817470404,0.037686440702184174,0.14151570800459012,0.17398541700094938,0.6977649579930585,0.741262270254083
endpoints,20.0,0.008888587416217252,0.05,-4.8,1.0,0.0,0.0,74613,0 6 9 13 14 15 17 23,0 5 7 8 9 18 20 23,11.951657607008217,12.17218332714845,10.022409983927346,10.41047340576676,0.1480417019640754,11.951657607008217,0.1480417019640754,0.0,0.0,13.058576072925995,13.058576072925995,-1.1069184659177775,0,0.09261631334457765,1.0184514757192276,107,107,0,1,99.97292360745728,99.38085805531051,0.005922259055576973,0.7419882067529131,0.06238465615615453,0.7287506049334952,0.050981576000407695,0.0462986925833341,0.0512853365431133,0.15505549998488277,0.18071275000693277,0.7269766250101384,0.7721561874932377
endpoints,20.0,0.008888587416217252,0.05,-3.6,1.0,0.0,0.0,74613,0 3 5 8 10 15 16 23,0 1 4 5 7 10 12 23,8.970485302729758,9.38378696215503,7.787530198765175,8.07003167500945,0.11157993722735338,8.865624116332945,0.09858603700245872,0.011827840321318117,0.011827840321318117,9.635203422151555,9.369638960700806,-0.3991536579710484,0,0.07410057505133194,1.0460735005384272,17,17,0,1,99.95844311526493,99.09585272120938,0.008629490087804448,0.7425838518191572,0.08312887691650951,0.7483792616103482,0.07086378384163144,0.06702269074737016,0.07149135416203552,0.13973012499627657,0.23474733397597447,0.659848208015319,0.7185360835137544
endpoints,20.0,0.008888587416217252,0.05,-2.4000000000000004,1.0,0.0,0.0,74613,0 6 12 14 15 17 18 23,0 8 10 18 19 21 22 23,7.457244465311631,7.809980519342219,5.6268304166853,5.72025097403977,0.3036568673568456,7.318758723715705,0.2794471356117847,0.018922025827573297,0.018922025827573297,8.041879179098833,8.014219537223566,-0.5569750719119346,0,0.07839822289676945,1.0473011251905964,88,88,0,1,99.96550868615586,99.1502893404546,0.008155006225803896,0.7244653751619675,0.11776064151618634,0.7437945806009946,0.08634783202924882,0.08163203575359222,0.08726273116794873,0.09595716698095202,0.21538229202269576,0.6466371250280645,0.7004838230132009
endpoints,20.0,0.008888587416217252,0.05,-1.2000000000000002,1.0,0.0,0.0,74613,0 1 2 3 7 13 21 23,0 6 7 13 20 21 22 23,6.709200054226618,6.712358352276913,5.251271444245298,5.31079410492167,0.263313907803167,6.709200054226618,0.263313907803167,0.0,0.0,6.712358352276913,6.707030644322122,0.002169409904495545,1,0.0004707413737505828,1.0004707413737506,1,1,0,1,99.94963144432533,99.6801497082843,0.0026961753850102133,0.7204454183657901,0.12676822851986508,0.7176487783027597,0.09802596342258364,0.09802596342258364,0.09807257086779839,0.17594179199659266,0.21817087498493493,0.6699367080000229,0.7244801767519675
endpoints,20.0,0.008888587416217252,0.05,0.0,1.0,0.0,0.0,74613,0 1 10 11 12 13 14 23,0 1 2 3 4 5 6 23,0.8932212924269708,1.0872185186109753,0.8898797053881579,1.079705690348715,-0.17271780596202557,0.8932212924269708,-0.17271780596202557,0.0,0.0,1.0902014527555228,1.0902014527555228,-0.19698016032855203,0,0.2205278378366209,1.217188313611395,74613,74613,0,1,1.0991894577163885,1.0989444183406685,0.00022292733431883427,0.730486269604985,0.6676719569382894,0.7221924479877703,0.6553683541510029,0.7994554528606352,0.7996090799279183,2.5772615410096478,0.20633604199974798,3.123239333013771,3.174824093519419
endpoints,20.0,0.008888587416217252,0.05,1.1999999999999993,1.0,0.0,0.0,74613,0 2 6 8 15 17 21 23,0 1 2 3 14 20 21 23,14.52570597899685,14.529460190733062,11.746150756993279,11.748722236538468,0.23636474559096965,14.22486652515172,0.21075860325580398,0.021148841946122987,0.021148841946122987,14.529460190733062,14.393431198627425,0.13227478036942486,1,0.00025845296205506685,1.000258452962055,8,8,0,1,99.94887688736516,97.03799640144541,0.029123693797981298,0.7190279110230423,0.0523119326528392,0.7194696156853014,0.04062939922888754,0.04062939922888754,0.040640457291002074,0.12811358299222775,0.31084595900028944,0.501126542018028,0.5788390317757148
endpoints,20.0,0.008888587416217252,0.05,2.4000000000000004,1.0,0.0,0.0,74613,0 5 6 10 11 15 21 23,0 3 7 9 10 18 20 23,29.19903981872227,29.211471201226967,23.818486298531564,23.82611900346526,0.22550549732734804,28.008712479133344,0.17554657034407373,0.04249846687796621,0.04249846687796621,29.59973177268007,29.59973177268007,-0.4006919539578,0,0.01372277843536751,1.0004257462773392,13,13,0,1,99.96502305725055,99.85438748234102,0.001106742853909659,0.7191535114208897,0.021294822282873747,0.7191908013486459,0.015731562537696666,0.01573156253769667,0.015741219222914406,0.10474608300137334,0.22134433401515707,0.47706241699052043,0.5323991254990688
endpoints,20.0,0.008888587416217252,0.05,3.5999999999999996,1.0,0.0,0.0,74613,0 5 11 14 16 17 20 23,0 5 9 12 14 15 20 23,42.68814821447596,42.704393940255486,40.18241843393963,40.19624628280929,0.06199339893915368,42.68814821447596,0.06199339893915368,0.0,0.0,42.704393940255464,42.60550427812922,0.0826439363467415,1,0.0003805675921542129,1.0003805675921547,1,1,0,1,99.96922547055516,99.56818835715364,0.004011605686788489,0.7181353122903052,0.008977143309923458,0.7186925571147423,0.007940888213859862,0.007940888213859862,0.007946752928816267,0.11194645898649469,0.17869583301944658,0.45988766697701067,0.5045621672325069
endpoints,20.0,0.008888587416217252,0.05,4.799999999999999,1.0,0.0,0.0,74613,0 3 5 6 12 13 16 23,0 1 3 4 12 14 20 23,55.24611936897273,55.407664525696546,49.279737141664945,49.29197745075386,0.12079332634133966,52.99925905004489,0.0752106486901416,0.04239418360181646,0.04239418360181646,55.40766452569652,54.878454064235804,0.36766530473692427,1,0.002924099621276044,1.0029240996212767,43,43,0,1,99.9607865738358,99.94526105571576,0.00015531608595908963,0.7200331902188317,0.00571892535679323,0.7200141225741216,0.004106259573592234,0.00414066203949581,0.004143746470214923,0.06886437500361353,0.1782822090026457,0.46294579200912267,0.5075171772696194
endpoints,20.0,0.008888587416217252,0.05,6.0,1.0,0.0,0.0,74613,0 4 5 9 11 16 17 23,0 7 8 11 12 19 22 23,62.76525335276769,62.7771221297413,61.011730530653125,61.021009100101814,0.028584323307478066,61.29350456610338,0.004465600782749268,0.024011496765975693,0.024011496765975693,62.777122129741315,62.201888376161556,0.563364976606131,1,0.00018909788998899835,1.0001890978899888,16,16,0,1,99.96689732632635,99.80897160148591,0.00157978019788807,0.7195604570599865,0.0029034243461510947,0.718393686530015,0.0025549713542104965,0.0025549713542104956,0.0025567197848746855,0.09278999999514781,0.1921952919801697,0.4636354160029441,0.511684905999573
endpoints,20.0,0.008888587416217252,0.05,-6.0,2.0,0.0,0.0,74613,0 2 8 12 14 18 19 23,0 1 3 4 5 12 17 23,16.70888199700485,17.2541041390958,12.893365967042687,12.951334119779327,0.2901282479838876,16.70888199700485,0.2901282479838876,0.0,0.0,17.445213296327278,17.371962997495764,-0.6630810004909158,0,0.044068256598761124,1.0326306776353251,22,22,0,1,99.9598250324111,99.63989044089192,0.0032006317679672547,0.7187896937535687,0.0466106906586052,0.7345180988957578,0.03368204348842792,0.03243067988203949,0.034250090066797995,0.10118462500395253,0.21864050001022406,0.6141258330026176,0.6687867080108845
endpoints,20.0,0.008888587416217252,0.05,-4.8,2.0,0.0,0.0,74613,0 6 10 11 12 13 20 23,0 1 2 5 13 17 22 23,13.319799004717392,13.39068397324791,10.054557464173726,10.127594146114955,0.31519873452146574,13.319799004717392,0.31519873452146574,0.0,0.0,14.098711224739263,14.098711224739263,-0.778912220021871,0,0.05847777580923008,1.005321774638297,33,33,0,1,99.92375233751561,99.60585597697754,0.003181389340387253,0.7189136279293222,0.062097040320959064,0.7195701917835433,0.044848039721060454,0.042564560776117165,0.04513200178126807,0.12659270799485967,0.2045200830034446,0.6327060830080882,0.6838365617368254
endpoints,20.0,0.008888587416217252,0.05,-3.6,2.0,0.0,0.0,74613,0 1 3 8 19 20 22 23,0 5 8 9 20 21 22 23,7.95068167765476,7.952026471197833,7.3573763185823715,7.358662125619961,0.08045206342245548,7.95068167765476,0.08045206342245548,0.0,0.0,7.952026471197833,7.9341378037416685,0.016543873913091645,1,0.00016914191733419237,1.0001691419173342,1,1,0,1,99.83680484885636,93.74611917553204,0.06100641624644387,0.718665634598563,0.08877395263932526,0.7179135030851964,0.08139198517562113,0.08139198517562113,0.08140417342343349,0.08801425001001917,0.1982889999926556,0.4291704579954967,0.4787434999961988
endpoints,20.0,0.008888587416217252,0.05,-2.4000000000000004,2.0,0.0,0.0,74613,0 1 3 8 14 17 20 23,0 1 3 8 14 17 20 23,9.324876136960889,9.490561198364095,9.324876136960889,9.490561198364095,-0.017457878194997112,9.324876136960889,-0.017457878194997112,0.0,0.0,9.58821115720198,9.58821115720198,-0.263335020241092,0,0.028240055564632494,1.0177680710145287,11,11,0,1,99.9494857372834,99.9494857372834,0.0,0.724654480808892,0.0674666950231186,0.724654480808892,0.0674666950231186,0.06608071105111504,0.06825841690596127,0.1935412920138333,0.22162050000042655,0.7080113750125747,0.7634174170161714
endpoints,20.0,0.008888587416217252,0.05,-1.2000000000000002,2.0,0.0,0.0,74613,0 8 10 11 15 16 17 23,0 3 6 8 19 20 21 23,8.933962767574105,9.193424346353506,7.752982097926434,7.754208102205217,0.15214379725421323,8.85756830402359,0.14229179656715552,0.00862476708373916,0.00862476708373916,9.370998423974266,9.370998423974266,-0.43703565640016073,0,0.04891845508763315,1.0290421602965618,21,21,0,1,99.96806921271832,99.46449296545853,0.005037370944798836,0.7185915278348999,0.08378258136896662,0.7377304386246313,0.07135685876698278,0.06784734369250085,0.07152668226811923,0.12658308300888166,0.19435662499745376,0.5674392080109101,0.6160291562628117
endpoints,20.0,0.008888587416217252,0.05,0.0,2.0,0.0,0.0,74613,0 1 10 11 12 13 14 23,0 1 2 3 4 5 6 23,1.1572405574577913,1.3831301221895067,1.1529701528484997,1.3540541884191084,-0.14535136971962836,1.1572405574577913,-0.14535136971962836,0.0,0.0,1.3950527408458981,1.3950527408458981,-0.23781218338810683,0,0.2054993508960048,1.1951967231670018,74613,74613,0,1,1.4282433985896414,1.4251504574563014,0.0021655560504563187,0.730486269604985,0.5305922368023804,0.7221924479877703,0.5132549451420453,0.6133498093072172,0.6151539478158405,2.398790875013219,0.1982035000110045,2.8098999579960946,2.8594512499985285
endpoints,20.0,0.008888587416217252,0.05,1.1999999999999993,2.0,0.0,0.0,74613,0 7 8 10 15 16 17 23,0 2 6 12 15 17 22 23,17.57928583332356,18.030398204259097,14.8432968625269,14.846121454217096,0.1840995567451793,16.758390881055902,0.12880599372273216,0.04898411536608904,0.04898411536608904,18.030398204259097,17.459225196399522,0.12006063692403757,1,0.025661586893388044,1.025661586893388,9,9,0,1,99.93781857304789,99.81969030065558,0.0011820177194078463,0.7188505872634113,0.03953150597182513,0.7186889967265206,0.03097126418466163,0.03152432094912265,0.03199261177909958,0.12194795900722966,0.17883858300046995,0.5281697500031441,0.5728804797545308
endpoints,20.0,0.008888587416217252,0.05,2.4000000000000004,2.0,0.0,0.0,74613,0 1 2 9 10 11 14 23,0 1 2 3 11 12 17 23,29.331156931700963,29.401628599769236,22.08237539878394,22.086708188768252,0.32800038290073164,25.15370303078385,0.1388615639688333,0.16607709392945535,0.16607709392945535,29.401628599769236,29.25071992103125,0.0804370106697121,1,0.0024026214933277057,1.0024026214933277,163,128,0,1,99.95036430364668,98.20988371854972,0.01741344913770826,0.7205389218168471,0.023734604580463475,0.7205571666379244,0.015618802172520695,0.015618802172520695,0.01567686616040838,0.1394283749978058,0.19369654200272635,0.49664183298591524,0.5450665934913559
endpoints,20.0,0.008888587416217252,0.05,3.5999999999999996,2.0,0.0,0.0,74613,0 3 5 10 15 16 18 23,0 1 3 4 19 20 22 23,35.374882924749976,35.38446608268814,32.792743450604846,32.80008505419858,0.07849973151889156,34.58895911535983,0.05453870190291665,0.02272181151126773,0.02272181151126773,35.38446608268814,35.267545317837474,0.10733760691250183,1,0.00027090288775100113,1.000270902887751,13,13,0,1,99.96068531651856,99.91450947495699,0.00046194002587485183,0.7192032399632317,0.013038283772525899,0.7189111272628437,0.011428551906525593,0.011428551906525593,0.011433331780035492,0.08008683298248798,0.19103479199111462,0.47076733299763873,0.518527488980908
endpoints,20.0,0.008888587416217252,0.05,4.799999999999999,2.0,0.0,0.0,74613,0 6 10 11 13 14 19 23,0 2 4 7 10 17 19 23,53.71958406972819,53.8266472601304,51.20853002142262,51.221103293443846,0.0487783475098269,52.71358213932906,0.029137967554795807,0.019084302177380552,0.019084302177380552,53.82664726013038,53.778816235373704,-0.05923216564551126,0,0.0019930011048339136,1.0019930011048344,13,13,0,1,99.96343704351261,99.90708287510257,0.0005637478069657753,0.7188567354967427,0.00514579859414333,0.719711571361532,0.004482328440446647,0.004505805182700059,0.004508451993033655,0.1221432089805603,0.20048345800023526,0.4556389159988612,0.5057605305046309
endpoints,20.0,0.008888587416217252,0.05,6.0,2.0,0.0,0.0,74613,0 9 12 14 16 18 20 23,0 4 10 12 13 14 16 23,63.36651371313293,63.72538918466106,62.941636158784135,62.95373024337015,0.006556934246263468,62.941636158784135,-0.00019211069049063223,0.006750341749568678,0.006750341749568678,63.725389184661026,63.491798928102575,-0.12528521496964373,0,0.0056634877082359925,1.0056634877082364,5,5,0,1,99.9665730563956,99.96460213931823,1.9715761150118638e-05,0.717752969409692,0.002512690421251018,0.7191255184288596,0.0023961693758519894,0.002458053783004956,0.0024597214768120788,0.0925315420026891,0.2228379589796532,0.44953366700792685,0.5052438227648963
endpoints,20.0,0.008888587416217252,0.05,-6.0,4.0,0.0,0.0,74613,0 7 12 14 17 18 19 23,0 2 6 7 10 14 18 23,20.660652748932904,21.152158935470105,17.30599921922838,17.802403787890768,0.16055410241769286,20.660652748932904,0.16055410241769286,0.0,0.0,21.783934888097683,21.783934888097683,-1.123282139164779,0,0.054368182497176676,1.02378948005709,14,14,0,1,99.96561082391354,99.72649593889811,0.002391971429421047,0.7342046372878168,0.03235329463721782,0.7309084446396564,0.025666204218503044,0.024125883725077697,0.02595320603703881,0.11094254199997522,0.23359770799288526,0.7255870839871932,0.7839874269993743
endpoints,20.0,0.008888587416217252,0.05,-4.8,4.0,0.0,0.0,74613,0 4 7 9 17 18 22 23,0 7 14 15 19 20 22 23,17.64779099177591,17.78024959767648,14.986264582125322,15.397646334527742,0.1461356241312306,17.64779099177591,0.1461356241312306,0.0,0.0,18.434802551687657,18.434802551687657,-0.7870115599117469,0,0.04459547148300347,1.0075056762606889,12,12,0,1,99.95831024350501,99.7939975789848,0.0016438119463998424,0.735807984274757,0.03889845537517213,0.7171347407127875,0.031444633823067406,0.029990800273468145,0.031745997902439885,0.15078087500296533,0.20912433299236,0.694879500020761,0.7471611662476789
endpoints,20.0,0.008888587416217252,0.05,-3.6,4.0,0.0,0.0,74613,0 4 8 9 11 12 15 23,0 4 17 18 19 20 21 23,15.89469169985223,16.450168052662058,15.63172773495977,16.199837864062314,-0.018836371497706117,15.89469169985223,-0.018836371497706117,0.0,0.0,16.904024156533264,16.904024156533264,-1.0093324566810349,0,0.06350122894742394,1.0349472870124932,112,112,0,1,99.96935529659562,99.71818153203137,0.0025125075961434096,0.7424585681535993,0.03694264709265817,0.7354090464863833,0.035816672987938634,0.03398848382683078,0.03621680618520987,0.13541204200009815,0.19184037498780526,0.5838700839958619,0.6318307187248138
endpoints,20.0,0.008888587416217252,0.05,-2.4000000000000004,4.0,0.0,0.0,74613,0 7 8 11 12 14 19 23,0 4 5 9 11 15 17 23,15.18552491596867,15.870973468592101,13.024575202202731,13.036789472842182,0.16482090530054694,15.18552491596867,0.16482090530054694,0.0,0.0,16.219144197319157,16.219144197319157,-1.0336192813504859,0,0.06806608840130113,1.0451382850718998,22,22,0,1,99.9680410604469,99.899741283265,0.000683216120445862,0.718987041867673,0.04626203408959471,0.7471033074911321,0.0381849779809913,0.03552276743695125,0.038499236424960066,0.14906966700800695,0.1877245419891551,0.6450364580086898,0.6919684685126413
endpoints,20.0,0.008888587416217252,0.05,-1.2000000000000002,4.0,0.0,0.0,74613,0 4 6 13 20 21 22 23,0 2 4 8 9 18 19 23,16.050080417395648,16.492290582676365,13.646905369709248,13.648412710398219,0.17596681445364615,16.050080417395648,0.17596681445364615,0.0,0.0,16.686414152887078,16.686414152887078,-0.63633373549143,0,0.03964676306554504,1.0275518971731403,12,12,0,1,99.94558540943613,99.86960732210846,0.0007601945300177437,0.717834416605292,0.043706130507164466,0.7299919086015472,0.03537402758817375,0.034653298902820186,0.03594679800705729,0.11709179199533537,0.18031008300022222,0.48491833300795406,0.529996353732713
endpoints,20.0,0.008888587416217252,0.05,0.0,4.0,0.0,0.0,74613,0 1 10 11 12 13 14 23,0 1 2 3 4 5 6 23,2.19619276499206,2.538227313516308,2.188267266518665,2.4327855323092065,-0.09725179806235207,2.19619276499206,-0.09725179806235207,0.0,0.0,2.5848110188668194,2.5848110188668194,-0.38861825387475957,0,0.17695088521802171,1.1557397665525433,74613,74613,0,1,2.7504766541423478,2.7179736108645334,0.011817240196844936,0.730486269604985,0.29137884672607867,0.7221924479877703,0.2756377212173811,0.3142841969535322,0.31993834565672313,2.4018457499914803,0.18828112501068972,2.833266959001776,2.88033782326238
endpoints,20.0,0.008888587416217252,0.05,1.1999999999999993,4.0,0.0,0.0,74613,0 3 8 10 11 19 20 23,0 1 5 10 13 15 21 23,25.619705136157314,25.82757047837729,21.204020974442237,21.20617199362625,0.20812493380972308,24.468560551746236,0.15384146460287762,0.0470458645075027,0.0470458645075027,25.82757047837729,24.853984577605985,0.7657205585513296,1,0.008113494714918179,1.0081134947149182,7,7,0,1,99.95596368956673,99.52606770256592,0.004300853807341909,0.7189209239882302,0.02501290712057656,0.71931385837717,0.018962032872647156,0.019184033702690957,0.019186543330520403,0.12305283299065195,0.20634087498183362,0.5093587500159629,0.560944676741201
endpoints,20.0,0.008888587416217252,0.05,2.4000000000000004,4.0,0.0,0.0,74613,0 1 9 11 12 13 18 23,0 2 6 8 11 14 22 23,34.75465633073931,34.77652240074839,31.22883168913842,31.2343135537627,0.1127075442499208,34.75465633073931,0.1127075442499208,0.0,0.0,34.77652240074839,34.73277470026202,0.02188163047728864,1,0.0006291551210000357,1.000629155121,1,1,0,1,99.96868121921068,99.55178593131778,0.004170258953188899,0.7194219068423623,0.01414447542359969,0.7194430635538829,0.011799020598849843,0.011808507259994954,0.011811316297456527,0.10504045899142511,0.19142145800287835,0.4574300830136053,0.5052859895149595
endpoints,20.0,0.008888587416217252,0.05,3.5999999999999996,4.0,0.0,0.0,74613,0 5 8 9 11 12 14 23,0 3 5 6 7 9 14 23,46.386674598009975,46.39620475385976,45.88248463168407,45.891794174750196,0.010783636424746001,45.88248463168407,-0.00020285855529367236,0.010988724136742567,0.010988724136742567,46.682142494687895,46.682142494687895,-0.29546789667791984,0,0.006369671877505034,1.000205450292188,9,9,0,1,99.9718408062213,99.92310238658386,0.0004875214784921811,0.7198216086647898,0.00679660471037077,0.7207704648008678,0.006646529488811621,0.00664652948881162,0.006649064265467645,0.10370683300425299,0.20815204200334847,0.5012545420031529,0.5532936775125563
endpoints,20.0,0.008888587416217252,0.05,4.799999999999999,4.0,0.0,0.0,74613,0 1 11 12 18 19 22 23,0 3 5 8 12 13 20 23,54.314419487415876,54.323175748395705,46.98583921173478,46.992320606741316,0.15581479667603748,53.218116692820345,0.1324853934790764,0.0206001802153859,0.0206001802153859,54.719370956065966,54.719370956065966,-0.4049514686500899,0,0.007455689897300832,1.000161214297464,20,20,0,1,99.9568274504486,99.88441257232628,0.0007244615497447038,0.718054142792416,0.0063916569624654865,0.7196028930460885,0.004358114072278477,0.0043581140722784755,0.0043598156726172965,0.11506654199911281,0.2053549580159597,0.5030657080060337,0.5544050725147827
endpoints,20.0,0.008888587416217252,0.05,6.0,4.0,0.0,0.0,74613,0 1 7 9 18 19 21 23,0 5 12 13 16 19 22 23,62.35894970079142,62.36792816946357,55.93067863972347,55.9385359008831,0.11477622173173385,60.99150737388248,0.09033077808744738,0.02242020874359474,0.02242020874359474,62.36792816946357,62.345505263185935,0.01344443760548586,1,0.0001439804344882667,1.0001439804344883,10,10,0,1,99.95510193557332,99.91727316909186,0.00037845758494503556,0.7185975146421253,0.003957610702292689,0.7178336563127176,0.0026210727149041393,0.0026210727149041393,0.0026223492616575597,0.10217408300377429,0.21095645800232887,0.4458719590038527,0.49861173948738724
endpoints,20.0,0.008888587416217252,0.08,0.0,0.0,0.0,0.0,74613,0 10 11 12 13 14 15 23,0 1 2 3 4 5 6 23,0.563776258190501,0.9827350443439724,0.5554807748542314,0.9824872587305715,-0.4261744840142442,0.563776258190501,-0.4261744840142442,0.0,0.0,0.9827353820842999,0.9827309037473532,-0.41895464555685213,0,0.7431301297406387,1.7431295306726173,74613,74613,0,1,0.9900971969002197,0.9900938852324013,3.3447906213623924e-06,0.498661160476983,0.498661160476983,0.5059454841739994,0.5059454841739994,0.8881933200451229,0.888410176689632,1.3731374999915715,0.2549251249874942,1.5819930419966113,1.6457251562242163
endpoints,20.0,0.008888587416217252,0.08,-6.0,1.0,0.0,0.0,74613,0 1 5 12 14 17 18 23,0 1 2 4 11 19 20 23,5.360306091173148,6.165416461686052,3.875296246250298,4.156865932894098,0.28950660851387844,5.327904742449593,0.2817119504116874,0.006081442947994287,0.006081442947994287,6.992470796068753,6.992470796068753,-1.6321647048956054,0,0.30449095203412013,1.150198581353159,11168,10229,0,1,99.95888027522349,98.73931290957863,0.012200690546822268,0.5056685747786217,0.1127580047380225,0.5640336998778165,0.08259488387609683,0.06484545732719099,0.08456272105569175,0.4387003750016447,0.20082945900503546,1.0119817909726407,1.0621900307305623
endpoints,20.0,0.008888587416217252,0.08,-4.8,1.0,0.0,0.0,74613,0 6 9 13 14 15 17 23,0 6 7 12 13 15 16 23,4.03041074500325,4.588985722353791,3.35858594253174,3.8534650585500514,0.04591859112893526,4.03041074500325,0.04591859112893526,0.0,0.0,5.27549362587916,5.27549362587916,-1.24508288087591,0,0.3089220825494068,1.1385900873857686,12848,12848,0,1,99.97292360745728,92.30443435228482,0.07670566167778292,0.5637054680985325,0.13739675824892256,0.5482038799109328,0.11057220698994775,0.08930483545017243,0.11501791658007694,0.6527905410039239,0.18687158299144357,1.2080162079946604,1.254735270747915
endpoints,20.0,0.008888587416217252,0.08,-3.6,1.0,0.0,0.0,74613,0 3 5 8 10 15 16 23,0 4 5 7 8 14 22 23,2.9718099838870002,3.332919706848569,2.5311075629099316,2.906567955227816,0.02244641434989969,2.9718099838870002,0.02244641434989969,0.0,0.0,3.7073352657025516,3.7073352657025516,-0.7355252818155513,0,0.24750077757445177,1.1215117133731587,1193,1193,0,1,99.95844311526493,98.6623484028188,0.012966335529571715,0.5682377642721265,0.1866126955488281,0.5452229091105523,0.15469858451301172,0.12944526589659652,0.1595506488956336,0.22261758398963138,0.201208458020119,0.8823324580152985,0.9326351145209628
endpoints,20.0,0.008888587416217252,0.08,-2.4000000000000004,1.0,0.0,0.0,74613,0 6 12 14 15 17 18 23,0 1 2 8 11 12 17 23,2.4037980645297203,2.5671387847496936,1.8506013216153603,2.0050518289553594,0.1988707871866382,2.4037980645297203,0.1988707871866382,0.0,0.0,2.9830149394588483,2.9830149394588483,-0.579216874929128,0,0.24095904039362237,1.0679510989838197,2877,2877,0,1,99.96550868615586,97.20764874205099,0.027588114944357756,0.5204589690837339,0.2506852358474414,0.5018725152037506,0.18661019830786085,0.16274520160863043,0.1998663054473673,0.23070499999448657,0.2152154170034919,0.8363419579982292,0.8901466462484677
endpoints,20.0,0.008888587416217252,0.08,-1.2000000000000002,1.0,0.0,0.0,74613,0 1 2 3 7 13 21 23,0 6 7 13 20 21 22 23,2.1665523206149526,2.284229838282626,1.6777937564615077,1.7779328701092374,0.2185793721682181,2.1665523206149526,0.2185793721682181,0.0,0.0,2.307298561872614,2.307298561872614,-0.14074624125766144,0,0.06496323209850385,1.0543155669715245,88,88,0,1,99.94963144432533,99.6801497082843,0.0026961753850102133,0.5115657987971844,0.27884207294654073,0.49663860314916713,0.20853200434111643,0.2064935624729817,0.22030934339018265,0.19499608399928547,0.23807029199087992,0.6838341249967925,0.7433523229992716
endpoints,20.0,0.008888587416217252,0.08,0.0,1.0,0.0,0.0,74613,0 1 10 11 12 13 14 23,0 1 2 3 4 5 6 23,0.625695728796863,1.0742100267592725,0.6188846058958416,1.0618436227491326,-0.41074588066279927,0.625695728796863,-0.41074588066279927,0.0,0.0,1.0792609546761736,1.0792609546761736,-0.4535652258793106,0,0.7248974301797801,1.7168249315443596,74613,74613,0,1,1.0991894577163885,1.0989444183406685,0.00022292733431883427,0.5253718014836776,0.48588464493929695,0.5059454841739994,0.46210448802579823,0.7994095674549302,0.799612600020837,2.2539355829940178,0.22377000001142733,2.577540958998725,2.6334842090072925
endpoints,20.0,0.008888587416217252,0.08,1.1999999999999993,1.0,0.0,0.0,74613,0 2 6 8 15 17 21 23,0 1 2 3 14 20 21 23,4.719993105794161,4.721835423361292,3.7149484442304423,3.716174911829516,0.2701213526761723,4.719993105794161,0.2701213526761723,0.0,0.0,4.721835423361295,4.681976708530537,0.0380163972636236,1,0.0003903220885794756,1.0003903220885788,1,1,0,1,99.94887688736516,97.03799640144541,0.029123693797981298,0.4993956371245013,0.1254957322063064,0.5004274575684955,0.09709296693712369,0.09709296693712369,0.09711958905520882,0.154969124996569,0.24939995797467418,0.541996250016382,0.604347239517665
endpoints,20.0,0.008888587416217252,0.08,2.4000000000000004,1.0,0.0,0.0,74613,0 5 6 10 11 15 21 23,0 3 7 9 10 18 20 23,10.53197448706814,10.604647135745035,8.144999687246514,8.149365753240573,0.2923673824407904,10.049157633154636,0.23312144005300217,0.04804550506010319,0.04804550506010319,10.880145138456081,10.880145138456081,-0.34817065138794057,0,0.033058440448697324,1.0069001922446856,24,24,0,1,99.96502305725055,99.85438748234102,0.001106742853909659,0.49957987775452234,0.0524143277898975,0.49968925378984264,0.03823125046179591,0.038231250461795895,0.03854983481849022,0.11235662500257604,0.20084012500592507,0.4848891249857843,0.5351003232426592
endpoints,20.0,0.008888587416217252,0.08,3.5999999999999996,1.0,0.0,0.0,74613,0 5 11 14 16 17 20 23,0 5 9 12 14 15 20 23,17.962026407541927,17.973826263873196,15.902263545955462,15.911977954243042,0.12883680829586774,17.962026407541927,0.12883680829586774,0.0,0.0,17.973826263873196,17.718604422225425,0.24342198531650183,1,0.0006569334697288376,1.0006569334697288,1,1,0,1,99.96922547055516,99.56818835715364,0.004011605686788489,0.4975123243797229,0.022377941849370232,0.4986194093088395,0.018852829574724086,0.018852829574724086,0.018867311420058208,0.07455729099456221,0.19352925001294352,0.43936295798630454,0.48774597849842394
endpoints,20.0,0.008888587416217252,0.08,4.799999999999999,1.0,0.0,0.0,74613,0 3 5 6 12 13 16 23,0 3 7 9 10 18 20 23,26.0054793753116,26.021488989377712,21.6249681142122,21.63588260573188,0.20196064330752606,24.386957354668883,0.12715334054401728,0.06636834587865681,0.06636834587865681,26.21373117377087,26.21373117377087,-0.2082517984592691,0,0.008007996909181081,1.000615624647216,121,121,0,1,99.9607865738358,99.6213285394924,0.0033959119968776097,0.5013664626651002,0.014284327310740818,0.49971445264616027,0.010315327196438075,0.010298335351890824,0.010323527287464059,0.07309712501592003,0.20261962499353103,0.4190154999960214,0.46967119725741213
endpoints,20.0,0.008888587416217252,0.08,6.0,1.0,0.0,0.0,74613,0 4 5 9 11 16 17 23,0 7 8 11 12 19 22 23,32.896280545050196,32.911105202010724,30.82193021011805,30.98248503233523,0.06177023924057767,31.223408531621722,0.007776119282718819,0.053577494966132955,0.053577494966132955,32.911105202010724,32.51436084945981,0.3819196955903834,1,0.00045064842331421495,1.0004506484233142,35,35,0,1,99.96689732632635,99.80897160148591,0.00157978019788807,0.5003955084669298,0.0072623284300967605,0.4980537481459239,0.006244716223658539,0.006244716223658539,0.006249402065158899,0.09416729101212695,0.20592675000079907,0.4535549159918446,0.5050378124942654
endpoints,20.0,0.008888587416217252,0.08,-6.0,2.0,0.0,0.0,74613,0 2 8 12 14 18 19 23,0 1 4 5 12 17 18 23,5.875207420346904,6.6465554414884656,4.723887651359167,5.07902707722445,0.15675843641249987,5.875207420346904,0.15675843641249987,0.0,0.0,7.280436394586423,7.280436394586423,-1.4052289742395194,0,0.23917946613645635,1.131288644971111,7668,7668,0,1,99.9598250324111,99.72714384750648,0.0023277470206573003,0.5086609972322905,0.0912607107659574,0.5438559828912678,0.07293665088638746,0.06082885705774409,0.07637926059111344,0.30803824999020435,0.2162500410049688,0.9984517080010846,1.0525148852539132
endpoints,20.0,0.008888587416217252,0.08,-4.8,2.0,0.0,0.0,74613,0 6 10 11 12 13 20 23,0 1 4 6 7 10 20 23,4.5926464071713635,5.041132513657493,3.5876375672932634,3.8522634547358536,0.19219426737943013,4.590611090338036,0.19166592427485196,0.00044336511921283517,0.00044336511921283517,5.736273307254646,5.736273307254646,-1.1436269000832828,0,0.2490126168427691,1.097653088595243,5477,5438,0,1,99.92375233751561,98.36350201386445,0.015614408858276807,0.515569273332399,0.12494682633217892,0.5231301913063972,0.09488376728565322,0.08003642668135826,0.1004600975086513,0.3162747919850517,0.2062349159969017,0.7946742080093827,0.8462340620171744
endpoints,20.0,0.008888587416217252,0.08,-3.6,2.0,0.0,0.0,74613,0 1 3 8 19 20 22 23,0 7 8 9 20 21 22 23,2.870578580537653,2.921508984140293,2.6124765585818746,2.687573413763169,0.06809308569481587,2.870578580537653,0.06809308569481587,0.0,0.0,3.062134505752798,3.062134505752798,-0.19155592521514508,0,0.06673077215648537,1.017742208469033,534,534,0,1,99.83680484885636,92.7986601829546,0.07049649351816545,0.4987863353905525,0.17670125836669162,0.49691727649968925,0.1612006641305878,0.16120066413058787,0.164194342481793,0.13607558299554512,0.2280172089813277,0.5554366249998566,0.6124417602550238
endpoints,20.0,0.008888587416217252,0.08,-2.4000000000000004,2.0,0.0,0.0,74613,0 1 3 8 14 17 20 23,0 16 17 19 20 21 22 23,2.987300535048971,3.354627191880444,2.963674088408773,3.3495254290725627,-0.10814215377486669,2.987300535048971,-0.10814215377486669,0.0,0.0,3.4912885728970013,3.4912885728970013,-0.5039880378480301,0,0.16871018899334422,1.1229627392763986,933,933,0,1,99.9494857372834,99.19703289952528,0.007528331258611298,0.5255440092787584,0.1480124483894056,0.5339746168441609,0.15028695916511248,0.13539657889312534,0.15614367932308118,0.18188258301233873,0.19826708399341442,0.8529736250056885,0.9025407710068976
endpoints,20.0,0.008888587416217252,0.08,-1.2000000000000002,2.0,0.0,0.0,74613,0 8 10 11 15 16 17 23,0 1 2 3 15 21 22 23,2.8421447577337493,3.1210999026892394,2.5522954995505875,2.617697460078079,0.0857422605471665,2.8421447577337493,0.0857422605471665,0.0,0.0,3.274949624286793,3.274949624286793,-0.4328048665530435,0,0.15228107765283228,1.0981495204269334,292,292,0,1,99.96806921271832,99.28468732439674,0.006836001672368308,0.49836776822699985,0.181495433589837,0.5160172690622973,0.1564432780000997,0.1453217050400346,0.16701047519931192,0.1914162079920061,0.18751679098932073,0.7063629999756813,0.7532428647245979
endpoints,20.0,0.008888587416217252,0.08,0.0,2.0,0.0,0.0,74613,0 1 10 11 12 13 14 23,0 1 2 3 4 5 6 23,0.8106403366105571,1.345430520670541,0.8018565457656022,1.2965147360063738,-0.3747542437446142,0.8106403366105571,-0.3747542437446142,0.0,0.0,1.3658294103544701,1.3658294103544701,-0.555189073743913,0,0.6848771874161421,1.659713266053407,74613,74613,0,1,1.4282433985896414,1.4251504574563014,0.0021655560504563187,0.5253718014836776,0.39632994723921516,0.5059454841739994,0.36715868994288736,0.6133585054801393,0.6151560312141859,2.3914902080141474,0.18759862499427982,2.7651372499822173,2.812037448231422
endpoints,20.0,0.008888587416217252,0.08,1.1999999999999993,2.0,0.0,0.0,74613,0 7 8 10 15 16 17 23,0 1 11 17 20 21 22 23,5.773919731680092,5.806395016985064,4.837941311243875,4.839396056072484,0.19310750035326518,5.617700684124254,0.1608268095923151,0.027808360811624633,0.027808360811624633,6.178248386610584,6.178248386610584,-0.4043286549304925,0,0.07002671906089031,1.0056244781386185,27,27,0,1,99.93781857304789,99.75050274494392,0.0018743237623009001,0.4989086225823801,0.09420457065592454,0.49619635486746716,0.07656828443214593,0.07526999981591742,0.07703666655389921,0.12875462500960566,0.1798441660066601,0.4794513749948237,0.5244131665021996
endpoints,20.0,0.008888587416217252,0.08,2.4000000000000004,2.0,0.0,0.0,74613,0 1 2 9 10 11 14 23,0 1 2 3 11 12 17 23,10.855018245945978,10.972633842927758,7.476974948533096,7.479677732881985,0.45126817405854247,10.112748618870457,0.3520299911335787,0.07339939467005441,0.07339939467005441,10.972633842927749,10.932197786137557,-0.07717954019157958,0,0.010835135816164687,1.0108351358161656,43,43,0,1,99.95036430364668,98.20988371854972,0.01741344913770826,0.5024327812592307,0.05828446457911772,0.5025528460808529,0.03691197909086306,0.03691197909086307,0.0374005158024306,0.12766587501391768,0.19632016698597,0.4935433749924414,0.5426246257411549
endpoints,20.0,0.008888587416217252,0.08,3.5999999999999996,2.0,0.0,0.0,74613,0 3 5 10 15 16 18 23,0 1 3 4 19 20 22 23,13.432406475952492,13.438428749628274,12.127886108130038,12.132946840170417,0.10710173323101957,13.278798365121483,0.0944413208139443,0.011567922533900488,0.011567922533900488,13.438428749628269,13.339995513291823,0.09241096266066862,1,0.0004483391480565313,1.000448339148057,3,3,0,1,99.96068531651856,99.91450947495699,0.00046194002587485183,0.49969645699723936,0.03229649841493609,0.49931830513121217,0.028267416044754627,0.028267416044754634,0.028278865963588126,0.08132337502320297,0.19685395798296668,0.440441374987131,0.4896555724917562
endpoints,20.0,0.008888587416217252,0.08,4.799999999999999,2.0,0.0,0.0,74613,0 6 10 11 13 14 19 23,0 2 7 8 10 19 22 23,24.76286354239596,24.780751520814654,23.00692407901972,23.0180423264681,0.07580232893748384,24.198504054233123,0.05128419311348775,0.023322081683148976,0.023322081683148976,25.434898728169603,25.434898728169603,-0.6720351857736446,0,0.02713883168733977,1.0007223711582496,29,29,0,1,99.96343704351261,99.90494626896951,0.0005851216832174488,0.4989213610357747,0.012786642560316096,0.49953223539511926,0.011269487086710392,0.011191359090256876,0.01128095152348933,0.12788366700988263,0.2776736250089016,0.470332208002219,0.5397515312579344
endpoints,20.0,0.008888587416217252,0.08,6.0,2.0,0.0,0.0,74613,0 9 12 14 16 18 20 23,0 4 10 12 13 14 16 23,33.291899095818415,33.53862049449284,32.77525576507288,32.78926492505806,0.01532922960942118,32.77525576507288,-0.0004272483697699281,0.015763212786156222,0.015763212786156222,33.84708380450243,33.84708380450243,-0.5551847086840169,0,0.016676270316875685,1.0074108538525943,19,19,0,1,99.9665730563956,99.96460213931823,1.9715761150118638e-05,0.49670084607740683,0.006259688924001048,0.4994600502028847,0.006003499462695906,0.006090715665530551,0.006111856192155221,0.09874058299465105,0.2164431250130292,0.46928179200040177,0.5233932812334388
endpoints,20.0,0.008888587416217252,0.08,-6.0,4.0,0.0,0.0,74613,0 7 12 14 17 18 19 23,0 2 6 7 10 14 18 23,7.513456110044006,8.57022273505436,6.083882873701927,6.874031569429489,0.09302030899278901,7.513456110044006,0.09302030899278901,0.0,0.0,8.985954213801378,8.985954213801378,-1.4724981037573723,0,0.19598146075398426,1.1406498699842893,4672,4672,0,1,99.96561082391354,99.72649593889811,0.002391971429421047,0.5469283182058475,0.0706758301576229,0.550735864505059,0.05537297048383722,0.046708557443268475,0.0577918562480574,0.2867794159974437,0.23607949999859557,0.8316302500024904,0.8906510000088019
endpoints,20.0,0.008888587416217252,0.08,-4.8,4.0,0.0,0.0,74613,0 4 7 9 17 18 22 23,0 1 15 16 18 19 22 23,6.234161469269927,6.868992598288853,5.269380238277245,5.844887803970515,0.06660070789296801,6.234161469269927,0.06660070789296801,0.0,0.0,7.43128533768426,7.43128533768426,-1.1971238684143328,0,0.1920264456279035,1.1018310372851587,1034,1034,0,1,99.95831024350501,95.50663942858375,0.04453527479682973,0.5366095130851674,0.0829197639298327,0.5220776840225894,0.06711639825703054,0.05772456767367991,0.07071856253908798,0.12436070799594745,0.20463820899021812,0.6420487499854062,0.6932089692345471
endpoints,20.0,0.008888587416217252,0.08,-3.6,4.0,0.0,0.0,74613,0 4 8 9 11 12 15 23,0 2 3 5 6 9 11 23,5.569625868804591,5.996112938195604,5.095152727831851,5.963952346064564,-0.0661183145636931,5.569625868804591,-0.0661183145636931,0.0,0.0,6.628252433798257,6.628252433798257,-1.0586265649936655,0,0.19007139616379276,1.0765737375251292,1798,1798,0,1,99.96935529659562,98.98152209192271,0.009881360160242547,0.5859828302575149,0.08936552265295318,0.5090116667674955,0.0760016860015932,0.0681561624210961,0.08157878151692108,0.17199704100494273,0.194320833979873,0.7635639169893693,0.8121447084922693
endpoints,20.0,0.008888587416217252,0.08,-2.4000000000000004,4.0,0.0,0.0,74613,0 7 8 11 12 14 19 23,0 2 4 5 7 9 11 23,5.169010342055678,5.741369221471485,4.473584431711292,4.669318914322892,0.10701591322023618,5.169010342055678,0.10701591322023618,0.0,0.0,5.971557409484129,5.971557409484129,-0.8025470674284509,0,0.15526126169623478,1.1107289097023134,453,453,0,1,99.9680410604469,99.0164373767983,0.009519079033200262,0.4991847050434921,0.09801880404772177,0.5397105059784375,0.08511520944116589,0.07496866947048686,0.08853895732750146,0.13596383298863657,0.19315649999771267,0.5975444589857943,0.6458341669931542
endpoints,20.0,0.008888587416217252,0.08,-1.2000000000000002,4.0,0.0,0.0,74613,0 4 6 13 20 21 22 23,0 7 8 11 15 19 22 23,5.289449056017045,5.561533489146435,4.543092399691985,4.724766805873616,0.11951536940224039,5.1993441599918615,0.10044460893356111,0.017330050339526615,0.017330050339526615,6.146347656707593,6.146347656707593,-0.8568986006905481,0,0.1620014847700968,1.0514390875586332,717,688,0,1,99.94558540943613,99.01111677904474,0.009349773945124817,0.49704347868392873,0.09631099154840525,0.49765042135938636,0.08059220458666683,0.0759575116565595,0.08517946148702277,0.12973304197657853,0.183600500022294,0.5420478339947294,0.587948584005062
endpoints,20.0,0.008888587416217252,0.08,0.0,4.0,0.0,0.0,74613,0 1 10 11 12 13 14 23,0 1 2 3 4 5 6 23,1.5384228657065968,2.3908308701932572,1.521876307354097,2.211626607056907,-0.30439303777691795,1.5384228657065968,-0.30439303777691795,0.0,0.0,2.4703896349997367,2.4703896349997367,-0.9319667692931399,0,0.6057936280510807,1.5540791309645219,74613,74613,0,1,2.7504766541423478,2.7179736108645334,0.011817240196844936,0.5253718014836776,0.22866136781008978,0.5059454841739994,0.2027305155833615,0.3143384437846607,0.31993890922542184,2.370670375006739,0.19737716601230204,2.7214023340202402,2.7707473755290266
endpoints,20.0,0.008888587416217252,0.08,1.1999999999999993,4.0,0.0,0.0,74613,0 3 8 10 11 19 20 23,0 1 5 10 13 15 21 23,8.875501482109101,9.42093519443036,7.330262600554765,7.343403065424438,0.2086360237937055,8.720728474113493,0.18755955466669572,0.017747715509665696,0.017747715509665696,9.420935194430362,9.274651138312983,-0.3991496562038819,0,0.06145384724691061,1.0614538472469104,43,43,0,1,99.95596368956673,99.52606770256592,0.004300853807341909,0.49914014979580207,0.059082644088961266,0.49997207836883373,0.04418173607612737,0.0452149403678987,0.0474324627345306,0.10750008298782632,0.19697508399258368,0.47766762500396,0.5269123539837892
endpoints,20.0,0.008888587416217252,0.08,2.4000000000000004,4.0,0.0,0.0,74613,0 1 9 11 12 13 18 23,0 2 6 8 11 14 22 23,13.359895193115467,13.436852557942876,11.39798961142015,11.570058229771506,0.1546955881983756,13.359895193115467,0.1546955881983756,0.0,0.0,13.436852557942876,13.373240699528754,-0.013345506413287467,0,0.005760326987225728,1.0057603269872257,2,2,0,1,99.96868121921068,99.55178593131778,0.004170258953188899,0.5001185682943984,0.03433665470119213,0.5002276993331616,0.02833945368760984,0.02833945368760984,0.028548583799894348,0.14173545798985288,0.198110875004204,0.4864314589940477,0.5359603857577895
endpoints,20.0,0.008888587416217252,0.08,3.5999999999999996,4.0,0.0,0.0,74613,0 5 8 9 11 12 14 23,0 3 5 6 7 9 14 23,19.90278919307061,20.060206593731564,19.351591527983874,19.54418874824699,0.01834818776275804,19.351591527983874,-0.009854449460348746,0.02848332470689363,0.02848332470689363,20.389105433655356,20.389105433655356,-0.48631624058474543,0,0.024434577277945735,1.0079093135707713,43,43,0,1,99.9718408062213,99.92310238658386,0.0004875214784921811,0.5008554295078288,0.016738233730439592,0.5028745727792566,0.016179677480735278,0.01607148153942947,0.01637383860973616,0.11017308398731984,0.19515245899674483,0.4933258749952074,0.5421145317450282
endpoints,20.0,0.008888587416217252,0.08,4.799999999999999,4.0,0.0,0.0,74613,0 1 11 12 18 19 22 23,0 1 6 7 11 14 18 23,25.705453471143628,25.779273574745652,20.12196251145566,20.12823601874651,0.2770842634795596,25.705453471143628,0.2770842634795596,0.0,0.0,26.637062242286394,26.637062242286394,-0.9316087711427663,0,0.0362416781399546,1.0028717681905472,6,6,0,1,99.9568274504486,99.63225488929733,0.0032471274792327254,0.49745868622015094,0.015825882632566003,0.5010614881082562,0.010548014885839658,0.010410512288008086,0.01060118969855764,0.12379666700144298,0.18779008300043643,0.45261066700913943,0.49955897976178676
endpoints,20.0,0.008888587416217252,0.08,6.0,4.0,0.0,0.0,74613,0 1 7 9 18 19 21 23,0 4 5 12 13 16 22 23,32.37619064325681,32.411694429223054,26.572957810714453,26.5817967499455,0.2179835301510682,31.775734933473558,0.19539454884812124,0.018896674177336426,0.018896674177336426,32.41169442922306,32.352263916733,0.023926726523811226,1,0.0010966017082569834,1.0010966017082568,6,6,0,1,99.95510193557332,99.9335170054949,0.000215946256473587,0.49856304859501577,0.009867219547660688,0.4989990696198422,0.006507061543435235,0.00647193013983865,0.0065217964987804205,0.128396915999474,0.22420737499487586,0.479921791004017,0.5359748847622541
endpoints,30.0,0.000888858741621725,0.0,0.0,0.0,0.0,0.0,74613,0 10 11 12 13 14 15 23,0 10 11 12 13 14 15 23,0.9990008144258209,0.9990008144258209,0.9990008144258209,0.9990008144258209,0.0,0.9990008144258209,0.0,0.0,0.0,0.9990008144258209,0.9990008143544341,7.138678537188525e-11,1,0.0,1.0,0,0,0,1,0.9990008144258209,0.9990008144258209,0.0,0.8886943824415184,0.8886943824415184,0.8886943824415184,0.8886943824415184,0.8883314216468101,0.8886943824415184,0.02214908300084062,0.23822629198548384,0.12460191699210554,0.18415878198720748
endpoints,30.0,0.000888858741621725,0.0,-6.0,1.0,0.0,0.0,74613,0 1 4 5 14 17 18 23,0 1 4 5 14 17 18 23,999.2989928610759,999.2989928610759,999.2989928610759,999.2989928610759,0.0,999.2989928610759,0.0,0.0,0.0,999.2989928610759,999.0630736755502,0.23591918552574498,1,0.0,1.0,0,0,0,1,999.2989928610759,999.2989928610759,0.0,0.8885008652112781,2.654059644006756e-07,0.8885008652112781,2.654059644006756e-07,2.654059644006785e-07,2.654059644006756e-07,0.019640207989141345,0.24369708300218917,0.141902833012864,0.20282781276182504
endpoints,30.0,0.000888858741621725,0.0,-4.8,1.0,0.0,0.0,74613,0 6 9 13 14 15 17 23,0 6 9 13 14 15 17 23,999.4077210498665,999.4077210498665,999.4077210498665,999.4077210498665,0.0,999.4077210498665,0.0,0.0,0.0,999.4077210498665,998.4772021615321,0.9305188883344044,1,0.0,1.0,0,0,0,1,999.4077210498665,999.4077210498665,0.0,0.8886498355837689,3.177344717878296e-07,0.8886498355837689,3.177344717878296e-07,3.177344717878296e-07,3.177344717878296e-07,0.016344540985301137,0.21657595899887383,0.11513404198922217,0.1692782397440169
endpoints,30.0,0.000888858741621725,0.0,-3.6,1.0,0.0,0.0,74613,0 3 5 8 10 15 16 23,0 3 5 8 10 15 16 23,998.6018047034302,998.6018047034302,998.6018047034302,998.6018047034302,0.0,998.6018047034302,0.0,0.0,0.0,998.6018047034302,998.347259897314,0.25454480611620056,1,0.0,1.0,0,0,0,1,998.6018047034302,998.6018047034302,0.0,0.8885865119690907,9.719274035404108e-07,0.8885865119690907,9.719274035404108e-07,9.719274035404298e-07,9.719274035404108e-07,0.015598124999087304,0.2081590839952696,0.11750087499967776,0.16954097900452325
endpoints,30.0,0.000888858741621725,0.0,-2.4000000000000004,1.0,0.0,0.0,74613,0 1 3 6 14 21 22 23,0 1 3 6 14 21 22 23,999.2084040535677,999.2084040535677,999.2084040535677,999.2084040535677,0.0,999.2084040535677,0.0,0.0,0.0,999.2084040535677,999.0856219312038,0.12278212236390118,1,0.0,1.0,0,0,0,1,999.2084040535677,999.2084040535677,0.0,0.8884176726385696,2.627559902400433e-07,0.8884176726385696,2.627559902400433e-07,2.6275599024006535e-07,2.627559902400433e-07,0.016476166987558827,0.20783520801342092,0.12419479200616479,0.1761540519873961
endpoints,30.0,0.000888858741621725,0.0,-1.2000000000000002,1.0,0.0,0.0,74613,0 1 2 3 7 13 21 23,0 1 2 3 7 13 21 23,999.3551048218727,999.3551048218727,999.3551048218727,999.3551048218727,0.0,999.3551048218727,0.0,0.0,0.0,999.3551048218727,998.412117311451,0.9429875104217444,1,0.0,1.0,0,0,0,1,999.3551048218727,999.3551048218727,0.0,0.8884249846574376,1.3955374976099375e-07,0.8884249846574376,1.3955374976099375e-07,1.395537497609995e-07,1.3955374976099375e-07,0.0436623330169823,0.2318076670053415,0.14403162500821054,0.20198383273964282
endpoints,30.0,0.000888858741621725,0.0,0.0,1.0,0.0,0.0,74613,0 1 10 11 12 13 14 23,0 1 10 11 12 13 14 23,1.11017508944747,1.11017508944747,1.11017508944747,1.11017508944747,0.0,1.11017508944747,0.0,0.0,0.0,1.11017508944747,1.1101700506982985,5.038749171459855e-06,1,0.0,1.0,0,0,0,1,1.11017508944747,1.11017508944747,0.0,0.8886162561116422,0.7995400686935121,0.8886162561116422,0.7995400686935121,0.7994629520702349,0.7995400686935121,0.01970120900659822,0.18965600000228733,0.11530325000057928,0.16271791700273752
endpoints,30.0,0.000888858741621725,0.0,1.1999999999999993,1.0,0.0,0.0,74613,0 2 6 8 15 17 21 23,0 2 6 8 15 17 21 23,998.2744492619221,998.2744492619221,998.2744492619221,998.2744492619221,0.0,998.2744492619221,0.0,0.0,0.0,998.2744492619221,997.5499086832632,0.724540578658889,1,0.0,1.0,0,0,0,1,998.2744492619221,998.2744492619221,0.0,0.888524420214374,1.2015227387500512e-06,0.888524420214374,1.2015227387500512e-06,1.2015227387500597e-06,1.2015227387500512e-06,0.01926395800546743,0.2030469170131255,0.12208174998522736,0.1728441042432678
endpoints,30.0,0.000888858741621725,0.0,2.4000000000000004,1.0,0.0,0.0,74613,0 3 8 14 18 21 22 23,0 3 8 14 18 21 22 23,999.5845969347988,999.5845969347988,999.5845969347988,999.5845969347988,0.0,999.5845969347988,0.0,0.0,0.0,999.5845969347988,999.278686976559,0.30590995823979483,1,0.0,1.0,0,0,0,1,999.5845969347988,999.5845969347988,0.0,0.8884914083805912,1.902194844266106e-09,0.8884914083805912,1.902194844266106e-09,1.902194844264195e-09,1.902194844266106e-09,0.018798000004608184,0.24789129200507887,0.12648666702443734,0.18846019800548675
endpoints,30.0,0.000888858741621725,0.0,3.5999999999999996,1.0,0.0,0.0,74613,0 5 11 14 16 17 20 23,0 5 11 14 16 17 20 23,999.5514027082229,999.5514027082229,999.5514027082229,999.5514027082229,0.0,999.5514027082229,0.0,0.0,0.0,999.5514027082229,999.4381439369077,0.11325877131514517,1,0.0,1.0,0,0,0,1,999.5514027082229,999.5514027082229,0.0,0.8885991125412165,1.3917297637565688e-07,0.8885991125412165,1.3917297637565688e-07,1.2641314084180502e-07,1.3917297637565688e-07,0.01314158400055021,0.1981145000027027,0.11327570900903083,0.16280479198758258
endpoints,30.0,0.000888858741621725,0.0,4.799999999999999,1.0,0.0,0.0,74613,0 3 4 5 6 7 8 23,0 3 4 5 6 7 8 23,999.3302429165806,999.3302429165806,999.3302429165806,999.3302429165806,0.0,999.3302429165806,0.0,0.0,0.0,999.3302429165806,998.8930171391054,0.43722577747519153,1,0.0,1.0,0,0,0,1,999.3302429165806,999.3302429165806,0.0,0.8885198138900828,2.565635419677967e-07,0.8885198138900828,2.565635419677967e-07,2.565635419677967e-07,2.565635419677967e-07,0.012641333014471456,0.19330504201934673,0.1466100830002688,0.19493688550574007
endpoints,30.0,0.000888858741621725,0.0,6.0,1.0,0.0,0.0,74613,0 1 2 5 9 11 14 23,0 1 2 5 9 11 14 23,999.5202902604813,999.5202902604813,999.5202902604813,999.5202902604813,0.0,999.5202902604813,0.0,0.0,0.0,999.5202902604813,999.36587975565,0.15441050483127583,1,0.0,1.0,0,0,0,1,999.5202902604813,999.5202902604813,0.0,0.8885101094119755,7.77993067479727e-08,0.8885101094119755,7.77993067479727e-08,7.779930674797756e-08,7.77993067479727e-08,0.022824125015176833,0.23532433301443234,0.12269066699082032,0.18152254224696662
endpoints,30.0,0.000888858741621725,0.0,-6.0,2.0,0.0,0.0,74613,0 2 5 9 12 18 21 23,0 2 5 9 12 18 21 23,999.1659917821714,999.1659917821714,999.1659917821714,999.1659917821714,0.0,999.1659917821714,0.0,0.0,0.0,999.1659917821714,999.0902353007506,0.07575648142085356,1,0.0,1.0,0,0,0,1,999.1659917821714,999.1659917821714,0.0,0.8885189239888336,4.0183299412909465e-07,0.8885189239888336,4.0183299412909465e-07,4.0183299412911117e-07,4.0183299412909465e-07,0.026021750003565103,0.21099754198803566,0.1282687920029275,0.18101909351389622
endpoints,30.0,0.000888858741621725,0.0,-4.8,2.0,0.0,0.0,74613,0 6 7 10 11 17 22 23,0 6 7 10 11 17 22 23,995.1460175355973,995.1460175355973,995.1460175355973,995.1460175355973,0.0,995.1460175355973,0.0,0.0,0.0,995.1460175355973,994.6616784881157,0.48433904748151235,1,0.0,1.0,0,0,0,1,995.1460175355973,995.1460175355973,0.0,0.8885777306340896,4.0531677627733345e-06,0.8885777306340896,4.0531677627733345e-06,4.0531677627732786e-06,4.0531677627733345e-06,0.01477279100799933,0.22363983298419043,0.10586716601392254,0.1617777082574321
endpoints,30.0,0.000888858741621725,0.0,-3.6,2.0,0.0,0.0,74613,0 1 3 8 19 20 22 23,0 1 3 8 19 20 22 23,988.3124055367006,988.3124055367006,988.3124055367006,988.3124055367006,0.0,988.3124055367006,0.0,0.0,0.0,988.3124055367006,982.9806182653225,5.331787271378062,1,0.0,1.0,0,0,0,1,988.3124055367006,988.3124055367006,0.0,0.8884125234437942,1.0059979287524298e-05,0.8884125234437942,1.0059979287524298e-05,1.0059979287524307e-05,1.0059979287524298e-05,0.028861040977062657,0.24088983298861422,0.12670733299455605,0.18693016624456504
endpoints,30.0,0.000888858741621725,0.0,-2.4000000000000004,2.0,0.0,0.0,74613,0 1 3 8 14 17 20 23,0 1 3 8 14 17 20 23,998.6517270934456,998.6517270934456,998.6517270934456,998.6517270934456,0.0,998.6517270934456,0.0,0.0,0.0,998.6517270934456,996.6427716614381,2.0089554320074967,1,0.0,1.0,0,0,0,1,998.6517270934456,998.6517270934456,0.0,0.8884930886042108,8.338954602243373e-07,0.8884930886042108,8.338954602243373e-07,8.338954602243455e-07,8.338954602243373e-07,0.02559958299389109,0.18676104198675603,0.14581808398361318,0.19250884448410943
endpoints,30.0,0.000888858741621725,0.0,-1.2000000000000002,2.0,0.0,0.0,74613,0 8 10 11 15 16 17 23,0 8 10 11 15 16 17 23,998.830343310172,998.830343310172,998.830343310172,998.830343310172,0.0,998.830343310172,0.0,0.0,0.0,998.830343310172,997.9736306359957,0.856712674176265,1,0.0,1.0,0,0,0,1,998.830343310172,998.830343310172,0.0,0.8886589836971656,8.408851958851883e-07,0.8886589836971656,8.408851958851883e-07,8.408851958851442e-07,8.408851958851883e-07,0.022282500023720786,0.18876787499175407,0.15591404199949466,0.20310642675758572
endpoints,30.0,0.000888858741621725,0.0,0.0,2.0,0.0,0.0,74613,0 1 10 11 12 13 14 23,0 1 10 11 12 13 14 23,1.4468465144686231,1.4468465144686231,1.4468465144686231,1.4468465144686231,0.0,1.4468465144686231,0.0,0.0,0.0,1.4468465144686231,1.446780387784989,6.612668363414897e-05,1,0.0,1.0,0,0,0,1,1.4468465144686231,1.4468465144686231,0.0,0.8886162561116422,0.6132856561259766,0.8886162561116422,0.6132856561259766,0.6132856561259764,0.6132856561259766,0.024409999983618036,0.20475404200260527,0.12516020800103433,0.1763497605061275
endpoints,30.0,0.000888858741621725,0.0,1.1999999999999993,2.0,0.0,0.0,74613,0 7 8 10 15 16 17 23,0 7 8 10 15 16 17 23,995.9848644521294,995.9848644521294,995.9848644521294,995.9848644521294,0.0,995.9848644521294,0.0,0.0,0.0,995.9848644521294,994.3381290698087,1.646735382320685,1,0.0,1.0,0,0,0,1,995.9848644521294,995.9848644521294,0.0,0.888642437187882,3.366099241399711e-06,0.888642437187882,3.366099241399711e-06,3.3660992413996784e-06,3.366099241399711e-06,0.01502570800948888,0.19708804198307917,0.11555604200111702,0.16482884449942503
endpoints,30.0,0.000888858741621725,0.0,2.4000000000000004,2.0,0.0,0.0,74613,0 1 2 9 10 11 14 23,0 1 2 9 10 11 14 23,998.2528659638547,998.2528659638547,998.2528659638547,998.2528659638547,0.0,998.2528659638547,0.0,0.0,0.0,998.2528659638547,996.3677221688774,1.885143794977239,1,0.0,1.0,0,0,0,1,998.2528659638547,998.2528659638547,0.0,0.8885412517436426,1.2376277843563576e-06,0.8885412517436426,1.2376277843563576e-06,1.237627784356321e-06,1.2376277843563576e-06,0.019665291998535395,0.20008912502089515,0.10329904200625606,0.15332186526211444
endpoints,30.0,0.000888858741621725,0.0,3.5999999999999996,2.0,0.0,0.0,74613,0 3 5 10 18 19 20 23,0 3 5 10 18 19 20 23,999.3398290408797,999.3398290408797,999.3398290408797,999.3398290408797,0.0,999.3398290408797,0.0,0.0,0.0,999.3398290408797,999.148573512881,0.19125552799880552,1,0.0,1.0,0,0,0,1,999.3398290408797,999.3398290408797,0.0,0.8885139445835937,2.421615578754248e-07,0.8885139445835937,2.421615578754248e-07,2.421615578754248e-07,2.421615578754248e-07,0.018156500009354204,0.19301637500757352,0.10617150002508424,0.15442638476088177
endpoints,30.0,0.000888858741621725,0.0,4.799999999999999,2.0,0.0,0.0,74613,0 2 6 10 12 17 18 23,0 2 6 10 12 17 18 23,999.1773471078986,999.1773471078986,999.1773471078986,999.1773471078986,0.0,999.1773471078986,0.0,0.0,0.0,999.1773471078986,998.9258758223984,0.2514712855002017,1,0.0,1.0,0,0,0,1,999.1773471078986,999.1773471078986,0.0,0.8885689474744002,4.4179150820179613e-07,0.8885689474744002,4.4179150820179613e-07,4.4179150820180947e-07,4.4179150820179613e-07,0.01515712501714006,0.18774404199211858,0.10505529097281396,0.1519917184705264
endpoints,30.0,0.000888858741621725,0.0,6.0,2.0,0.0,0.0,74613,0 1 3 7 12 14 21 23,0 1 3 7 12 14 21 23,999.5454183339585,999.5454183339585,999.5454183339585,999.5454183339585,0.0,999.5454183339585,0.0,0.0,0.0,999.5454183339585,999.1175428450915,0.42787548886701643,1,0.0,1.0,0,0,0,1,999.5454183339585,999.5454183339585,0.0,0.8884924430064942,3.7777445345165226e-08,0.8884924430064942,3.7777445345165226e-08,3.7777445345168574e-08,3.7777445345165226e-08,0.014559917006408796,0.27821133300312795,0.1150938339997083,0.18464712525747018
endpoints,30.0,0.000888858741621725,0.0,-6.0,4.0,0.0,0.0,74613,0 5 10 16 17 19 22 23,0 5 10 16 17 19 22 23,999.4715991677731,999.4715991677731,999.4715991677731,999.4715991677731,0.0,999.4715991677731,0.0,0.0,0.0,999.4715991677731,999.3853848750996,0.08621429267350322,1,0.0,1.0,0,0,0,1,999.4715991677731,999.4715991677731,0.0,0.8885426767124074,1.5368999941105823e-07,0.8885426767124074,1.5368999941105823e-07,1.5368999941105823e-07,1.5368999941105823e-07,0.023862750007538125,0.21514454198768362,0.1370274169894401,0.19081434347026516
endpoints,30.0,0.000888858741621725,0.0,-4.8,4.0,0.0,0.0,74613,0 3 8 11 19 20 22 23,0 3 8 11 19 20 22 23,999.1934927116076,999.1934927116076,999.1934927116076,999.1934927116076,0.0,999.1934927116076,0.0,0.0,0.0,999.1934927116076,999.148201302498,0.04529140910960905,1,0.0,1.0,0,0,0,1,999.1934927116076,999.1934927116076,0.0,0.8884960743219097,3.5448965214192413e-07,0.8884960743219097,3.5448965214192413e-07,3.5448965214192577e-07,3.5448965214192413e-07,0.016016292007407174,0.21397166699171066,0.14879316699807532,0.2022864997270517
endpoints,30.0,0.000888858741621725,0.0,-3.6,4.0,0.0,0.0,74613,0 4 8 9 11 12 15 23,0 4 8 9 11 12 15 23,999.1607633028158,999.1607633028158,999.1607633028158,999.1607633028158,0.0,999.1607633028158,0.0,0.0,0.0,999.1607633028158,999.0904400922345,0.07032321058125035,1,0.0,1.0,0,0,0,1,999.1607633028158,999.1607633028158,0.0,0.8886390040913873,5.266673428055564e-07,0.8886390040913873,5.266673428055564e-07,4.2704969675584007e-07,5.266673428055564e-07,0.015587375004542992,0.18716012500226498,0.11044912500074133,0.1572394062532112
endpoints,30.0,0.000888858741621725,0.0,-2.4000000000000004,4.0,0.0,0.0,74613,0 2 11 17 18 20 22 23,0 2 11 17 18 20 22 23,999.5153821812061,999.5153821812061,999.5153821812061,999.5153821812061,0.0,999.5153821812061,0.0,0.0,0.0,999.5153821812061,999.2588872437466,0.25649493745947893,1,0.0,1.0,0,0,0,1,999.5153821812061,999.5153821812061,0.0,0.8884855806462021,5.762373454629538e-08,0.8884855806462021,5.762373454629538e-08,5.762373454629538e-08,5.762373454629538e-08,0.015292750002117828,0.18142854201141745,0.12826883301022463,0.17362692751339637
endpoints,30.0,0.000888858741621725,0.0,-1.2000000000000002,4.0,0.0,0.0,74613,0 4 6 13 20 21 22 23,0 4 6 13 20 21 22 23,998.4685017868726,998.4685017868726,998.4685017868726,998.4685017868726,0.0,998.4685017868726,0.0,0.0,0.0,998.4685017868726,997.6995622758161,0.7689395110564874,1,0.0,1.0,0,0,0,1,998.4685017868726,998.4685017868726,0.0,0.8884726928999888,9.767327171912e-07,0.8884726928999888,9.767327171912e-07,9.767327171912252e-07,9.767327171912e-07,0.025567959004547447,0.2138063340098597,0.1251461669744458,0.17859829247754533
endpoints,30.0,0.000888858741621725,0.0,0.0,4.0,0.0,0.0,74613,0 1 10 11 12 13 14 23,0 1 10 11 12 13 14 23,2.820310488600012,2.820310488600012,2.820310488600012,2.820310488600012,0.0,2.820310488600012,0.0,0.0,0.0,2.820310488600012,2.8195891100137485,0.0007213785862636435,1,0.0,1.0,0,0,0,1,2.820310488600012,2.820310488600012,0.0,0.8886162561116422,0.31418859805028876,0.8886162561116422,0.31418859805028876,0.3141885980502886,0.31418859805028876,0.027801624994026497,0.19489433299168013,0.12079691697726957,0.16952104123629397
endpoints,30.0,0.000888858741621725,0.0,1.1999999999999993,4.0,0.0,0.0,74613,0 3 8 10 11 19 20 23,0 3 8 10 11 19 20 23,998.6173399946151,998.6173399946151,998.6173399946151,998.6173399946151,0.0,998.6173399946151,0.0,0.0,0.0,998.6173399946151,998.2170328592703,0.4003071353448604,1,0.0,1.0,0,0,0,1,998.6173399946151,998.6173399946151,0.0,0.8885604818131345,9.320182882980762e-07,0.8885604818131345,9.320182882980762e-07,9.320182882981032e-07,9.320182882980762e-07,0.01509583299048245,0.18777495800168253,0.11015312498784624,0.15709753050032305
endpoints,30.0,0.000888858741621725,0.0,2.4000000000000004,4.0,0.0,0.0,74613,0 1 9 11 12 13 18 23,0 1 9 11 12 13 18 23,999.5771348572002,999.5771348572002,999.5771348572002,999.5771348572002,0.0,999.5771348572002,0.0,0.0,0.0,999.5771348572002,998.8025695688555,0.7745652883447747,1,0.0,1.0,0,0,0,1,999.5771348572002,999.5771348572002,0.0,0.8885911951834952,1.0836676500230498e-07,0.8885911951834952,1.0836676500230498e-07,1.0836676500230787e-07,1.0836676500230498e-07,0.01730708300601691,0.20945799999753945,0.12895941600436345,0.18132416600565193
endpoints,30.0,0.000888858741621725,0.0,3.5999999999999996,4.0,0.0,0.0,74613,0 1 6 7 12 14 20 23,0 1 6 7 12 14 20 23,999.5794265541956,999.5794265541956,999.5794265541956,999.5794265541956,0.0,999.5794265541956,0.0,0.0,0.0,999.5794265541956,999.2690600772762,0.31036647691939834,1,0.0,1.0,0,0,0,1,999.5794265541956,999.5794265541956,0.0,0.88853515232025,5.0262221277810036e-08,0.88853515232025,5.0262221277810036e-08,5.0262221277810744e-08,5.0262221277810036e-08,0.02051145801669918,0.20002354198368266,0.11625316698336974,0.1662593854853185
endpoints,30.0,0.000888858741621725,0.0,4.799999999999999,4.0,0.0,0.0,74613,0 1 11 12 18 19 22 23,0 1 11 12 18 19 22 23,999.337158585155,999.337158585155,999.337158585155,999.337158585155,0.0,999.337158585155,0.0,0.0,0.0,999.337158585155,998.9540723132611,0.3830862718938306,1,0.0,1.0,0,0,0,1,999.337158585155,999.337158585155,0.0,0.8884978299960469,2.2841216125584638e-07,0.8884978299960469,2.2841216125584638e-07,2.2841216125585106e-07,2.2841216125584638e-07,0.02036829199641943,0.19966800001566298,0.13696850000997074,0.1868861670154729
endpoints,30.0,0.000888858741621725,0.0,6.0,4.0,0.0,0.0,74613,0 1 7 9 18 19 21 23,0 1 7 9 18 19 21 23,999.266543564512,999.266543564512,999.266543564512,999.266543564512,0.0,999.266543564512,0.0,0.0,0.0,999.266543564512,998.7960821676486,0.47046139686335664,1,0.0,1.0,0,0,0,1,999.266543564512,999.266543564512,0.0,0.8884877655601024,2.8116932811286107e-07,0.8884877655601024,2.8116932811286107e-07,2.8116932811286224e-07,2.8116932811286107e-07,0.01803479201043956,0.19845787499798462,0.12555587501265109,0.17517155276436824
endpoints,30.0,0.000888858741621725,0.01,0.0,0.0,0.0,0.0,74613,0 10 11 12 13 14 15 23,0 1 2 3 4 5 6 23,0.991018609077563,0.9989924430049941,0.9908317126487012,0.998992590838584,-0.007982022924041376,0.991018609077563,-0.007982022924041376,0.0,0.0,0.9989926266770983,0.9989926266770983,-0.00797401759953531,0,0.008046284425433203,1.0080460990887479,74613,74613,0,1,0.9990008144258209,0.999000477275097,3.3748793693000323e-07,0.8814326206187437,0.8814326206187437,0.8813031621836805,0.8813031621836805,0.8883297724483357,0.8884000060407222,1.3598590829933528,0.23499183298554271,1.5714411250082776,1.6301897082594223
endpoints,30.0,0.000888858741621725,0.01,-6.0,1.0,0.0,0.0,74613,0 1 4 5 14 17 18 23,0 2 3 15 17 19 22 23,330.19524285555383,330.2324289546742,236.43509427338918,236.44969616932292,0.3964714195238348,308.2401447129426,0.30361827359765403,0.0712272509573908,0.0712272509573908,330.23242895467416,326.593278288318,3.601964567235825,1,0.00011261851866417594,1.0001126185186644,15,15,0,1,999.2989928610759,994.8984570256233,0.004403622806477103,0.8812910047763786,0.0028383230609096734,0.8811892663515044,0.0017795323341452507,0.001779532334145252,0.001779828868236355,0.14692883301177062,0.18323366600088775,0.5216717089933809,0.5674810005002655
endpoints,30.0,0.000888858741621725,0.01,-4.8,1.0,0.0,0.0,74613,0 6 9 13 14 15 17 23,0 6 8 12 13 16 19 23,265.04396539533417,265.0792641614528,239.7616229261255,239.7878276673523,0.10532702169944441,248.93448616625102,0.038144799041206934,0.0647137304163008,0.0647137304163008,265.07926416145267,262.40694115258,2.637024242754194,1,0.00013318079536661642,1.000133180795367,15,15,0,1,999.4077210498665,994.4251405571,0.004985533319206592,0.8813917153344606,0.002786856259880264,0.8813692873001321,0.002436068578092401,0.002436068578092403,0.0024365064758155924,0.0892202919931151,0.21079162499518134,0.43186916699050926,0.48456803125009174
endpoints,30.0,0.000888858741621725,0.01,-3.6,1.0,0.0,0.0,74613,0 3 5 8 10 15 16 23,0 4 5 7 8 16 18 23,206.82698068296017,206.86663661945246,192.3337994512763,192.45518614259632,0.07467605746781647,201.04324586094802,0.04462368559914265,0.028768610441220588,0.028768610441220588,206.8666366194523,201.07651615911686,5.750464523843306,1,0.0001917348324729229,1.0001917348324738,2,2,0,1,998.6018047034302,977.7564094459699,0.020874581999830277,0.8818199128006236,0.003693090596689452,0.8813584549327164,0.0033716564837214754,0.0033716564837214767,0.0033724658513185697,0.07276291699963622,0.20725829098955728,0.46107049999409355,0.5128857387244352
endpoints,30.0,0.000888858741621725,0.01,-2.4000000000000004,1.0,0.0,0.0,74613,0 1 3 6 14 21 22 23,0 1 3 6 14 21 22 23,176.2970559936972,176.41994891638808,176.2970559936972,176.41994891638808,-0.0006965931202549402,176.2970559936972,-0.0006965931202549402,0.0,0.0,176.41994891638794,176.3378918211123,-0.04083582741509417,0,0.0006970787004811907,1.0006970787004819,2,2,0,1,999.2084040535677,999.2084040535677,0.0,0.8816332508642775,0.004108497035202108,0.8816332508642775,0.004108497035202108,0.004108497035202112,0.004109419973449315,0.08241766699939035,0.18095708300825208,0.4635852499923203,0.5088252707500942
endpoints,30.0,0.000888858741621725,0.01,-1.2000000000000002,1.0,0.0,0.0,74613,0 1 2 3 7 13 21 23,0 6 7 13 20 21 22 23,154.66299352032493,154.6890598648223,134.67916428810275,134.69307245301633,0.14826242139716972,154.66299352032493,0.14826242139716972,0.0,0.0,154.6890598648222,152.1780331256886,2.484960394636346,1,0.00016853640230274358,1.0001685364023032,1,1,0,1,999.3551048218727,972.3353700209944,0.02703717094204905,0.8812528917645277,0.005653815471054851,0.8811964111211016,0.004807707078166373,0.004807707078166376,0.0048086576546553595,0.1657215410086792,0.19487804200616665,0.5163097500044387,0.5650303854854428
endpoints,30.0,0.000888858741621725,0.01,0.0,1.0,0.0,0.0,74613,0 1 10 11 12 13 14 23,0 1 2 3 4 5 6 23,1.100948505615499,1.1081520219746124,1.1008222417217308,1.106848785710789,-0.005330701150384254,1.100948505615499,-0.005330701150384254,0.0,0.0,1.1087079913215119,1.1087079913215119,-0.007759485706012814,0,0.007048000579895186,1.0065430093436443,74613,74613,0,1,1.11017508944747,1.109927898798595,0.0002226591564020719,0.8818629826961847,0.7958441675586924,0.8813033085668663,0.7944021221803595,0.799469253723146,0.7996043608318594,2.5879307920113206,0.20669616700615734,3.089333665993763,3.141008707752917
endpoints,30.0,0.000888858741621725,0.01,1.1999999999999993,1.0,0.0,0.0,74613,0 2 6 8 15 17 21 23,0 3 6 13 14 17 20 23,330.6223810457367,330.69484519013497,280.3744114835207,280.4187234526904,0.1790310467678744,319.99987887408895,0.14115018759821263,0.03319533185144552,0.03319533185144552,330.69484519013486,321.85625771688865,8.766123328848039,1,0.00021917495170464818,1.0002191749517049,3,3,0,1,998.2744492619221,980.6922109508504,0.017612629797418178,0.8812830164550273,0.002253880821571918,0.8813087068176905,0.0017761622577560448,0.0017761622577560459,0.0017767423792949774,0.12527070799842477,0.22833049998735078,0.5223761670058593,0.5794594580147532
endpoints,30.0,0.000888858741621725,0.01,2.4000000000000004,1.0,0.0,0.0,74613,0 3 8 14 18 21 22 23,0 3 8 14 18 21 22 23,541.3281076225799,541.4430020720416,541.3281076225799,541.4430020720416,-0.00021220045142711363,541.3281076225799,-0.00021220045142711363,0.0,0.0,541.4430020720412,540.8287738543462,0.4993337682336687,1,0.00021224549001508386,1.000212245490016,1,1,0,1,999.5845969347988,999.5845969347988,0.0,0.8811974913539039,0.0007386394215859627,0.8811974913539039,0.0007386394215859627,0.0007386394215859638,0.0007389819755440525,0.08855375001439825,0.2531157500052359,0.4425876660097856,0.5058674785177573
endpoints,30.0,0.000888858741621725,0.01,3.5999999999999996,1.0,0.0,0.0,74613,0 5 11 14 16 17 20 23,0 1 6 9 13 16 20 23,720.7890953780731,720.9182505286661,699.2683220303563,699.3895755581657,0.03059742462250581,699.2683220303563,-0.00017337051058075037,0.030776130806598356,0.030776130806598356,720.918250528666,703.3834443588173,17.405651019255743,1,0.00017918577212272524,1.000179185772123,3,3,0,1,999.5514027082229,998.9671866432984,0.0005844782602891785,0.8813134207803799,0.0003712592978515187,0.8813082517540721,0.0003336214093632005,0.00033362140936320066,0.0003338387962978872,0.09576766600366682,0.2026706250035204,0.45664899999974295,0.5073174062563339
endpoints,30.0,0.000888858741621725,0.01,4.799999999999999,1.0,0.0,0.0,74613,0 3 4 5 6 7 8 23,0 1 3 4 12 14 20 23,819.4893291787396,820.0038543841735,816.1387217033783,816.2373268196677,0.003984138255160197,816.1387217033783,-0.00012080446831996827,0.004105438678816853,0.004105438678816853,820.0038543841739,816.7153672778273,2.7739619009122407,1,0.0006278607751366572,1.000627860775136,3,3,0,1,999.3302429165806,998.3956481832284,0.0009352211043113234,0.8813913161357836,0.00019096361785058365,0.8817361019786567,0.0001864241332872525,0.0001864241332872523,0.00018654393039735983,0.09140599999227561,0.19072487502126023,0.4986353330023121,0.5463168437563581
endpoints,30.0,0.000888858741621725,0.01,6.0,1.0,0.0,0.0,74613,0 1 2 5 9 11 14 23,0 1 7 9 16 17 21 23,875.6452950471382,875.7066030464861,835.6467151860505,835.6981043471458,0.047800982785762836,835.6467151860505,-6.149249451203875e-05,0.047865418644267965,0.047865418644267965,875.7066030464855,872.5404406488659,3.104854398272323,1,7.001465056011291e-05,1.0000700146505608,21,21,0,1,999.5202902604813,999.1584135236244,0.00036205041596759635,0.8813530118577243,0.0001657721200172928,0.8812695272600084,0.00011749375611458257,0.0001174937561145826,0.00011756300026500167,0.09460095901158638,0.19344316702336073,0.4548789160035085,0.5032403747609351
endpoints,30.0,0.000888858741621725,0.01,-6.0,2.0,0.0,0.0,74613,0 2 5 9 12 18 21 23,0 1 5 7 9 12 13 23,347.05095640122886,347.2645363726287,335.92758574214184,335.965508129272,0.03299579273385245,347.05095640122886,0.03299579273385245,0.0,0.0,347.2645363726286,345.0403858398897,2.0105705613391365,1,0.0006154138677918475,1.000615413867792,1,1,0,1,999.1659917821714,991.9501037353672,0.007221911180076868,0.8812857189374137,0.0017342846990386024,0.8818532839604198,0.0016505692494189613,0.0016505692494189622,0.0016507992418526155,0.0900614160054829,0.1948637500172481,0.46269675000803545,0.5114131875161547
endpoints,30.0,0.000888858741621725,0.01,-4.8,2.0,0.0,0.0,74613,0 6 7 10 11 17 22 23,0 2 6 8 13 18 21 23,284.22421709196584,284.2534868380946,280.07724106485574,280.11684667210983,0.01466306103561088,280.07724106485574,-0.00014138959410914254,0.014806544120983478,0.014806544120983478,284.2534868380949,280.3511364367376,3.87308065522825,1,0.00010298118305507309,1.0001029811830542,4,4,0,1,995.1460175355973,963.036366260235,0.03226627118990977,0.8813232266057328,0.0022574112420517805,0.8812848739736913,0.0022114897669461026,0.0022114897669461005,0.0022118019062614823,0.09624416701262817,0.1972636670107022,0.4850947079830803,0.534411083732266
endpoints,30.0,0.000888858741621725,0.01,-3.6,2.0,0.0,0.0,74613,0 1 3 8 19 20 22 23,0 1 6 7 8 9 22 23,178.3220740280722,178.33099288046566,174.22609899716633,174.24547748807632,0.02339570931058943,174.8846101620033,0.0036680015064993743,0.01965561099335522,0.01965561099335522,178.33099288046557,177.93047513946664,0.39159888860555725,1,5.00154141991338e-05,1.0000500154141998,10,10,0,1,988.3124055367006,858.0549001490333,0.1317979058625003,0.8811595009613653,0.0041681419545464915,0.8813052552212818,0.004053104744287963,0.004053104744287963,0.004053344531694671,0.09189662500284612,0.19453820801572874,0.4139814999944065,0.46261671801039483
endpoints,30.0,0.000888858741621725,0.01,-2.4000000000000004,2.0,0.0,0.0,74613,0 1 3 8 14 17 20 23,0 1 3 8 14 17 20 23,222.80053979183313,222.83908484194308,222.80053979183313,222.83908484194308,-0.0001729725740764465,222.80053979183313,-0.0001729725740764465,0.0,0.0,222.83908484194308,218.99797778015684,3.8025620116762866,1,0.00017300249876406326,1.000173002498764,1,1,0,1,998.6517270934456,998.6517270934456,0.0,0.8812710795302932,0.003065883220073942,0.8812710795302932,0.003065883220073942,0.003065883220073942,0.003066559062422848,0.08033837500261143,0.2347385830071289,0.46546112501528114,0.5241464787468431
endpoints,30.0,0.000888858741621725,0.01,-1.2000000000000002,2.0,0.0,0.0,74613,0 8 10 11 15 16 17 23,0 1 8 12 15 20 21 23,216.5978492106776,216.73431343558678,188.608557899384,188.63040751075877,0.14826581816255513,201.27096768599998,0.0670123144091721,0.07615048360372012,0.07615048360372012,216.73431343558664,201.39868457138414,15.199164639293457,1,0.0006300349952981232,1.0006300349952988,2,2,0,1,998.830343310172,997.4128240551086,0.0014191792075175513,0.8813914904561633,0.0037837256104313343,0.8816904232401775,0.003179211557280046,0.0031792115572800484,0.0031796989383515426,0.10738633299479261,0.2865298749820795,0.42616379098035395,0.4977971347325365
endpoints,30.0,0.000888858741621725,0.01,0.0,2.0,0.0,0.0,74613,0 1 10 11 12 13 14 23,0 2 3 4 5 6 7 23,1.4305951413614804,1.4359913719804933,1.4305017465431074,1.4327363745411397,-0.001494506049897093,1.4305951413614804,-0.001494506049897093,0.0,0.0,1.4379506747686555,1.4379506747686555,-0.007355533407175097,0,0.005141589814274816,1.0037720179965643,74613,74613,0,1,1.4468465144686231,1.4440054391745212,0.001963632815015881,0.8818629826961847,0.6146207342067793,0.8813511324110118,0.6128690994245672,0.6137101665914906,0.6151832218739701,2.352511290984694,0.18974762500147335,2.778074999980163,2.825512656236242
endpoints,30.0,0.000888858741621725,0.01,1.1999999999999993,2.0,0.0,0.0,74613,0 7 8 10 15 16 17 23,0 2 6 12 15 17 22 23,382.26636034110214,382.324522756727,335.70039327616183,335.74264257410556,0.13856958237507122,368.4578758263234,0.09744140035770665,0.037476426535356655,0.037476426535356655,382.32452275672665,370.9199866930547,11.34637364804746,1,0.00015215154054515345,1.000152151540546,3,3,0,1,995.9848644521294,985.5514341368764,0.010475490830869405,0.8813876117587434,0.0017363294233406754,0.8812660101007264,0.0014161621441598439,0.0014161621441598452,0.0014165089404938314,0.13372524999431334,0.19510262500261888,0.5076157090079505,0.5563919482665369
endpoints,30.0,0.000888858741621725,0.01,2.4000000000000004,2.0,0.0,0.0,74613,0 1 2 9 10 11 14 23,0 2 6 9 14 16 20 23,526.6208436911119,526.6879812433609,469.7077103035207,469.75622503817016,0.12105133603779539,506.49186313494715,0.07820149289941192,0.03974196235172611,0.03974196235172611,526.6879812433609,516.6733110656818,9.947532625430085,1,0.00012748745715884802,1.0001274874571588,5,5,0,1,998.2528659638547,980.7787824254643,0.01750466653708871,0.8813682121115776,0.000987365915198867,0.8813146859292683,0.0007844558531953703,0.0007844558531953703,0.0007846667738949436,0.1009390419931151,0.22007462501642294,0.47555724999983795,0.5305767812606064
endpoints,30.0,0.000888858741621725,0.01,3.5999999999999996,2.0,0.0,0.0,74613,0 3 5 10 18 19 20 23,0 1 3 4 19 20 22 23,634.832741061909,634.9348348772463,630.4079713176511,630.4863937334097,0.006893641752937052,630.4079713176511,-0.00012438399391023758,0.007018898785510874,0.007018898785510874,634.9348348772463,630.4863937334094,4.346347328499633,1,0.00016082002192652212,1.0001608200219265,2,2,0,1,999.3398290408797,996.3153877681162,0.0030264392400592977,0.8812539799034073,0.0005088779719100031,0.8811389769399643,0.0004989041098373815,0.0004989041098373815,0.0004991246710788943,0.06330320800771005,0.1754679580044467,0.45056262498837896,0.4944304484888562
endpoints,30.0,0.000888858741621725,0.01,4.799999999999999,2.0,0.0,0.0,74613,0 2 6 10 12 17 18 23,0 2 6 10 12 17 18 23,807.4298496506254,807.5113540554532,807.4298496506254,807.5113540554532,-0.00010093282827350336,807.4298496506254,-0.00010093282827350336,0.0,0.0,807.5113540554529,805.5731546119058,1.8566950387196357,1,0.00010094301673735373,1.0001009430167378,1,1,0,1,999.1773471078986,999.1773471078986,0.0,0.8813396806469843,0.0002025682410711539,0.8813396806469843,0.0002025682410711539,0.00020256824107115425,0.0002026768741180508,0.07675154201569967,0.19301441599964164,0.48727237500133924,0.5355263960009324
endpoints,30.0,0.000888858741621725,0.01,6.0,2.0,0.0,0.0,74613,0 1 3 7 12 14 21 23,0 9 12 14 16 18 20 23,878.5631003273794,878.6242458505775,857.4456021916506,857.4981267337607,0.024565620538269606,864.3658475763975,0.00800902139436288,0.016425050562547838,0.016425050562547838,878.6242458505773,877.6038278750568,0.9592724523225797,1,6.959719020183108e-05,1.0000695971902023,11,11,0,1,999.5454183339585,999.0741010756,0.0004715316079825227,0.8812859080283361,0.00013888217180182228,0.8813153832751653,0.00011420415749276798,0.00011420415749276802,0.00011427300963960809,0.10739366599591449,0.19593991700094193,0.4505809999827761,0.49956643822952174
endpoints,30.0,0.000888858741621725,0.01,-6.0,4.0,0.0,0.0,74613,0 5 10 16 17 19 22 23,0 8 11 14 16 19 22 23,419.8214433955513,420.0610992300313,366.84540509062026,366.86851117080676,0.1443376321825851,373.3032997923482,0.01753976813383562,0.12461219504108056,0.12461219504108056,420.0610992300312,409.1383085215231,10.683134874028212,1,0.0005708518186720024,1.0005708518186724,25,25,0,1,999.4715991677731,999.2931783126222,0.0001785151827219389,0.8812395842784907,0.001513199645635727,0.8817157746975673,0.0012101591781850493,0.00121015917818505,0.001210303651340731,0.07927233297959901,0.24200720802764408,0.4366476249997504,0.49715021900919965
endpoints,30.0,0.000888858741621725,0.01,-4.8,4.0,0.0,0.0,74613,0 3 8 11 19 20 22 23,0 9 14 15 19 20 22 23,346.9537814635016,346.9873341913655,310.3908725860327,310.4137833539366,0.1177138389757062,336.7421756660731,0.08481708520693054,0.03032470101860585,0.03032470101860585,346.9873341913652,345.5524568265501,1.4013246369515286,1,9.670662104355188e-05,1.0000967066210442,6,6,0,1,999.1934927116076,962.0144252405626,0.03720907686272923,0.8812114451125724,0.0019499695977365412,0.8812141037946409,0.0016507558695232638,0.0016507558695232646,0.0016509972822996491,0.10736483399523422,0.20023016701452434,0.4312183749862015,0.48127662474871613
endpoints,30.0,0.000888858741621725,0.01,-3.6,4.0,0.0,0.0,74613,0 4 8 9 11 12 15 23,0 4 8 9 11 12 15 23,352.64195892097564,352.8481981175414,352.64195892097564,352.8481981175414,-0.00058449836974106,352.64195892097564,-0.00058449836974106,0.0,0.0,352.8481981175415,343.4257629726759,9.216195948299742,1,0.0005848402078894033,1.0005848402078892,1,1,0,1,999.1607633028158,999.1607633028158,0.0,0.8818544647005764,0.0016103873064105551,0.8818544647005764,0.0016103873064105551,0.0016103873064105547,0.001610636274660663,0.0914946660050191,0.1926352079899516,0.41160133300581947,0.4597610099808662
endpoints,30.0,0.000888858741621725,0.01,-2.4000000000000004,4.0,0.0,0.0,74613,0 2 11 17 18 20 22 23,0 4 5 7 9 11 15 23,344.59749804317545,344.62720299599516,266.233814895768,266.2520959814855,0.29425271479229176,319.6968070290809,0.20072972890816887,0.07788845702118463,0.07788845702118463,344.6272029959953,332.55268245867353,12.044815584501919,1,8.620188187236089e-05,1.000086201881872,5,5,0,1,999.5153821812061,997.5105138773816,0.0020058403698093308,0.8811792440446533,0.0024207086095623504,0.8814128841846248,0.0016687248632768924,0.0016687248632768915,0.001668942180774703,0.10049062501639128,0.19411912499344908,0.4468697909906041,0.49540053123928374
endpoints,30.0,0.000888858741621725,0.01,-1.2000000000000002,4.0,0.0,0.0,74613,0 4 6 13 20 21 22 23,0 2 4 8 9 18 19 23,348.68463489576345,348.70367241012,308.94883993576383,308.9656012237676,0.12855487314663705,348.68463489576345,0.12855487314663705,0.0,0.0,348.7036724101201,334.7976659894487,13.886968906314735,1,5.459808793206733e-05,1.000054598087932,1,1,0,1,998.4685017868726,990.4778056074109,0.008002952687201859,0.8811784987637187,0.0019631691063765615,0.8813054273992161,0.0016385176444883947,0.0016385176444883944,0.0016386520448623172,0.09792999998899177,0.20982795901363716,0.4387864170130342,0.4912439897452714
endpoints,30.0,0.000888858741621725,0.01,0.0,4.0,0.0,0.0,74613,0 1 10 11 12 13 14 23,0 1 10 11 12 13 14 23,2.753721337105887,2.755187482234481,2.753721337105887,2.755187482234481,-0.0005321398772489827,2.753721337105887,-0.0005321398772489827,0.0,0.0,2.759883345920304,2.759883345920304,-0.006162008814416975,0,0.0022377023889037506,1.0005324232008657,45512,45512,0,1,2.820310488600012,2.820310488600012,0.0,0.8818629826961847,0.3191848162378342,0.8818629826961847,0.3191848162378342,0.3187514756418526,0.31918639237801427,1.6218635830155108,0.19316779100336134,2.0058209580020048,2.0541136137617286
endpoints,30.0,0.000888858741621725,0.01,1.1999999999999993,4.0,0.0,0.0,74613,0 3 8 10 11 19 20 23,0 7 11 13 15 21 22 23,482.4860805643085,482.7814621337247,443.51184849375596,443.5363019799109,0.08781643894880498,480.55388329064175,0.08346009367325125,0.004020771324197536,0.004020771324197536,482.7814621337249,482.2247646984919,0.2613158658165844,1,0.0006122074424839141,1.0006122074424835,3,3,0,1,998.6173399946151,995.934406973344,0.0026866477416520596,0.8813125601239243,0.0010981546238904437,0.8817493377222299,0.0009375356145849262,0.0009375356145849254,0.0009376308574946344,0.10883949999697506,0.1949556249892339,0.5044461250072345,0.5531857812602539
endpoints,30.0,0.000888858741621725,0.01,2.4000000000000004,4.0,0.0,0.0,74613,0 1 9 11 12 13 18 23,0 1 2 5 9 20 21 23,602.0034669764328,602.3487536049909,595.8064202007749,595.8505741363405,0.010326234641983456,595.8064202007749,-7.410236304550288e-05,0.010401107751691674,0.010401107751691674,602.3487536049906,598.4807115073584,3.5227554690744682,1,0.0005735625249667642,1.0005735625249672,4,4,0,1,999.5771348572002,997.640130027499,0.001937824268037014,0.88136486881257,0.0005903122234982971,0.8816402500002677,0.0005748120051404255,0.0005748120051404255,0.0005749336086974725,0.09998470899881795,0.2169560000183992,0.448761875013588,0.5030021249986021
endpoints,30.0,0.000888858741621725,0.01,3.5999999999999996,4.0,0.0,0.0,74613,0 1 6 7 12 14 20 23,0 5 8 9 11 12 14 23,752.4338205326395,752.4952669838628,717.2431560137828,717.3024617394907,0.04897705036164757,736.4504038610904,0.026694376700123312,0.021703317138195066,0.021703317138195066,752.495266983863,740.3802290833506,12.053591449288888,1,8.166359558359204e-05,1.0000816635955836,4,4,0,1,999.5794265541956,999.2690600772762,0.0003104970637394233,0.881321597666082,0.0003398023109680535,0.8814425237318009,0.0002825008169104927,0.00028250081691049285,0.0002825939056012637,0.10037245799321681,0.19365120798465796,0.46375870797783136,0.5121723849806585
endpoints,30.0,0.000888858741621725,0.01,4.799999999999999,4.0,0.0,0.0,74613,0 1 11 12 18 19 22 23,0 3 5 8 10 11 20 23,802.5266567463348,802.5756062808221,758.7492391378904,758.792819715588,0.05763607126269221,762.6422938944982,0.005073155779667271,0.05229760160318886,0.05229760160318886,802.5756062808216,796.1481751784505,6.378481567884251,1,6.0994278601622653e-05,1.0000609942786023,27,27,0,1,999.337158585155,997.1229535173005,0.002215673708150012,0.881213037903534,0.00027247675735391316,0.881355329385532,0.00020929988977473529,0.00020929988977473558,0.00020936537900517868,0.10086533401045017,0.21267549999174662,0.4762651250057388,0.5294347920062137
endpoints,30.0,0.000888858741621725,0.01,6.0,4.0,0.0,0.0,74613,0 1 7 9 18 19 21 23,0 4 5 12 13 16 22 23,864.2329654507637,864.2836756865951,835.7959729491076,835.8403577618781,0.033968936083574874,841.0534670340643,0.006236967650312231,0.027560077123801374,0.027560077123801374,864.2836756865947,859.1117623219933,5.121203128770389,1,5.867658126712527e-05,1.0000586765812676,16,16,0,1,999.266543564512,996.4826562702641,0.002785930653014135,0.8812287669773353,0.00016544398352664352,0.8812992338325096,0.0001308287274634653,0.0001308287274634653,0.0001308874251112237,0.13948287497623824,0.21048420897568576,0.4822060419828631,0.5348279272366199
endpoints,30.0,0.000888858741621725,0.03,0.0,0.0,0.0,0.0,74613,0 10 11 12 13 14 15 23,0 1 2 3 4 5 6 23,0.9287380176709528,0.9989249622718737,0.9271143724440514,0.9989234385497451,-0.07026106122876519,0.9287380176709528,-0.07026106122876519,0.0,0.0,0.9989249642171776,0.9989249387019697,-0.07018692103101698,0,0.07557238447311176,1.0755723823785448,74613,74613,0,1,0.9990008144258209,0.999000477275097,3.3748793693000323e-07,0.8247572215738785,0.8247572215738785,0.8259274644128205,0.8259274644128205,0.8883132083989573,0.8884029232412409,1.3438398749858607,0.202641957992455,1.5880049580009654,1.638665905506059
endpoints,30.0,0.000888858741621725,0.03,-6.0,1.0,0.0,0.0,74613,0 1 4 5 14 17 18 23,0 8 9 15 17 19 20 23,52.68634479409468,52.69703940084162,33.401343943276856,33.40463319393053,0.5772166839319628,52.381235958668334,0.5680829558752876,0.005824773506052594,0.005824773506052594,53.64394954280369,53.64394954280369,-0.9576047487090094,0,0.01817557760841937,1.0002029863105655,9,9,0,1,999.2989928610759,976.0392531092032,0.023276056433598757,0.8250078013549991,0.023808547650043105,0.8243138915828604,0.014753649850041118,0.014553198864526173,0.014756663006099086,0.12132241600193083,0.21991604199865833,0.517203374998644,0.5721831355040194
endpoints,30.0,0.000888858741621725,0.03,-4.8,1.0,0.0,0.0,74613,0 6 9 13 14 15 17 23,0 1 5 7 8 9 20 23,40.1015046827149,40.51088512146197,33.30970554684026,33.590122408543635,0.19384812579650212,39.496437098541435,0.17583486651705482,0.015319548511777414,0.015319548511777414,41.62319013894297,40.86393448947285,-0.7624298067579431,0,0.03794584438333959,1.0102086054372799,7,7,0,1,999.4077210498665,959.054490560668,0.04037714502226164,0.831091522956018,0.023853281606894244,0.833422088419863,0.019683935111710557,0.019032459710354274,0.019690185780499702,0.1264227500068955,0.21774087499943562,0.7237282499845605,0.7781643017442548
endpoints,30.0,0.000888858741621725,0.03,-3.6,1.0,0.0,0.0,74613,0 3 5 8 10 15 16 23,0 1 4 5 7 10 12 23,28.781143176052854,29.03582436566858,25.42477221692954,25.696578597781972,0.1200379484970473,25.77389956196254,0.0030089984114556323,0.11667786657042933,0.11667786657042933,29.11439104688286,28.758312124714017,0.022831051338837227,1,0.011578687781494512,1.0088488906801878,26,26,0,1,998.6018047034302,919.237532280341,0.07947539454593633,0.8337845800439488,0.031558440686634374,0.832249347887164,0.02777398676281658,0.027600640938471824,0.027795141117681856,0.11067254201043397,0.20230795798124745,0.5726306670112535,0.6232087394892005
endpoints,30.0,0.000888858741621725,0.03,-2.4000000000000004,1.0,0.0,0.0,74613,0 1 3 6 14 21 22 23,0 8 10 18 19 21 22 23,23.872295886889802,24.106550946060665,22.246170500432516,22.492745407021328,0.061333130078368825,22.246170500432516,-0.010962419310176386,0.0730968679047781,0.0730968679047781,24.19087200998716,23.96896377318618,-0.09666788629637679,0,0.013345014011505896,1.0098128416420773,44,44,0,1,999.2084040535677,924.0329494152282,0.0752350103675763,0.8336103782566867,0.0361724409428742,0.8314297451956667,0.03360092567656497,0.03334206071069722,0.03362672122212706,0.12909608299378306,0.2593449999985751,0.6499309999926481,0.7147679160043481
endpoints,30.0,0.000888858741621725,0.03,-1.2000000000000002,1.0,0.0,0.0,74613,0 1 2 3 7 13 21 23,0 1 6 7 20 21 22 23,20.918701790381046,20.92283353255757,16.56818104839435,16.57042230011671,0.2624121106577779,20.918701790381046,0.2624121106577779,0.0,0.0,20.92283353255757,20.916836941354966,0.0018648490260808614,1,0.00019751427301395452,1.000197514273014,1,1,0,1,999.3551048218727,946.2559562280778,0.05313341407633021,0.825258545194559,0.04891425008975347,0.8244476203943676,0.03851534619608246,0.038514903033235924,0.038522641055170274,0.16849458299111575,0.1896000420092605,0.5907615420001093,0.6381623025081353
endpoints,30.0,0.000888858741621725,0.03,0.0,1.0,0.0,0.0,74613,0 1 10 11 12 13 14 23,0 1 2 3 4 5 6 23,1.0317597054780263,1.1044974075629572,1.0304492206096019,1.100021121643754,-0.062054641336091065,1.0317597054780263,-0.062054641336091065,0.0,0.0,1.1062967335753604,1.1062967335753604,-0.07453702809733409,0,0.0722426236473348,1.0704986846246634,74613,74613,0,1,1.11017508944747,1.109927898798595,0.0002226591564020719,0.8291426033913503,0.7528626711857019,0.825927477063437,0.7468969408518994,0.7994690280698049,0.7996067240425258,2.5430542920075823,0.18813399999635294,2.9921589579898864,3.039193249991513
endpoints,30.0,0.000888858741621725,0.03,1.1999999999999993,1.0,0.0,0.0,74613,0 2 6 8 15 17 21 23,0 2 3 13 17 18 20 23,50.88760723476967,50.901434887949016,40.58272752385699,40.591723974003585,0.2536448874987409,50.46504223341724,0.24323476050775494,0.00837342014691922,0.00837342014691922,50.901434887949016,50.85906821111748,0.0285390236521863,1,0.0002717292859841791,1.0002717292859842,5,5,0,1,998.2744492619221,950.0636222167489,0.048294161070453256,0.8247607632886654,0.019429587546022333,0.824627329065967,0.0153116144057708,0.015311614405770795,0.01531586215898545,0.125797041982878,0.256399165984476,0.5079232499992941,0.5720236664710683
endpoints,30.0,0.000888858741621725,0.03,2.4000000000000004,1.0,0.0,0.0,74613,0 3 8 14 18 21 22 23,0 3 7 9 10 18 20 23,120.96014307669788,121.02573796088905,109.99868187030866,110.04660039240342,0.09917201117871,111.25523588358672,0.01098294256136545,0.0872310153857927,0.0872310153857927,121.3728644599494,121.3728644599494,-0.4127213832515224,0,0.003412044436735151,1.0005422851074968,17,17,0,1,999.5845969347988,988.600214766576,0.010988947010494354,0.8242748650566413,0.0066013759600178305,0.824844902230394,0.005926591559511351,0.005926591559511351,0.0059302258110383145,0.09395983399008401,0.21665854199090973,0.46023216599132866,0.5143977604893735
endpoints,30.0,0.000888858741621725,0.03,3.5999999999999996,1.0,0.0,0.0,74613,0 5 11 14 16 17 20 23,0 1 6 9 13 16 20 23,215.81040713155235,215.92163056236706,197.91368467727872,198.0090348900756,0.08990181812339593,197.91368467727872,-0.0004815447580450716,0.09042690748472659,0.09042690748472659,215.92163056236706,207.23094954149465,8.5794575900577,1,0.0005153756590936531,1.0005153756590937,9,9,0,1,999.5514027082229,998.9671866432984,0.0005844782602891785,0.82445438726651,0.003274862311431256,0.8248798373659268,0.0029314154718395684,0.0029314154718395684,0.0029333494858537106,0.09851395801524632,0.20008312500431202,0.4604599159792997,0.5104810722332331
endpoints,30.0,0.000888858741621725,0.03,4.799999999999999,1.0,0.0,0.0,74613,0 3 4 5 6 7 8 23,0 1 3 4 12 14 20 23,341.0429785583782,342.8521645542565,321.45917899684156,321.5997561076768,0.060457827101683126,321.45917899684156,-0.0004371182134483842,0.060921575245263204,0.060921575245263204,342.8521645542566,336.7482651412293,4.294713417148898,1,0.005304862171700453,1.0053048621717002,8,8,0,1,999.3302429165806,998.3956481832284,0.0009352211043113234,0.8257257558027489,0.001678698416370281,0.8291134237101946,0.0015294238577841395,0.0015294238577841387,0.0015305159744696208,0.07658741698833182,0.19410137500381097,0.41916587500600144,0.46769192775536794
endpoints,30.0,0.000888858741621725,0.03,6.0,1.0,0.0,0.0,74613,0 1 2 5 9 11 14 23,0 7 8 11 12 19 22 23,439.1863197219727,439.33672532229286,353.1479207834647,353.2342407203683,0.24332884271444932,414.01014147215733,0.17205551938522645,0.060810535124315335,0.060810535124315335,439.33672532229275,432.60963974669806,6.576679975274658,1,0.00034246421977623953,1.0003424642197767,14,14,0,1,999.5202902604813,983.9636752843862,0.015564081217441683,0.8254720648386883,0.0014480383359528096,0.8245430501859575,0.0009879318899401626,0.0009879318899401622,0.0009885567743178954,0.10048974998062477,0.1919913329766132,0.46536595802172087,0.5133645412424812
endpoints,30.0,0.000888858741621725,0.03,-6.0,2.0,0.0,0.0,74613,0 2 5 9 12 18 21 23,0 1 3 4 5 12 17 23,57.454940960314886,57.4650906477893,53.710826575986296,53.72041493399476,0.06951781796377898,56.05455813338117,0.04344983563984628,0.024982496938099397,0.024982496938099397,57.46509064778928,57.07947069637101,0.3754702639438747,1,0.00017665473682071386,1.0001766547368212,8,8,0,1,999.1659917821714,968.7849851579273,0.030406365783181677,0.8248198253637412,0.01446507749243718,0.825436269682865,0.013475275385340097,0.013475275385340102,0.013477668737939657,0.12527449999470264,0.23261529099545442,0.5468799159862101,0.6050344057366601
endpoints,30.0,0.000888858741621725,0.03,-4.8,2.0,0.0,0.0,74613,0 6 7 10 11 17 22 23,0 6 7 10 11 17 22 23,43.187242487800575,43.271048080987406,43.187242487800575,43.271048080987406,-0.0019367590318121186,43.187242487800575,-0.0019367590318121186,0.0,0.0,44.10520916025133,44.10520916025133,-0.9179666724507527,0,0.021255505551438292,1.001940517346309,6,6,0,1,995.1460175355973,995.1460175355973,0.0,0.8247029453503228,0.018170142182201147,0.8247029453503228,0.018170142182201147,0.017899582110141758,0.01820695635464673,0.08554266701685265,0.20522645898745395,0.45798937501967885,0.5092965317671769
endpoints,30.0,0.000888858741621725,0.03,-3.6,2.0,0.0,0.0,74613,0 1 3 8 19 20 22 23,0 5 8 9 20 21 22 23,24.533949796581222,24.537163889987763,22.745391744123317,22.74836504100307,0.07849288299883117,23.679214647415957,0.04091940694353502,0.03609643148610675,0.03609643148610675,24.537163889987752,24.374701830016782,0.15924796656443974,1,0.000131005950251728,1.0001310059502522,20,20,0,1,988.3124055367006,601.1826093423069,0.3917079195056383,0.824549528128008,0.035357681466511415,0.8243011112279385,0.03270512607763807,0.03270512607763807,0.03270920571320053,0.09906158401281573,0.19920704097603448,0.4544481660122983,0.5042508012629696
endpoints,30.0,0.000888858741621725,0.03,-2.4000000000000004,2.0,0.0,0.0,74613,0 1 3 8 14 17 20 23,0 1 3 8 17 20 22 23,30.45790041625713,30.58736408926344,30.451075881953933,30.45772690284151,5.696860313042507e-06,30.45790041625713,5.696860313042507e-06,0.0,0.0,30.593277386477013,30.457726902841518,0.00017351341561067102,1,0.004444724303702241,1.00425057772325,1,1,0,1,998.6517270934456,996.6427716614381,0.002011667709076681,0.8248975546557327,0.026194500344468675,0.8259616556005219,0.026114502946888243,0.026065389298517233,0.02618489924962117,0.12424341699806973,0.22081379100563936,0.5209735419775825,0.5761778227388277
endpoints,30.0,0.000888858741621725,0.03,-1.2000000000000002,2.0,0.0,0.0,74613,0 8 10 11 15 16 17 23,0 1 8 12 15 20 21 23,29.635574110456332,29.923659650367703,24.80913147627091,24.812664666093895,0.19437289421610826,27.570653580586345,0.11115246796774714,0.07489559592174433,0.07489559592174433,29.987395257669384,29.790961389027366,-0.15538727857103396,0,0.011871581967731082,1.0097209366971476,19,19,0,1,998.830343310172,997.4128240551086,0.0014191792075175513,0.824670827030791,0.0323470245513843,0.831804607306995,0.026908697340285313,0.02673869630729003,0.026933226241177673,0.14247391698881984,0.20462641600170173,0.5667637499864213,0.617920853990654
endpoints,30.0,0.000888858741621725,0.03,0.0,2.0,0.0,0.0,74613,0 1 10 11 12 13 14 23,0 1 2 3 4 5 6 23,1.3406876069838172,1.4209549791488663,1.339053567945567,1.4043462806760858,-0.04532975560815511,1.3406876069838172,-0.04532975560815511,0.0,0.0,1.4279729452584142,1.4279729452584142,-0.08728533827459706,0,0.06510490424459525,1.0598703021844358,74613,74613,0,1,1.4468465144686231,1.4436772533336872,0.0021904611879994818,0.8291426033913503,0.5895229327092598,0.825927477063437,0.5803593082890868,0.6133376812741151,0.6151525534617226,2.3580986669985577,0.2097855839820113,2.790377541008638,2.842824979008583
endpoints,30.0,0.000888858741621725,0.03,1.1999999999999993,2.0,0.0,0.0,74613,0 7 8 10 15 16 17 23,0 2 6 12 15 17 22 23,65.31349127486546,65.65878314786474,52.714574598932735,52.72485275652541,0.23876099903914927,59.32071174062265,0.12509961885632603,0.10102339230935042,0.10102339230935042,65.65878314786468,63.13805230013659,2.1754389747288627,1,0.005286685281393089,1.005286685281394,6,6,0,1,995.9848644521294,985.5514341368764,0.010475490830869405,0.824762942922288,0.014753915013117925,0.8287987224805233,0.011733957015015952,0.01173395701501596,0.01173667032822998,0.08804666699143127,0.20949133299291134,0.44701654100208543,0.4993902912538033
endpoints,30.0,0.000888858741621725,0.03,2.4000000000000004,2.0,0.0,0.0,74613,0 1 2 9 10 11 14 23,0 2 3 11 12 14 17 23,122.54490171837612,122.59601518105626,86.0027747979606,86.01897620325218,0.4246263688237548,116.34888184118617,0.3525955199265356,0.05325379822427001,0.05325379822427001,122.59601518105632,120.42583734351955,2.1190643748565776,1,0.0004170998708510343,1.0004170998708506,7,7,0,1,998.2528659638547,953.6377003342532,0.044693250729136325,0.8253664101361854,0.008706307889819537,0.8250663934107293,0.005841102197094168,0.005841102197094165,0.005843822048934847,0.12051437501213513,0.21330870798556134,0.4753369999816641,0.5286656359821791
endpoints,30.0,0.000888858741621725,0.03,3.5999999999999996,2.0,0.0,0.0,74613,0 3 5 10 18 19 20 23,0 1 3 4 19 20 22 23,161.6704208497126,161.72893011549215,151.82761402781153,151.87156935836688,0.06452064420447035,153.12493273671762,0.008252784794718249,0.05580729382384808,0.05580729382384808,161.7289301154922,161.28637320476636,0.3840476449462358,1,0.00036190458014573323,1.0003619045801455,21,21,0,1,999.3398290408797,996.3153877681162,0.0030264392400592977,0.8245902559477236,0.0045406647658489995,0.8246260368530622,0.004209957136676543,0.004209957136676541,0.004211748043598321,0.06954737502383068,0.1826607920229435,0.45223683398216963,0.497902739996789
endpoints,30.0,0.000888858741621725,0.03,4.799999999999999,2.0,0.0,0.0,74613,0 2 6 10 12 17 18 23,0 2 4 7 10 17 19 23,321.566970803024,321.7061227015046,311.83976032814917,311.949993528204,0.030828586229640464,311.83976032814917,-0.00035336817548248245,0.031192977010496836,0.031192977010496836,321.7061227015047,321.6087019960003,-0.04173119297632866,0,0.0004327306941169784,1.0004327306941168,8,8,0,1,999.1773471078986,994.1299794051645,0.005051523353030052,0.824909456583044,0.0017555056555471512,0.825030093232049,0.0016756870814540578,0.0016756614864279758,0.0016767660622984924,0.11319208299391903,0.1866769999905955,0.4495075829909183,0.4961776659984025
endpoints,30.0,0.000888858741621725,0.03,6.0,2.0,0.0,0.0,74613,0 1 3 7 12 14 21 23,0 4 10 12 13 14 16 23,457.0527284322782,459.51087989466436,389.5202142706328,389.6290308375628,0.17304587763847712,439.62773045134435,0.12832385591572115,0.039635802689344635,0.039635802689344635,459.51087989466436,453.3052075856369,3.7475208466412937,1,0.005378266684497923,1.005378266684498,10,10,0,1,999.5454183339585,998.6155715356999,0.000930269681800433,0.825027475598334,0.0012286104670376514,0.829027278145069,0.0009152928343651383,0.0009152928343651383,0.0009158929210625783,0.09099716698983684,0.21947104201535694,0.45318820799002424,0.5080563434967189
endpoints,30.0,0.000888858741621725,0.03,-6.0,4.0,0.0,0.0,74613,0 5 10 16 17 19 22 23,0 6 7 10 13 14 18 23,75.85176934677624,76.42899669226904,60.07084867068175,60.14190585252311,0.26121326339035633,69.84972090412207,0.16141515494044967,0.08592802326143545,0.08592802326143545,76.85625084121877,74.53952319003895,1.312246156737288,1,0.013242690356374931,1.0076099391018007,25,25,0,1,999.4715991677731,990.9496082019192,0.008526496373633674,0.8242448096810879,0.012816141091643597,0.8302966793271439,0.009974775680667246,0.009844032484897642,0.009986073663757672,0.11508004099596292,0.20356245900620706,0.7052671660203487,0.7561587807504111
endpoints,30.0,0.000888858741621725,0.03,-4.8,4.0,0.0,0.0,74613,0 3 8 11 19 20 22 23,0 9 14 15 19 20 22 23,60.845690232706595,61.180377379380865,47.08024788920852,47.085194835046146,0.2922467549697454,60.67883272576759,0.2887030188224584,0.002749847013259199,0.002749847013259199,61.869278831968145,61.869278831968145,-1.0235885992615508,0,0.016822696814627225,1.0055005892018687,3,3,0,1,999.1934927116076,962.0144252405626,0.03720907686272923,0.8243595845669928,0.016618971213313724,0.8269850869476582,0.01262830349847865,0.012427430460916558,0.01265312664797775,0.10169800001312979,0.22107566701015458,0.4952527919958811,0.5505224587541306
endpoints,30.0,0.000888858741621725,0.03,-3.6,4.0,0.0,0.0,74613,0 4 8 9 11 12 15 23,0 4 8 9 11 15 17 23,56.58686821382956,56.87655936425125,55.76813343011865,56.37508364156071,0.003756705242610403,56.58686821382956,0.003756705242610403,0.0,0.0,57.41484006380591,57.41484006380591,-0.8279718499763504,0,0.01463187266076682,1.0051194059605315,2,2,0,1,999.1607633028158,994.5492430231303,0.004615393687439906,0.8339822147754685,0.01390459540344037,0.829075008511728,0.01368788460887054,0.013548191808323421,0.013690111549764818,0.08951120800338686,0.17929966701194644,0.4759229159972165,0.5207483747508377
endpoints,30.0,0.000888858741621725,0.03,-2.4000000000000004,4.0,0.0,0.0,74613,0 2 11 17 18 20 22 23,0 4 5 9 11 15 17 23,54.884173627081616,55.06644954843111,37.89313567694911,37.89716679913167,0.4482394928884015,52.511980222710044,0.38564395858513745,0.045174327730753916,0.045174327730753916,55.934383505520486,55.934383505520486,-1.0502098784388707,0,0.019135022157292125,1.0033211016820258,6,6,0,1,999.5153821812061,992.6473486570985,0.0068713635093036185,0.8241621249647921,0.02085846947774469,0.8250445397356969,0.01409384935925316,0.013866166582943968,0.014143477388464195,0.0643899159913417,0.1814116669993382,0.44145195899182,0.4868055417537107
endpoints,30.0,0.000888858741621725,0.03,-1.2000000000000002,4.0,0.0,0.0,74613,0 4 6 13 20 21 22 23,0 2 4 8 9 18 19 23,56.84604283167621,57.119433263757784,46.68527890125866,46.68939431158301,0.21753652344068786,56.84604283167621,0.21753652344068786,0.0,0.0,57.90330811201284,57.90330811201284,-1.0572652803366296,0,0.018598748965996448,1.004809313339384,3,3,0,1,998.4685017868726,990.4778056074109,0.008002952687201859,0.8242580290283665,0.016765215404803413,0.8288882678912728,0.0136226344670688,0.013356862901495747,0.013623831976809699,0.07549691700842232,0.19085962499957532,0.45485524999094196,0.5025711142516229
endpoints,30.0,0.000888858741621725,0.03,0.0,4.0,0.0,0.0,74613,0 1 10 11 12 13 14 23,0 1 2 3 4 5 6 23,2.5743454619774866,2.6832581532891164,2.571419323694688,2.628006850674537,-0.02041904444932363,2.5743454619774866,-0.02041904444932363,0.0,0.0,2.7097878588142077,2.7097878588142077,-0.1354423968367211,0,0.052612362574167015,1.0423069447827598,74613,74613,0,1,2.820310488600012,2.786163715067511,0.01210745188181439,0.8291426033913503,0.3146135925470925,0.825927477063437,0.3069188250069665,0.31435536751045884,0.31993796847658784,2.2815452920040116,0.19268675000057556,2.659652750007808,2.7078252715073177
endpoints,30.0,0.000888858741621725,0.03,1.1999999999999993,4.0,0.0,0.0,74613,0 3 8 10 11 19 20 23,0 1 5 10 13 15 21 23,100.52033342437707,101.00879004710087,80.46352370995245,80.47119409921035,0.2491467853757554,95.80205676063412,0.190513671793199,0.04925026479892591,0.04925026479892591,101.00879004710086,96.30471126935741,4.215622155019659,1,0.004859281760055678,1.004859281760056,3,3,0,1,998.6173399946151,957.6341418206283,0.04103994246105103,0.8247406165928919,0.009360033745000204,0.8287795585382558,0.007316165377089053,0.007316165377089051,0.007317053142975791,0.11876620800467208,0.17385304099298082,0.49232333299005404,0.5357873012471828
endpoints,30.0,0.000888858741621725,0.03,2.4000000000000004,4.0,0.0,0.0,74613,0 1 9 11 12 13 18 23,0 2 6 8 11 14 22 23,151.9088640807319,152.6673266441534,135.2401254764355,135.26536848111186,0.12304328732852321,151.9088640807319,0.12304328732852321,0.0,0.0,152.6673266441534,151.66854910631002,0.24031497442186378,1,0.004992878908095966,1.004992878908096,1,1,0,1,999.5771348572002,959.9623026181188,0.039631591057493365,0.8249569028828153,0.0052099447595716376,0.8288864677808774,0.0045405051307993724,0.004540505130799372,0.004541506105814795,0.11252487500314601,0.19584254201618023,0.47845808300189674,0.5274198435145081
endpoints,30.0,0.000888858741621725,0.03,3.5999999999999996,4.0,0.0,0.0,74613,0 1 6 7 12 14 20 23,0 3 5 6 7 9 14 23,244.690143751469,244.75965287816663,212.53158566023458,212.58454723898782,0.15102507181007851,233.17523174893924,0.09685880172091399,0.04938308376992606,0.04938308376992606,244.75965287816663,244.18383468242834,0.5063090690406682,1,0.00028406999003705025,1.000284069990037,13,13,0,1,999.5794265541956,995.2891723576566,0.004292059322717923,0.8250118778090234,0.0029920060179487056,0.8254721905013213,0.002483724038237888,0.002483724038237888,0.0024846431481124675,0.08583858399651945,0.1982556669972837,0.4527475829818286,0.5023121247359086
endpoints,30.0,0.000888858741621725,0.03,4.799999999999999,4.0,0.0,0.0,74613,0 1 11 12 18 19 22 23,0 3 5 8 12 13 20 23,324.9983648807686,325.0805555663317,254.75160839711097,254.7986277789638,0.27551065605699643,294.7070692479012,0.15662737989137732,0.10278442152803269,0.10278442152803269,325.0805555663317,323.07754806633847,1.9208168144301112,1,0.00025289568947006735,1.00025289568947,36,36,0,1,999.337158585155,991.5020760349702,0.007840279412083095,0.8243606265442189,0.0023464829622564707,0.8250105310503558,0.0016490061565512294,0.0016490061565512294,0.0016496252654324823,0.10512158300844021,0.20425133299431764,0.46931291598593816,0.5203765412370558
endpoints,30.0,0.000888858741621725,0.03,6.0,4.0,0.0,0.0,74613,0 1 7 9 18 19 21 23,0 4 5 12 13 16 22 23,439.788238927679,439.90436882757876,353.1274406695276,353.20095669122225,0.24515019168578767,403.0254558396068,0.14106558378306566,0.0912170250176525,0.0912170250176525,439.9043688275788,437.76909669404944,2.019142233629566,1,0.00026405867556378304,1.0002640586755638,13,13,0,1,999.266543564512,996.4826562702641,0.002785930653014135,0.824569474704318,0.001445703096570516,0.8247043248721985,0.0009858767311588209,0.000985876731158821,0.0009863549995712626,0.11775391700211912,0.20075341701158322,0.4943218750122469,0.5445107702471432
endpoints,30.0,0.000888858741621725,0.05,0.0,0.0,0.0,0.0,74613,0 10 11 12 13 14 15 23,0 1 2 3 4 5 6 23,0.8120675174990103,0.9987707347246437,0.8079380120242607,0.9987648646363322,-0.1869282288031845,0.8120675174990103,-0.1869282288031845,0.0,0.0,0.9987707430463838,0.9987706382151627,-0.18670312071615236,0,0.22991096371195652,1.2299109534643602,74613,74613,0,1,0.9990008144258209,0.999000477275097,3.3748793693000323e-07,0.7187559411466656,0.7187559411466656,0.7221924479877703,0.7221924479877703,0.888278380991337,0.8884058314011841,1.3547587500070222,0.18178149999585003,1.60536154100555,1.6508073330041952
endpoints,30.0,0.000888858741621725,0.05,-6.0,1.0,0.0,0.0,74613,0 1 4 5 14 17 18 23,0 2 3 14 15 17 22 23,18.631154568221977,19.016330256860787,12.054830620606449,12.079657440838082,0.5423578573706105,18.47994835394458,0.5298404316888019,0.008182177318970751,0.008182177318970751,19.870350728295076,19.870350728295076,-1.2391961600730994,0,0.0665120433377071,1.0206737423184595,111,111,0,1,999.2989928610759,988.9028251396289,0.010403460621612237,0.7196906467278872,0.05868987105702357,0.7306742535593911,0.03753465639983285,0.035228030817470404,0.037686440702184174,0.16953616600949317,0.17398541700094938,0.7753781249921303,0.818875604250934
endpoints,30.0,0.000888858741621725,0.05,-4.8,1.0,0.0,0.0,74613,0 6 9 13 14 15 17 23,0 5 7 8 9 18 20 23,13.784173040086774,14.047608587087614,11.280750681726737,11.725360426448571,0.17558629660493819,13.784173040086774,0.17558629660493819,0.0,0.0,15.273683887271048,15.273683887271048,-1.489510847184274,0,0.10805950004055509,1.0191114509542738,103,103,0,1,999.4077210498665,943.938498399103,0.05550209537354156,0.7432842218922423,0.06250230322348398,0.7299574637504631,0.05107425364331694,0.0462986925833341,0.0512853365431133,0.15890820900676772,0.18071275000693277,0.7492855419986881,0.7944645625102567
endpoints,30.0,0.000888858741621725,0.05,-3.6,1.0,0.0,0.0,74613,0 3 5 8 10 15 16 23,0 1 4 5 7 10 12 23,9.961936496674213,10.428929608496379,8.52531704055419,8.838416433194137,0.12711780124553873,9.832795606728698,0.11250648586776313,0.013133690062380854,0.013133690062380854,10.770194652387596,10.43955455960361,-0.47761806292939823,0,0.08113464244459112,1.0468777442998227,17,17,0,1,998.6018047034302,919.237532280341,0.07947539454593633,0.7425862471076177,0.08312916108359403,0.7497078390060177,0.07099846499630395,0.06702269074737016,0.07149135416203552,0.12793499999679625,0.23474733397597447,0.7099918749881908,0.7686795834888471
endpoints,30.0,0.000888858741621725,0.05,-2.4000000000000004,1.0,0.0,0.0,74613,0 1 3 6 14 21 22 23,0 8 10 18 19 21 22 23,8.133987022579399,8.525491986502496,7.233597126103923,7.578229789990771,0.07333602279026508,7.967966795067735,0.05142850188994319,0.02083595875605715,0.02083595875605715,8.821473872784573,8.789442971986738,-0.6554559494073384,0,0.08452027871408663,1.0481319877738071,86,86,0,1,999.2084040535677,924.0329494152282,0.0752350103675763,0.7508261776813017,0.09818786477934927,0.7450454160320685,0.08650145459297756,0.08163203575359222,0.08726273116794873,0.12203249998856336,0.21538229202269576,0.6290868340001907,0.6829329070096719
endpoints,30.0,0.000888858741621725,0.05,-1.2000000000000002,1.0,0.0,0.0,74613,0 1 2 3 7 13 21 23,0 6 7 13 20 21 22 23,7.251550546425707,7.25521982045738,5.576441722882747,5.64342480032712,0.28495564360233394,7.251550546425707,0.28495564360233394,0.0,0.0,7.25521982045738,7.24877702706066,0.0027735193650473278,1,0.0005059985458530925,1.000505998545853,1,1,0,1,999.3551048218727,972.3353700209944,0.02703717094204905,0.7214637308650275,0.12695261277461217,0.7176487783027597,0.09802596342258364,0.09802596342258364,0.09807257086779839,0.13634629198350012,0.21817087498493493,0.5571007910184562,0.6116443847422488
endpoints,30.0,0.000888858741621725,0.05,0.0,1.0,0.0,0.0,74613,0 1 10 11 12 13 14 23,0 1 2 3 4 5 6 23,0.9021476464381548,1.100471634901381,0.8987706989250219,1.092625012523501,-0.17433004361251458,0.9021476464381548,-0.17433004361251458,0.0,0.0,1.1035695221732313,1.1035695221732313,-0.20142187573507653,0,0.22326930245877952,1.2198353997222582,74613,74613,0,1,1.11017508944747,1.109927898798595,0.0002226591564020719,0.730486269604985,0.6676719569382894,0.7221924479877703,0.6553683541510029,0.7994554528606352,0.7996090799279183,2.5869377919880208,0.20633604199974798,3.0460643749975134,3.0976490524990368
endpoints,30.0,0.000888858741621725,0.05,1.1999999999999993,1.0,0.0,0.0,74613,0 2 6 8 15 17 21 23,0 1 2 3 14 20 21 23,17.32377052086509,17.328993335807738,13.512027129603268,13.51536118498239,0.2817837632126634,16.900579780587666,0.250471929626769,0.025040013169459918,0.025040013169459918,17.328993335807738,17.13820901285657,0.18556150800851867,1,0.0003014825748446359,1.0003014825748446,8,8,0,1,998.2744492619221,768.8969625800278,0.229773973331167,0.7190279110230423,0.0523119326528392,0.7194696156853014,0.04062939922888754,0.04062939922888754,0.040640457291002074,0.09242145801545121,0.31084595900028944,0.4369470419769641,0.5146593227400444
endpoints,30.0,0.000888858741621725,0.05,2.4000000000000004,1.0,0.0,0.0,74613,0 3 8 14 18 21 22 23,0 3 7 9 10 18 20 23,43.24493885819827,43.27151455803172,37.80812195277942,37.828457232587574,0.14318536947746918,40.680946195877276,0.0754059026449645,0.06302686889276021,0.06302686889276021,43.783249299275404,43.783249299275404,-0.5383104410771367,0,0.012447940852507111,1.0006145389619023,13,13,0,1,999.5845969347988,988.600214766576,0.010988947010494354,0.7178461799705661,0.018087494842054765,0.7191908013486459,0.015731562537696666,0.01573156253769667,0.015741219222914406,0.1227745829964988,0.22134433401515707,0.5452935840003192,0.6006307505158475
endpoints,30.0,0.000888858741621725,0.05,3.5999999999999996,1.0,0.0,0.0,74613,0 5 11 14 16 17 20 23,0 5 9 12 14 15 20 23,81.3378327042651,81.39446812443153,72.7454765668439,72.78888738704784,0.11744849556167924,81.3378327042651,0.11744849556167924,0.0,0.0,81.39446812443148,80.63987797738555,0.6979547268795443,1,0.0006962986138603355,1.000696298613861,1,1,0,1,999.5514027082229,960.7045496623027,0.038864287460021574,0.7181353122903052,0.008977143309923458,0.7186925571147423,0.007940888213859862,0.007940888213859862,0.007946752928816267,0.08891750001930632,0.17869583301944658,0.41403250000439584,0.45870720826496836
endpoints,30.0,0.000888858741621725,0.05,4.799999999999999,1.0,0.0,0.0,74613,0 3 4 5 6 7 8 23,0 1 3 4 12 14 20 23,143.06424669527803,144.14355719685906,131.1311801795769,131.20673835614016,0.09037270865580482,131.1311801795769,-0.0005758711595907906,0.09100098465795448,0.09100098465795448,144.143557196859,139.758733838787,3.3055128564910206,1,0.007544236428825402,1.0075442364288258,22,22,0,1,999.3302429165806,998.3956481832284,0.0009352211043113234,0.7214829247975899,0.0046099665004114805,0.7200141225741216,0.004106259573592234,0.00414066203949581,0.004143746470214923,0.08203791599953547,0.1782822090026457,0.4158175419725012,0.4603888852361706
endpoints,30.0,0.000888858741621725,0.05,6.0,1.0,0.0,0.0,74613,0 1 2 5 9 11 14 23,0 7 8 11 12 19 22 23,208.48969212356164,208.6031152928905,148.15692093345015,148.2073410138236,0.4067433549335142,193.12490588969123,0.3030724697481624,0.07955880243973534,0.07955880243973534,208.60311529289052,202.21310831580578,6.276583807755856,1,0.0005440229115099005,1.00054402291151,14,14,0,1,999.5202902604813,983.9636752843862,0.015564081217441683,0.7208551746057626,0.003974970335094029,0.718393686530015,0.0025549713542104965,0.0025549713542104956,0.0025567197848746855,0.0986330839805305,0.1921952919801697,0.4563366660149768,0.5043864889885299
endpoints,30.0,0.000888858741621725,0.05,-6.0,2.0,0.0,0.0,74613,0 2 5 9 12 18 21 23,0 1 3 4 5 12 17 23,20.512823974911843,21.242577600450808,19.05851056422592,19.581421662278984,0.047565612379773414,20.512823974911843,0.047565612379773414,0.0,0.0,21.633655838024445,21.51879081780112,-1.0059668428892756,0,0.05464054410467489,1.035575483240703,23,23,0,1,999.1659917821714,968.7849851579273,0.030406365783181677,0.7335612512095089,0.03657324507602996,0.7357137608869272,0.033745062561380317,0.03243067988203949,0.034250090066797995,0.15035350000835024,0.21864050001022406,0.7580061249900609,0.8126672500002314
endpoints,30.0,0.000888858741621725,0.05,-4.8,2.0,0.0,0.0,74613,0 6 7 10 11 17 22 23,0 1 2 5 13 17 22 23,15.635157231991057,15.732815647100727,15.093432119334071,15.51239489796882,0.00791382212931624,15.635157231991057,0.00791382212931624,0.0,0.0,16.723591365162935,16.723591365162935,-1.0884341331718783,0,0.0696145307029492,1.0062460782236236,30,30,0,1,995.1460175355973,965.9249500016562,0.029363597923352858,0.7339659908241429,0.04642594955533878,0.7195701917835433,0.044848039721060454,0.042564560776117165,0.04513200178126807,0.09255145897623152,0.2045200830034446,0.581442958995467,0.6325740207612398
endpoints,30.0,0.000888858741621725,0.05,-3.6,2.0,0.0,0.0,74613,0 1 3 8 19 20 22 23,0 5 8 9 20 21 22 23,8.723569667390596,8.725159695825017,8.013702505422748,8.015202998099129,0.08837788256385548,8.723569667390596,0.08837788256385548,0.0,0.0,8.725159695825017,8.70347879427767,0.020090873112925678,1,0.00018226809609434014,1.0001822680960943,1,1,0,1,988.3124055367006,601.1826093423069,0.3917079195056383,0.718665634598563,0.08877395263932526,0.7179135030851964,0.08139198517562113,0.08139198517562113,0.08140417342343349,0.09979620901867747,0.1982889999926556,0.490783334011212,0.5403562920182594
endpoints,30.0,0.000888858741621725,0.05,-2.4000000000000004,2.0,0.0,0.0,74613,0 1 3 8 14 17 20 23,0 1 3 8 14 17 20 23,10.403681893533093,10.599995151175499,10.403681893533093,10.599995151175499,-0.0185201271172879,10.403681893533093,-0.0185201271172879,0.0,0.0,10.733553556290595,10.733553556290595,-0.3298716627575011,0,0.03170720386621473,1.0188695944043074,11,11,0,1,998.6517270934456,998.6517270934456,0.0,0.7260930015722783,0.067610512363445,0.7260930015722783,0.067610512363445,0.06608071105111504,0.06825841690596127,0.17378945800010115,0.22162050000042655,0.808705583011033,0.8641115000136779
endpoints,30.0,0.000888858741621725,0.05,-1.2000000000000002,2.0,0.0,0.0,74613,0 8 10 11 15 16 17 23,0 3 6 8 19 20 21 23,9.92089564321081,10.211067544638707,8.485379815390038,8.48682302906808,0.16897637776007723,9.825596798872715,0.157747341404342,0.009699038774828361,0.009699038774828361,10.452306496047498,10.44660453890165,-0.5257088956908387,0,0.053564806238068696,1.0292485589873603,21,21,0,1,998.830343310172,952.336703409069,0.04654808518033293,0.7185915278348999,0.08378258136896662,0.738160214707032,0.07140135102147017,0.06784734369250085,0.07152668226811923,0.1337139160023071,0.19435662499745376,0.5323488750145771,0.5809387812696514
endpoints,30.0,0.000888858741621725,0.05,0.0,2.0,0.0,0.0,74613,0 1 10 11 12 13 14 23,0 1 2 3 4 5 6 23,1.1722681016030316,1.4046506882560381,1.1679396968569664,1.3744350941726147,-0.14709097099363866,1.1722681016030316,-0.14709097099363866,0.0,0.0,1.417017583878066,1.417017583878066,-0.24474948227503446,0,0.20878285602103208,1.198233310567124,74613,74613,0,1,1.4468465144686231,1.4436772533336872,0.0021904611879994818,0.730486269604985,0.5305922368023804,0.7221924479877703,0.5132549451420453,0.6133498093072172,0.6151539478158405,2.377251083002193,0.1982035000110045,2.7744793749880046,2.824030916992342
endpoints,30.0,0.000888858741621725,0.05,1.1999999999999993,2.0,0.0,0.0,74613,0 7 8 10 15 16 17 23,0 2 6 12 15 17 22 23,21.856147991028074,22.514154461995723,17.78042724747723,17.78436667653985,0.22895284316531161,20.597885636277017,0.1582018078523204,0.06108696673871239,0.06108696673871239,22.514154461995716,21.639752181630897,0.21639580939717717,1,0.03010624155902275,1.0301062415590232,9,9,0,1,995.9848644521294,985.5514341368764,0.010475490830869405,0.7188505872634113,0.03953150597182513,0.7297553341618416,0.03152432094912265,0.03152432094912265,0.03199261177909958,0.11642445798497647,0.17883858300046995,0.565049208002165,0.609759228726034
endpoints,30.0,0.000888858741621725,0.05,2.4000000000000004,2.0,0.0,0.0,74613,0 1 2 9 10 11 14 23,0 1 2 3 11 12 17 23,43.495420708460564,43.64986477403408,29.254996820007655,29.26228988960231,0.4863983944030188,34.89362981196535,0.19244358331519384,0.24651464874386853,0.24651464874386853,43.64986477403408,43.3416122283052,0.1538084801553623,1,0.003550812086833499,1.0035508120868335,164,128,0,1,998.2528659638547,848.5826329658464,0.149932184620873,0.7205389218168471,0.023734604580463475,0.7205571666379244,0.015618802172520695,0.015618802172520695,0.01567686616040838,0.12136374998954125,0.19369654200272635,0.4710884999949485,0.5195134265086381
endpoints,30.0,0.000888858741621725,0.05,3.5999999999999996,2.0,0.0,0.0,74613,0 3 5 10 18 19 20 23,0 1 3 4 19 20 22 23,58.34072368140812,58.36544285149544,53.797140996628464,53.81665446562692,0.08406448265324173,56.212331225112564,0.04451552745657539,0.0378634440150154,0.0378634440150154,58.36544285149544,58.054391794631115,0.28633188677700616,1,0.00042370352178533466,1.0004237035217853,13,13,0,1,999.3398290408797,996.3153877681162,0.0030264392400592977,0.7186114733853152,0.012464098266218616,0.7189111272628437,0.011428551906525593,0.011428551906525593,0.011433331780035492,0.07038020898471586,0.19103479199111462,0.44189445799565874,0.4896537390013691
endpoints,30.0,0.000888858741621725,0.05,4.799999999999999,2.0,0.0,0.0,74613,0 2 6 10 12 17 18 23,0 2 4 7 10 17 19 23,133.34110637909524,133.99487803446476,126.36913085567684,126.42773084431657,0.05468242994325201,127.66828366632164,0.009812347447196501,0.044434079865914855,0.044434079865914855,133.99487803446468,133.5293615213218,-0.18825514222655215,0,0.004903001580853328,1.004903001580854,11,11,0,1,999.1773471078986,994.1299794051645,0.005051523353030052,0.7193360473521017,0.004800842738806599,0.719711571361532,0.004482328440446647,0.004505805182700059,0.004508451993033655,0.13865958398673683,0.20048345800023526,0.48956204098067246,0.5396835304854903
endpoints,30.0,0.000888858741621725,0.05,6.0,2.0,0.0,0.0,74613,0 1 3 7 12 14 21 23,0 4 10 12 13 14 16 23,214.74855735346543,218.15568205663516,168.54369029181962,168.61442442969212,0.2736072733979533,204.1508188943011,0.21075536440494003,0.05191131985932085,0.05191131985932085,218.15568205663502,211.39385819508215,3.3546991583832835,1,0.015865646527075894,1.0158656465270766,14,14,0,1,999.5454183339585,998.6155715356999,0.000930269681800433,0.719753300263174,0.0033797754674479304,0.7301479845938281,0.002458053783004955,0.002458053783004956,0.0024597214768120788,0.09991741602425463,0.2228379589796532,0.45209391601383686,0.5078042397581157
endpoints,30.0,0.000888858741621725,0.05,-6.0,4.0,0.0,0.0,74613,0 5 10 16 17 19 22 23,0 2 6 7 10 14 18 23,26.81813793475575,27.510675480923627,21.095874662228926,21.581722080780196,0.24263197507482004,26.81813793475575,0.24263197507482004,0.0,0.0,28.75044948651204,28.75044948651204,-1.932311551756289,0,0.07205241305184185,1.0258234761806622,12,12,0,1,999.4715991677731,976.124374766809,0.02335956761593283,0.7309183674534985,0.032978613219961206,0.733188709985193,0.025762202970534293,0.024125883725077697,0.02595320603703881,0.07577816699631512,0.23359770799288526,0.6748444159748033,0.7332444679777836
endpoints,30.0,0.000888858741621725,0.05,-4.8,4.0,0.0,0.0,74613,0 3 8 11 19 20 22 23,0 7 14 15 19 20 22 23,21.97376493981431,22.179117441185667,16.669407267855906,16.81840176167564,0.3065310991610555,21.97376493981431,0.3065310991610555,0.0,0.0,23.21054889367858,23.21054889367858,-1.236783953864272,0,0.056284571954410056,1.0093453489619924,12,12,0,1,999.1934927116076,982.9044004947268,0.016302240092332387,0.7180538518846684,0.041805676806988434,0.717595558821844,0.03146570003307956,0.029990800273468145,0.031745997902439885,0.10999145801179111,0.20912433299236,0.555660459009232,0.6079421672620811
endpoints,30.0,0.000888858741621725,0.05,-3.6,4.0,0.0,0.0,74613,0 4 8 9 11 12 15 23,0 4 17 18 19 20 21 23,19.321478990038138,20.026600209920453,18.91850756386685,19.625266094739853,-0.015479387807288858,19.321478990038138,-0.015479387807288858,0.0,0.0,20.748369260840295,20.748369260840295,-1.4268902708021578,0,0.07384995069672673,1.0364941638394176,109,109,0,1,999.1607633028158,976.0509893730557,0.02312918479041215,0.7425055943083233,0.036945308230888096,0.738348024867367,0.035979507188088906,0.03398848382683078,0.03621680618520987,0.11148137500276789,0.19184037498780526,0.7404012499901,0.7883617187399068
endpoints,30.0,0.000888858741621725,0.05,-2.4000000000000004,4.0,0.0,0.0,74613,0 2 11 17 18 20 22 23,0 4 5 9 11 15 17 23,18.26970755022125,19.11329348066896,13.148802249515898,13.15076802042386,0.3892502340431674,18.26970755022125,0.3892502340431674,0.0,0.0,19.78253222828402,19.78253222828402,-1.5128246780627705,0,0.08280508453155022,1.0461740248511804,22,22,0,1,999.5153821812061,992.6473486570985,0.0068713635093036185,0.7175693378194611,0.0536759649025211,0.7495957185636093,0.038329694529783055,0.03552276743695125,0.038499236424960066,0.14149979100329801,0.1877245419891551,0.6917915000231005,0.7387233025219757
endpoints,30.0,0.000888858741621725,0.05,-1.2000000000000002,4.0,0.0,0.0,74613,0 4 6 13 20 21 22 23,0 2 4 8 9 18 19 23,19.53573263260174,20.130406533412064,16.094769450613413,16.09675052505659,0.21364449316599332,19.53573263260174,0.21364449316599332,0.0,0.0,20.422217066016053,20.422217066016053,-0.8864844334143136,0,0.045377588344699404,1.0304403173402321,11,11,0,1,998.4685017868726,990.4778056074109,0.008002952687201859,0.717834416605292,0.043706130507164466,0.7303800641291768,0.0353935711694139,0.034653298902820186,0.03594679800705729,0.10088650000398047,0.18031008300022222,0.5189527500187978,0.5640311877723434
endpoints,30.0,0.000888858741621725,0.05,0.0,4.0,0.0,0.0,74613,0 1 10 11 12 13 14 23,0 1 2 3 4 5 6 23,2.250954163016251,2.6116565289848115,2.242826225665516,2.4993738820237663,-0.09939278024557407,2.250954163016251,-0.09939278024557407,0.0,0.0,2.661243081461805,2.661243081461805,-0.41028891844555426,0,0.18227333332091145,1.1602442074987542,74613,74613,0,1,2.820310488600012,2.786163715067511,0.01210745188181439,0.730486269604985,0.29137884672607867,0.7221924479877703,0.2756377212173811,0.3142841969535322,0.31993834565672313,2.2798287909827195,0.18828112501068972,2.7038473339925986,2.7509184902519337
endpoints,30.0,0.000888858741621725,0.05,1.1999999999999993,4.0,0.0,0.0,74613,0 3 8 10 11 19 20 23,0 1 5 10 13 15 21 23,35.82875046814607,36.235846346575435,27.752272038696045,27.75567225080365,0.29086228373044243,33.632659877022476,0.21174005706342292,0.06529636963456298,0.06529636963456298,36.235846346575435,34.16347906484823,1.6652714032978366,1,0.011362268376936546,1.0113622683769365,6,6,0,1,998.6173399946151,957.6341418206283,0.04103994246105103,0.7189209239882302,0.02501290712057656,0.71931385837717,0.018962032872647156,0.019184033702690957,0.019186543330520403,0.1326698749908246,0.20634087498183362,0.5014017499925103,0.5529876347500249
endpoints,30.0,0.000888858741621725,0.05,2.4000000000000004,4.0,0.0,0.0,74613,0 1 9 11 12 13 18 23,0 2 6 8 11 14 22 23,56.64630900239468,56.703176649782314,47.84307476211789,47.85511310635903,0.18370442206451432,56.64630900239468,0.18370442206451432,0.0,0.0,56.703176649782314,56.620015136681715,0.026293865712965214,1,0.0010039073752401428,1.0010039073752401,1,1,0,1,999.5771348572002,959.9623026181188,0.039631591057493365,0.7194219068423623,0.01414447542359969,0.7194430635538829,0.011799020598849843,0.011808507259994954,0.011811316297456527,0.10653995801112615,0.19142145800287835,0.43586524997954257,0.48372153049422195
endpoints,30.0,0.000888858741621725,0.05,3.5999999999999996,4.0,0.0,0.0,74613,0 1 6 7 12 14 20 23,0 3 5 6 7 9 14 23,95.61519690472934,95.6514041160979,79.51179422157027,79.53753353892654,0.2021393253027417,90.8025579631883,0.1416315533439132,0.05300113839845899,0.05300113839845899,96.57106169696392,96.57106169696392,-0.9558647922345784,0,0.009996996535885483,1.0003786763249007,17,17,0,1,999.5794265541956,995.2891723576566,0.004292059322717923,0.7196487509853827,0.008159055104401408,0.7207704648008678,0.006646529488811621,0.00664652948881162,0.006649064265467645,0.08776787499664351,0.20815204200334847,0.45722950002527796,0.5092688855074812
endpoints,30.0,0.000888858741621725,0.05,4.799999999999999,4.0,0.0,0.0,74613,0 1 11 12 18 19 22 23,0 3 5 8 12 13 20 23,137.09734422718313,137.1462972210809,98.60193080732688,98.62682424945629,0.39006142872879646,130.27543090612303,0.3208924843470382,0.05236530997142497,0.05236530997142497,139.06814549609,139.06814549609,-1.9708012689068823,0,0.014375196543859214,1.0003570674120184,16,16,0,1,999.337158585155,991.5020760349702,0.007840279412083095,0.718054142792416,0.0063916569624654865,0.7196028930460885,0.004358114072278477,0.0043581140722784755,0.0043598156726172965,0.08185770802083425,0.2053549580159597,0.41966341601801105,0.47100286452041473
endpoints,30.0,0.000888858741621725,0.05,6.0,4.0,0.0,0.0,74613,0 1 7 9 18 19 21 23,0 5 12 13 16 19 22 23,204.43389301750094,204.5150069748742,148.22807129786008,148.27237083779607,0.3787726726319314,189.81516421126483,0.2801789243588402,0.07701560023921705,0.07701560023921705,204.5150069748742,204.0332813047393,0.40061171276164487,1,0.00039677352994660353,1.0003967735299466,8,8,0,1,999.266543564512,994.75702642701,0.004512827099580341,0.7185975146421253,0.003957610702292689,0.7178336563127176,0.0026210727149041393,0.0026210727149041393,0.0026223492616575597,0.11691362498095259,0.21095645800232887,0.5335155409993604,0.5862554475024808
endpoints,30.0,0.000888858741621725,0.08,0.0,0.0,0.0,0.0,74613,0 10 11 12 13 14 15 23,0 1 2 3 4 5 6 23,0.5688477323729909,0.998246253920939,0.5604759785695541,0.998220681198227,-0.4301383019933356,0.5688477323729909,-0.4301383019933356,0.0,0.0,0.9982462887695345,0.9982458266857078,-0.4293980943127169,0,0.7548567603588316,1.7548566990971028,74613,74613,0,1,0.9990008144258209,0.999000477275097,3.3748793693000323e-07,0.498661160476983,0.498661160476983,0.5059454841739994,0.5059454841739994,0.8881933200451229,0.888410176689632,1.344731832999969,0.2549251249874942,1.5618962089938577,1.6256281982496148
endpoints,30.0,0.000888858741621725,0.08,-6.0,1.0,0.0,0.0,74613,0 1 4 5 14 17 18 23,0 1 2 4 11 19 20 23,5.862122376417706,6.754919169600412,4.132749741971723,4.449172938624296,0.31757575110809233,5.826521660159697,0.30957410299301213,0.006110114805105482,0.006110114805105482,7.8652340150065,7.8652340150065,-2.003111638588794,0,0.3417041661646236,1.152299241785581,10709,9920,0,1,999.2989928610759,890.1873437031425,0.10918819085921194,0.5109950630915051,0.1139628384480827,0.5662285670063946,0.08293576636338747,0.06484545732719099,0.08456272105569175,0.5042397500074003,0.20082945900503546,1.1755472920194734,1.2257552817754913
endpoints,30.0,0.000888858741621725,0.08,-4.8,1.0,0.0,0.0,74613,0 6 9 13 14 15 17 23,0 5 7 9 18 20 22 23,4.309049977298377,4.84151882347111,3.549832344636517,4.076082612804857,0.05715472099649355,4.309049977298377,0.05715472099649355,0.0,0.0,5.73430818418108,5.73430818418108,-1.4252582068827024,0,0.3307592658222751,1.123569893358854,12605,12605,0,1,999.4077210498665,900.3402093615477,0.099126222063053,0.5651298906602508,0.13775648884895872,0.5303602849970049,0.10865533685788334,0.08930483545017243,0.11460636712954743,0.6224072080221958,0.18687158299144357,1.258539665985154,1.3052581457304768
endpoints,30.0,0.000888858741621725,0.08,-3.6,1.0,0.0,0.0,74613,0 3 5 8 10 15 16 23,0 4 5 7 8 14 22 23,3.11998840885014,3.503901561289708,2.63770944977551,3.0304726492152856,0.029538547281736438,3.11998840885014,0.029538547281736438,0.0,0.0,3.928627142878338,3.928627142878338,-0.808638734028198,0,0.25918004430222186,1.12304954446323,1169,1169,0,1,998.6018047034302,883.1901780536899,0.1155732205831691,0.5691383456885206,0.1869162830853121,0.5475242537603814,0.15537245288005805,0.12944526589659652,0.1595506488956336,0.20847579202381894,0.201208458020119,0.8171678330108989,0.8674708225225913
endpoints,30.0,0.000888858741621725,0.08,-2.4000000000000004,1.0,0.0,0.0,74613,0 1 3 6 14 21 22 23,0 1 2 8 11 12 17 23,2.4995850515416858,2.6766668755635514,2.1491869278449798,2.4953016639031347,0.0017165810853709829,2.4995850515416858,0.0017165810853709829,0.0,0.0,3.1331473073678477,3.1331473073678477,-0.633562255826162,0,0.253466972622274,1.0708444883332318,2850,2850,0,1,999.2084040535677,778.8918035697353,0.22049114037677886,0.5745986609831066,0.22938336417042618,0.5018725152037506,0.18661019830786085,0.16274520160863043,0.1998663054473673,0.23446895799133927,0.2152154170034919,0.8142337090102956,0.8680382712409482
endpoints,30.0,0.000888858741621725,0.08,-1.2000000000000002,1.0,0.0,0.0,74613,0 1 2 3 7 13 21 23,0 6 7 13 20 21 22 23,2.2449066225812384,2.3714858005954964,1.723856561900028,1.828660649722282,0.22762341001988062,2.2449066225812384,0.22762341001988062,0.0,0.0,2.396258489902864,2.396258489902864,-0.15135186732162564,0,0.06742011707711848,1.0563850526079854,88,88,0,1,999.3551048218727,972.3353700209944,0.02703717094204905,0.513850485078169,0.28010941458820976,0.49663860314916713,0.20853200434111643,0.2064935624729817,0.22030934339018265,0.17995666700880975,0.23807029199087992,0.6719080000184476,0.7314263650187058
endpoints,30.0,0.000888858741621725,0.08,0.0,1.0,0.0,0.0,74613,0 1 10 11 12 13 14 23,0 1 2 3 4 5 6 23,0.6319485544581258,1.0927705283595708,0.6250680102764954,1.079294163529616,-0.4144797814976927,0.6319485544581258,-0.4144797814976927,0.0,0.0,1.098166782285953,1.098166782285953,-0.4662182278278273,0,0.737747122829632,1.729208051273389,74613,74613,0,1,1.11017508944747,1.109927898798595,0.0002226591564020719,0.5253718014836776,0.48588464493929695,0.5059454841739994,0.46210448802579823,0.7994095674549302,0.799612600020837,2.288173792010639,0.22377000001142733,2.723063874989748,2.7790070419941912
endpoints,30.0,0.000888858741621725,0.08,1.1999999999999993,1.0,0.0,0.0,74613,0 2 6 8 15 17 21 23,0 1 2 3 14 20 21 23,5.105252387428615,5.107349797800819,3.9500442649998253,3.9513965537955333,0.29201215770782096,5.105252387428615,0.29201215770782096,0.0,0.0,5.107349797800821,5.061638191641397,0.04361419578721737,1,0.00041083382623186004,1.0004108338262314,1,1,0,1,998.2744492619221,768.8969625800278,0.229773973331167,0.4993956371245013,0.1254957322063064,0.5004274575684955,0.09709296693712369,0.09709296693712369,0.09711958905520882,0.12534624998806976,0.24939995797467418,0.4744914170005359,0.5368420314989635
endpoints,30.0,0.000888858741621725,0.08,2.4000000000000004,1.0,0.0,0.0,74613,0 3 8 14 18 21 22 23,0 3 7 9 10 18 20 23,12.668275938734899,12.773207027402382,10.680010398490147,10.894319497213582,0.162833157406026,11.963667061616947,0.0981564350739732,0.058895727663514696,0.058895727663514696,13.163149717856504,13.163149717856504,-0.4948737791216047,0,0.03906401956468786,1.0082829809813854,22,22,0,1,999.5845969347988,988.600214766576,0.010988947010494354,0.4970455740641338,0.04473542960344307,0.49968925378984264,0.03823125046179591,0.038231250461795895,0.03854983481849022,0.104890125017846,0.20084012500592507,0.5300378749961965,0.5802484892556095
endpoints,30.0,0.000888858741621725,0.08,3.5999999999999996,1.0,0.0,0.0,74613,0 5 11 14 16 17 20 23,0 5 9 12 14 15 20 23,25.235264921399548,25.25718172219295,21.36638603061428,21.38292810969211,0.18015946141451566,25.235264921399548,0.18015946141451566,0.0,0.0,25.25718172219295,24.68384190154772,0.5514230198518284,1,0.0008684989383573871,1.0008684989383574,1,1,0,1,999.5514027082229,960.7045496623027,0.038864287460021574,0.4975123243797229,0.022377941849370232,0.4986194093088395,0.018852829574724086,0.018852829574724086,0.018867311420058208,0.10180420899996534,0.19352925001294352,0.4508320839959197,0.4992151045080391
endpoints,30.0,0.000888858741621725,0.08,4.799999999999999,1.0,0.0,0.0,74613,0 3 4 5 6 7 8 23,0 3 7 9 10 18 20 23,44.55967279280718,44.600692581213494,40.48959313630908,40.51905825766966,0.09972133383363335,40.48959313630908,-0.0007271916630737785,0.10052162398362663,0.10052162398362663,45.05637304123806,45.05637304123806,-0.49670024843088356,0,0.011146855829494706,1.0009205585641765,79,79,0,1,999.3302429165806,966.2210695179567,0.0331313633639202,0.5043653447256075,0.011558749036383296,0.49971445264616027,0.010315327196438075,0.010298335351890824,0.010323527287464059,0.08286754199070856,0.20261962499353103,0.45349341598921455,0.5041494062388665
endpoints,30.0,0.000888858741621725,0.08,6.0,1.0,0.0,0.0,74613,0 1 2 5 9 11 14 23,0 7 8 11 12 19 22 23,69.76258816353906,69.81825390074336,46.24004951810869,46.26403111560857,0.5079228178195339,62.408737834408676,0.3489688712696979,0.11783366535376216,0.11783366535376216,69.81825390074336,68.32862181810573,1.4339663454333333,1,0.0007979310783854388,1.0007979310783854,35,35,0,1,999.5202902604813,983.9636752843862,0.015564081217441683,0.5031068144299181,0.009985827322217183,0.4980537481459239,0.006244716223658539,0.006244716223658539,0.006249402065158899,0.08168129198020324,0.20592675000079907,0.4729060830140952,0.5243893545193714
endpoints,30.0,0.000888858741621725,0.08,-6.0,2.0,0.0,0.0,74613,0 2 5 9 12 18 21 23,0 1 4 12 15 17 18 23,6.4843386706602955,7.297832945577023,6.090214960781877,6.881002097483992,-0.05764617147388096,6.4843386706602955,-0.05764617147388096,0.0,0.0,8.237880328511634,8.237880328511634,-1.753541657851339,0,0.27042721654647583,1.125455241657495,7425,7425,0,1,999.1659917821714,961.4727965745587,0.03772465788230128,0.5537844404860995,0.07959134350807506,0.5463921702987977,0.07398160957047469,0.06082885705774409,0.07615912247229462,0.28299733402673155,0.2162500410049688,0.8570500840141904,0.9111135522471159
endpoints,30.0,0.000888858741621725,0.08,-4.8,2.0,0.0,0.0,74613,0 6 7 10 11 17 22 23,0 1 4 6 7 10 20 23,4.955155568735894,5.460254892588701,4.786941176364345,5.431418763221294,-0.08768670125573874,4.954961029169871,-0.08772251870501013,3.9261573376192516e-05,3.9261573376192516e-05,6.286058559855756,6.286058559855756,-1.3309029911198618,0,0.2685895473226054,1.1019341001198195,5348,5345,0,1,995.1460175355973,860.1074649545958,0.13569722452933497,0.5532729587289161,0.10097641492782705,0.5278504772358174,0.09578253986877612,0.08003642668135826,0.1004600975086513,0.23333316599018872,0.2062349159969017,0.925857583002653,0.9774172290053684
endpoints,30.0,0.000888858741621725,0.08,-3.6,2.0,0.0,0.0,74613,0 1 3 8 19 20 22 23,0 7 8 9 20 21 22 23,3.009683284185414,3.0656964601682244,2.726742753061634,2.8086379102185033,0.07158109389446721,3.009683284185414,0.07158109389446721,0.0,0.0,3.212388829312,3.212388829312,-0.202705545126586,0,0.06735112169167978,1.0186109868361017,435,435,0,1,988.3124055367006,564.1856242961292,0.4291424238576166,0.4987863353905525,0.17670125836669162,0.49691727649968925,0.1612006641305878,0.16120066413058787,0.164194342481793,0.141678083979059,0.2280172089813277,0.5670337909832597,0.6240390102320816
endpoints,30.0,0.000888858741621725,0.08,-2.4000000000000004,2.0,0.0,0.0,74613,0 1 3 8 14 17 20 23,0 16 17 19 20 21 22 23,3.1394829683483625,3.5315912573108155,3.1111566089318736,3.5292021460676146,-0.11042699216124352,3.1394829683483625,-0.11042699216124352,0.0,0.0,3.6966930742672477,3.6966930742672477,-0.5572101059188852,0,0.17748467232871334,1.1248958165773186,925,925,0,1,998.6517270934456,928.3953884911899,0.07035119120730438,0.5270500330014972,0.1484508535184874,0.5370878616072515,0.15119212189151796,0.13539657889312534,0.15614367932308118,0.17126658401684836,0.19826708399341442,0.7419522079871967,0.7915196869944339
endpoints,30.0,0.000888858741621725,0.08,-1.2000000000000002,2.0,0.0,0.0,74613,0 8 10 11 15 16 17 23,0 1 2 3 15 21 22 23,2.9775615362409984,3.279246995849164,2.6613429220198643,2.7325147459589556,0.08967812182694934,2.9775615362409984,0.08967812182694934,0.0,0.0,3.4564940812720746,3.4564940812720746,-0.4789325450310762,0,0.16084723664038902,1.10131963888445,291,291,0,1,998.830343310172,937.1267589652432,0.06177584087047272,0.49836776822699985,0.181495433589837,0.519347735811505,0.15748522423196634,0.1453217050400346,0.16701047519931192,0.1712124999903608,0.18751679098932073,0.7173965840192977,0.7642767817451386
endpoints,30.0,0.000888858741621725,0.08,0.0,2.0,0.0,0.0,74613,0 1 10 11 12 13 14 23,0 1 2 3 4 5 6 23,0.821167009019174,1.3746742397344336,0.8122674007841396,1.3226257004282502,-0.3791387776955415,0.821167009019174,-0.3791387776955415,0.0,0.0,1.3962494947230026,1.3962494947230026,-0.5750824857038286,0,0.7003234170241739,1.674049522978748,74613,74613,0,1,1.4468465144686231,1.4436772533336872,0.0021904611879994818,0.5253718014836776,0.39632994723921516,0.5059454841739994,0.36715868994288736,0.6133585054801393,0.6151560312141859,2.360113208007533,0.18759862499427982,2.7757829999900423,2.8226832812433713
endpoints,30.0,0.000888858741621725,0.08,1.1999999999999993,2.0,0.0,0.0,74613,0 7 8 10 15 16 17 23,0 1 11 17 20 21 22 23,6.366662495584041,6.406076115592055,5.244859709469559,5.246509940204698,0.21350432347329917,6.174205312379778,0.17682142657655664,0.031171166727865574,0.031171166727865574,6.854437679959508,6.854437679959508,-0.48777518437546696,0,0.0766139534982091,1.006190624999417,27,27,0,1,995.9848644521294,979.6455562546205,0.01640517720768464,0.4989086225823801,0.09420457065592454,0.49619635486746716,0.07656828443214593,0.07526999981591742,0.07703666655389921,0.16857912502018735,0.1798441660066601,0.5650367079942953,0.609998624502623
endpoints,30.0,0.000888858741621725,0.08,2.4000000000000004,2.0,0.0,0.0,74613,0 1 2 9 10 11 14 23,0 1 2 3 11 12 17 23,13.122937264195926,13.294754161479876,8.487538411471368,8.49086637463093,0.5455357186405301,12.055044609218365,0.41976614368075715,0.08858471201018658,0.08858471201018658,13.294754161479865,13.225630948759104,-0.10269368456317807,0,0.01309286890768857,1.0130928689076895,44,44,0,1,998.2528659638547,848.5826329658464,0.149932184620873,0.5024327812592307,0.05828446457911772,0.5025528460808529,0.03691197909086306,0.03691197909086307,0.0374005158024306,0.1409223749942612,0.19632016698597,0.4981967500061728,0.5472777497343486
endpoints,30.0,0.000888858741621725,0.08,3.5999999999999996,2.0,0.0,0.0,74613,0 3 5 10 18 19 20 23,0 1 3 4 19 20 22 23,17.116465083215278,17.125586474597405,15.614442410276824,15.622175175466456,0.09565184687568351,16.862855185919187,0.07941787852956184,0.015039558514851059,0.015039558514851059,17.125586474597394,16.968502524272385,0.14796255894289345,1,0.0005329015855650709,1.0005329015855657,3,3,0,1,999.3398290408797,996.3153877681162,0.0030264392400592977,0.4985658665767296,0.031025126409414912,0.49931830513121217,0.028267416044754627,0.028267416044754634,0.028278865963588126,0.08561133302282542,0.19685395798296668,0.46064866697997786,0.509863156483334
endpoints,30.0,0.000888858741621725,0.08,4.799999999999999,2.0,0.0,0.0,74613,0 2 6 10 12 17 18 23,0 2 7 8 10 19 22 23,41.0405363433526,41.08554259339119,38.80933384176888,38.84837643451394,0.05642861066623839,39.53414698809678,0.017652489409405225,0.03810349963309889,0.03810349963309889,41.62943464567242,41.62943464567242,-0.5888983023198193,0,0.01434918631162585,1.0010966291878367,18,18,0,1,999.1773471078986,994.0875705613921,0.005093967113284581,0.49996945354884353,0.011980905697353833,0.49953223539511926,0.011269487086710392,0.011191359090256876,0.01128095152348933,0.1146360409911722,0.2776736250089016,0.48118170801899396,0.5506014472557581
endpoints,30.0,0.000888858741621725,0.08,6.0,2.0,0.0,0.0,74613,0 1 3 7 12 14 21 23,0 4 10 12 13 14 16 23,71.33460792596844,72.46577084313526,53.36597081721062,53.39821790156581,0.33589866346226294,67.132151963272,0.2571983598221068,0.06259975048908917,0.06259975048908917,72.96878759162925,72.96878759162925,-1.6341796656608096,0,0.02290865139900644,1.0158571407351218,36,36,0,1,999.5454183339585,998.6155715356999,0.000930269681800433,0.5008952582507645,0.008491515322061712,0.4994600502028847,0.006003499462695906,0.006090715665530551,0.006111856192155221,0.1148646249785088,0.2164431250130292,0.46701774999382906,0.5211295732515282
endpoints,30.0,0.000888858741621725,0.08,-6.0,4.0,0.0,0.0,74613,0 5 10 16 17 19 22 23,0 2 6 7 10 14 18 23,8.537738283487283,9.781862174293998,6.961725403283054,7.5720298462332245,0.12753626925208938,8.537738283487283,0.12753626925208938,0.0,0.0,10.496229379022832,10.496229379022832,-1.9584910955355497,0,0.22939226180350825,1.1457205467650557,4494,4494,0,1,999.4715991677731,976.124374766809,0.02335956761593283,0.5326346187765979,0.06945352363046597,0.5560478654836618,0.0559559276166357,0.046708557443268475,0.0577918562480574,0.2242627090017777,0.23607949999859557,0.7838637080276385,0.842884583005798
endpoints,30.0,0.000888858741621725,0.08,-4.8,4.0,0.0,0.0,74613,0 3 8 11 19 20 22 23,0 1 15 16 18 19 22 23,6.930620011915592,7.671572566344177,5.487469494846812,5.871528783659134,0.18037742252136812,6.930620011915592,0.18037742252136812,0.0,0.0,8.44552849050316,8.44552849050316,-1.514908478587567,0,0.2185819560130311,1.106909995520558,1001,1001,0,1,999.1934927116076,681.823454867799,0.31762620569368505,0.5129095298452921,0.08646650452812063,0.5288069772647939,0.06804185561865347,0.05772456767367991,0.07071856253908798,0.18665429099928588,0.20463820899021812,0.7100779160100501,0.7612382182633155
endpoints,30.0,0.000888858741621725,0.08,-3.6,4.0,0.0,0.0,74613,0 4 8 9 11 12 15 23,0 2 3 5 6 9 11 23,6.109904402660537,6.61351741970068,5.546620245528336,6.4925579460871035,-0.05893725502398972,6.109904402660537,-0.05893725502398972,0.0,0.0,7.415519374766386,7.415519374766386,-1.3056149721058485,0,0.21368828152815666,1.0824256786768787,1781,1781,0,1,999.1607633028158,909.56701919278,0.08966899762344116,0.5860053025448348,0.0893691424053692,0.518312164144518,0.07748277487660138,0.0681561624210961,0.08157878151692108,0.2019279169908259,0.194320833979873,0.701193916000193,0.749774833493575
endpoints,30.0,0.000888858741621725,0.08,-2.4000000000000004,4.0,0.0,0.0,74613,0 2 11 17 18 20 22 23,0 2 4 5 7 9 11 23,5.6314020460044985,6.274261335969902,4.2199962864138545,4.3309928919248515,0.3002565893156426,5.6314020460044985,0.3002565893156426,0.0,0.0,6.5996987678705334,6.5996987678705334,-0.968296721866035,0,0.171945940630015,1.1141561701177976,451,451,0,1,999.5153821812061,912.3594450269372,0.08719819495330983,0.49649359497818696,0.11374850210556431,0.5417577427574585,0.08545720077802231,0.07496866947048686,0.08853895732750146,0.14245308301178738,0.19315649999771267,0.6183232499752194,0.666613374982262
endpoints,30.0,0.000888858741621725,0.08,-1.2000000000000002,4.0,0.0,0.0,74613,0 4 6 13 20 21 22 23,0 7 8 11 15 19 22 23,5.781083575824359,6.1070537261140965,4.901546362111203,5.113623911979698,0.1305257632030783,5.67219935558819,0.10923279717538792,0.01919612013087968,0.01919612013087968,6.782651398958786,6.782651398958786,-1.0015678231344278,0,0.1732491513049279,1.056385649163229,690,668,0,1,998.4685017868726,911.6000735814284,0.08700167110928714,0.49704347868392873,0.09631099154840525,0.5004451087801007,0.08105656555359447,0.0759575116565595,0.08517946148702277,0.13685195799916983,0.183600500022294,0.6809920000087004,0.72689258299215
endpoints,30.0,0.000888858741621725,0.08,0.0,4.0,0.0,0.0,74613,0 1 10 11 12 13 14 23,0 1 2 3 4 5 6 23,1.5767829041485022,2.4847610196782837,1.559820442607667,2.288700862446439,-0.31105767030513254,1.5767829041485022,-0.31105767030513254,0.0,0.0,2.5717322563654026,2.5717322563654026,-0.9949493522169004,0,0.6309995812354365,1.5758421867340766,74613,74613,0,1,2.820310488600012,2.786163715067511,0.01210745188181439,0.5253718014836776,0.22866136781008978,0.5059454841739994,0.2027305155833615,0.3143384437846607,0.31993890922542184,2.322030250012176,0.19737716601230204,2.757686333003221,2.8070315415097866
endpoints,30.0,0.000888858741621725,0.08,1.1999999999999993,4.0,0.0,0.0,74613,0 3 8 10 11 19 20 23,0 1 5 10 13 15 21 23,10.344865347558937,11.093088085270654,8.306230323164488,8.322955507815976,0.24293171312092343,10.140728035503695,0.2184046912158395,0.020130439485265494,0.020130439485265494,11.093088085270656,10.89402053750602,-0.5491551899470828,0,0.07232793396274384,1.0723279339627436,40,40,0,1,998.6173399946151,957.6341418206283,0.04103994246105103,0.49914014979580207,0.059082644088961266,0.49997207836883373,0.04418173607612737,0.0452149403678987,0.0474324627345306,0.14996920799603686,0.19697508399258368,0.5720092919946183,0.6212537709725439
endpoints,30.0,0.000888858741621725,0.08,2.4000000000000004,4.0,0.0,0.0,74613,0 1 9 11 12 13 18 23,0 2 6 8 11 14 22 23,16.99049375870854,17.11449131879671,13.939818738930994,14.19762323993675,0.196713947931487,16.99049375870854,0.196713947931487,0.0,0.0,17.11449131879671,17.02407763905352,-0.033583880344981054,0,0.007298055127127556,1.0072980551271276,2,2,0,1,999.5771348572002,959.9623026181188,0.039631591057493365,0.5001185682943984,0.03433665470119213,0.5002276993331616,0.02833945368760984,0.02833945368760984,0.028548583799894348,0.12741162499878556,0.198110875004204,0.5080187080020551,0.5575472187556443
endpoints,30.0,0.000888858741621725,0.08,3.5999999999999996,4.0,0.0,0.0,74613,0 1 6 7 12 14 20 23,0 3 5 6 7 9 14 23,29.125966207160644,29.46207959652526,23.29280578859643,23.882132779744477,0.21957140410272324,27.51407574065311,0.15207783133963004,0.058584212739005714,0.058584212739005714,30.154540573231618,30.154540573231618,-1.0285743660709734,0,0.03531468651563907,1.0115399910503906,57,57,0,1,999.5794265541956,995.2891723576566,0.004292059322717923,0.5006389510755062,0.02007404920687276,0.5028745727792566,0.016179677480735278,0.01607148153942947,0.01637383860973616,0.11709866701858118,0.19515245899674483,0.47276383300777525,0.5215525727617205
endpoints,30.0,0.000888858741621725,0.08,4.799999999999999,4.0,0.0,0.0,74613,0 1 11 12 18 19 22 23,0 1 6 7 11 14 18 23,43.60238874493249,43.8110540021308,29.74991739959603,29.761674146413498,0.4650516140466143,43.60238874493249,0.4650516140466143,0.0,0.0,44.73170592186251,44.73170592186251,-1.129317176930023,0,0.0259003510916882,1.0047856382002136,5,5,0,1,999.337158585155,967.2901289225853,0.03206828585053456,0.49745868622015094,0.015825882632566003,0.5010614881082562,0.010548014885839658,0.010410512288008086,0.01060118969855764,0.2086136669968255,0.18779008300043643,0.5246177499939222,0.5715660207497422
endpoints,30.0,0.000888858741621725,0.08,6.0,4.0,0.0,0.0,74613,0 1 7 9 18 19 21 23,0 4 12 13 16 20 22 23,67.47317205717592,67.51280683009306,46.3304320055836,46.35174969782385,0.4556769161260743,64.75923626066314,0.39712603478490704,0.04190808837814086,0.04190808837814086,67.51280683009307,67.46950350831143,0.0036685488644820907,1,0.0005874152897920037,1.0005874152897918,6,6,0,1,999.266543564512,995.680590993126,0.003588584641885828,0.49856304859501577,0.009867219547660688,0.49694751787113106,0.00647193013983865,0.00647193013983865,0.00647503803154921,0.1265754580090288,0.22420737499487586,0.5151803329936229,0.57123296874488
endpoints,40.0,8.888587416217251e-05,0.0,0.0,0.0,0.0,0.0,74613,0 10 11 12 13 14 15 23,0 10 11 12 13 14 15 23,0.999899991508244,0.999899991508244,0.999899991508244,0.999899991508244,0.0,0.999899991508244,0.0,0.0,0.0,0.999899991508244,0.9998999915010924,7.151612635425408e-12,1,0.0,1.0,0,0,0,1,0.999899991508244,0.999899991508244,0.0,0.8886943824415184,0.8886943824415184,0.8886943824415184,0.8886943824415184,0.8883314216468101,0.8886943824415184,0.023674208001466468,0.23822629198548384,0.13082395898527466,0.19038094799179817
endpoints,40.0,8.888587416217251e-05,0.0,-6.0,1.0,0.0,0.0,74613,0 1 4 5 14 17 18 23,0 1 4 5 14 17 18 23,9966.215448054392,9966.215448054392,9966.215448054392,9966.215448054392,0.0,9966.215448054392,0.0,0.0,0.0,9966.215448054392,9938.360393002273,27.855055052119496,1,0.0,1.0,0,0,0,1,9966.215448054392,9966.215448054392,0.0,0.8885008652112781,2.654059644006756e-07,0.8885008652112781,2.654059644006756e-07,2.654059644006785e-07,2.654059644006756e-07,0.018363250012043864,0.24369708300218917,0.11628345798817463,0.17720885374728823
endpoints,40.0,8.888587416217251e-05,0.0,-4.8,1.0,0.0,0.0,74613,0 6 9 13 14 15 17 23,0 6 9 13 14 15 17 23,9962.039083309624,9962.039083309624,9962.039083309624,9962.039083309624,0.0,9962.039083309624,0.0,0.0,0.0,9962.039083309624,9877.377285301058,84.66179800856662,1,0.0,1.0,0,0,0,1,9962.039083309624,9962.039083309624,0.0,0.8886498355837689,3.177344717878296e-07,0.8886498355837689,3.177344717878296e-07,3.177344717878296e-07,3.177344717878296e-07,0.015130709012737498,0.21657595899887383,0.11493283297750168,0.16907748972880654
endpoints,40.0,8.888587416217251e-05,0.0,-3.6,1.0,0.0,0.0,74613,0 3 5 8 10 15 16 23,0 3 5 8 10 15 16 23,9888.807610313816,9888.807610313816,9888.807610313816,9888.807610313816,0.0,9888.807610313816,0.0,0.0,0.0,9888.807610313816,9864.86971372118,23.937896592635298,1,0.0,1.0,0,0,0,1,9888.807610313816,9888.807610313816,0.0,0.8885865119690907,9.719274035404108e-07,0.8885865119690907,9.719274035404108e-07,9.719274035404298e-07,9.719274035404108e-07,0.01620091701624915,0.2081590839952696,0.1105534170055762,0.16259381300915265
endpoints,40.0,8.888587416217251e-05,0.0,-2.4000000000000004,1.0,0.0,0.0,74613,0 1 3 6 14 21 22 23,0 1 3 6 14 21 22 23,9965.578507708871,9965.578507708871,9965.578507708871,9965.578507708871,0.0,9965.578507708871,0.0,0.0,0.0,9965.578507708871,9939.360929032035,26.217578676836638,1,0.0,1.0,0,0,0,1,9965.578507708871,9965.578507708871,0.0,0.8884176726385696,2.627559902400433e-07,0.8884176726385696,2.627559902400433e-07,2.6275599024006535e-07,2.627559902400433e-07,0.015664667007513344,0.20783520801342092,0.10274599998956546,0.15470542699767975
endpoints,40.0,8.888587416217251e-05,0.0,-1.2000000000000002,1.0,0.0,0.0,74613,0 1 2 3 7 13 21 23,0 1 2 3 7 13 21 23,9979.452000346384,9979.452000346384,9979.452000346384,9979.452000346384,0.0,9979.452000346384,0.0,0.0,0.0,9979.452000346384,9880.816708620057,98.63529172632661,1,0.0,1.0,0,0,0,1,9979.452000346384,9979.452000346384,0.0,0.8884249846574376,1.3955374976099375e-07,0.8884249846574376,1.3955374976099375e-07,1.395537497609995e-07,1.3955374976099375e-07,0.02115579100791365,0.2318076670053415,0.12309016700601205,0.18104312477225903
endpoints,40.0,8.888587416217251e-05,0.0,0.0,1.0,0.0,0.0,74613,0 1 10 11 12 13 14 23,0 1 10 11 12 13 14 23,1.1112857420127809,1.1112857420127809,1.1112857420127809,1.1112857420127809,0.0,1.1112857420127809,0.0,0.0,0.0,1.1112857420127809,1.1112806973999658,5.044612815030547e-06,1,0.0,1.0,0,0,0,1,1.1112857420127809,1.1112857420127809,0.0,0.8886162561116422,0.7995400686935121,0.8886162561116422,0.7995400686935121,0.7994629520702349,0.7995400686935121,0.01882429199758917,0.18965600000228733,0.11647629100480117,0.16389100000378676
endpoints,40.0,8.888587416217251e-05,0.0,1.1999999999999993,1.0,0.0,0.0,74613,0 2 6 8 15 17 21 23,0 2 6 8 15 17 21 23,9862.91591033057,9862.91591033057,9862.91591033057,9862.91591033057,0.0,9862.91591033057,0.0,0.0,0.0,9862.91591033057,9789.42670301407,73.48920731649923,1,0.0,1.0,0,0,0,1,9862.91591033057,9862.91591033057,0.0,0.888524420214374,1.2015227387500512e-06,0.888524420214374,1.2015227387500512e-06,1.2015227387500597e-06,1.2015227387500512e-06,0.0181787500041537,0.2030469170131255,0.12282016599783674,0.17358281225460814
endpoints,40.0,8.888587416217251e-05,0.0,2.4000000000000004,1.0,0.0,0.0,74613,0 3 8 14 18 21 22 23,0 3 8 14 18 21 22 23,9995.653449715912,9995.653449715912,9995.653449715912,9995.653449715912,0.0,9995.653449715912,0.0,0.0,0.0,9995.653449715912,9955.783849919868,39.869599796043985,1,0.0,1.0,0,0,0,1,9995.653449715912,9995.653449715912,0.0,0.8884914083805912,1.902194844266106e-09,0.8884914083805912,1.902194844266106e-09,1.902194844264195e-09,1.902194844266106e-09,0.019493250001687557,0.24789129200507887,0.11646674998337403,0.17844023998623015
endpoints,40.0,8.888587416217251e-05,0.0,3.5999999999999996,1.0,0.0,0.0,74613,0 3 11 12 20 21 22 23,0 3 11 12 20 21 22 23,9981.607034080527,9981.607034080527,9981.607034080527,9981.607034080527,0.0,9981.607034080527,0.0,0.0,0.0,9981.607034080527,9981.450626566979,0.15640751354840177,1,0.0,1.0,0,0,0,1,9981.607034080527,9981.607034080527,0.0,0.8884856730633645,1.2641314084180502e-07,0.8884856730633645,1.2641314084180502e-07,1.2641314084180502e-07,1.2641314084180502e-07,0.014994416997069493,0.1981145000027027,0.11030183301772922,0.1598311250199913
endpoints,40.0,8.888587416217251e-05,0.0,4.799999999999999,1.0,0.0,0.0,74613,0 3 4 5 6 7 8 23,0 3 4 5 6 7 8 23,9967.416606207691,9967.416606207691,9967.416606207691,9967.416606207691,0.0,9967.416606207691,0.0,0.0,0.0,9967.416606207691,9918.710908679532,48.70569752815936,1,0.0,1.0,0,0,0,1,9967.416606207691,9967.416606207691,0.0,0.8885198138900828,2.565635419677967e-07,0.8885198138900828,2.565635419677967e-07,2.565635419677967e-07,2.565635419677967e-07,0.014974999998230487,0.19330504201934673,0.11273674998665228,0.1610635104952962
endpoints,40.0,8.888587416217251e-05,0.0,6.0,1.0,0.0,0.0,74613,0 1 2 5 9 11 14 23,0 1 2 5 9 11 14 23,9987.336120089252,9987.336120089252,9987.336120089252,9987.336120089252,0.0,9987.336120089252,0.0,0.0,0.0,9987.336120089252,9963.450226939769,23.88589314948331,1,0.0,1.0,0,0,0,1,9987.336120089252,9987.336120089252,0.0,0.8885101094119755,7.77993067479727e-08,0.8885101094119755,7.77993067479727e-08,7.779930674797756e-08,7.77993067479727e-08,0.015274250006768852,0.23532433301443234,0.11797720898175612,0.17680900024424773
endpoints,40.0,8.888587416217251e-05,0.0,-6.0,2.0,0.0,0.0,74613,0 2 5 9 12 18 21 23,0 2 5 9 12 18 21 23,9951.189836619353,9951.189836619353,9951.189836619353,9951.189836619353,0.0,9951.189836619353,0.0,0.0,0.0,9951.189836619353,9946.750901651862,4.43893496749115,1,0.0,1.0,0,0,0,1,9951.189836619353,9951.189836619353,0.0,0.8885189239888336,4.0183299412909465e-07,0.8885189239888336,4.0183299412909465e-07,4.0183299412911117e-07,4.0183299412909465e-07,0.018438416998833418,0.21099754198803566,0.12142095802119002,0.174170968522958
endpoints,40.0,8.888587416217251e-05,0.0,-4.8,2.0,0.0,0.0,74613,0 6 7 10 11 17 22 23,0 6 7 10 11 17 22 23,9560.866049723994,9560.866049723994,9560.866049723994,9560.866049723994,0.0,9560.866049723994,0.0,0.0,0.0,9560.866049723994,9511.072756317632,49.793293406362864,1,0.0,1.0,0,0,0,1,9560.866049723994,9560.866049723994,0.0,0.8885777306340896,4.0531677627733345e-06,0.8885777306340896,4.0531677627733345e-06,4.0531677627732786e-06,4.0531677627733345e-06,0.016175041993847117,0.22363983298419043,0.11407662500278093,0.16998729125771206
endpoints,40.0,8.888587416217251e-05,0.0,-3.6,2.0,0.0,0.0,74613,0 1 3 8 19 20 22 23,0 1 3 8 19 20 22 23,8978.774677965208,8978.774677965208,8978.774677965208,8978.774677965208,0.0,8978.774677965208,0.0,0.0,0.0,8978.774677965208,8558.127785582436,420.6468923827724,1,0.0,1.0,0,0,0,1,8978.774677965208,8978.774677965208,0.0,0.8884125234437942,1.0059979287524298e-05,0.8884125234437942,1.0059979287524298e-05,1.0059979287524307e-05,1.0059979287524298e-05,0.02318329198169522,0.24088983298861422,0.11903370800428092,0.17925679125619354
endpoints,40.0,8.888587416217251e-05,0.0,-2.4000000000000004,2.0,0.0,0.0,74613,0 1 3 8 14 17 20 23,0 1 3 8 14 17 20 23,9902.980049364898,9902.980049364898,9902.980049364898,9902.980049364898,0.0,9902.980049364898,0.0,0.0,0.0,9902.980049364898,9715.070688797432,187.90936056746614,1,0.0,1.0,0,0,0,1,9902.980049364898,9902.980049364898,0.0,0.8884930886042108,8.338954602243373e-07,0.8884930886042108,8.338954602243373e-07,8.338954602243455e-07,8.338954602243373e-07,0.01764883301802911,0.18676104198675603,0.120897791988682,0.16758901049615815
endpoints,40.0,8.888587416217251e-05,0.0,-1.2000000000000002,2.0,0.0,0.0,74613,0 8 10 11 15 16 17 23,0 8 10 11 15 16 17 23,9904.057496949616,9904.057496949616,9904.057496949616,9904.057496949616,0.0,9904.057496949616,0.0,0.0,0.0,9904.057496949616,9829.365900903376,74.69159604623928,1,0.0,1.0,0,0,0,1,9904.057496949616,9904.057496949616,0.0,0.8886589836971656,8.408851958851883e-07,0.8886589836971656,8.408851958851883e-07,8.408851958851442e-07,8.408851958851883e-07,0.01940916699822992,0.18876787499175407,0.1287417919957079,0.1759341777433292
endpoints,40.0,8.888587416217251e-05,0.0,0.0,2.0,0.0,0.0,74613,0 1 10 11 12 13 14 23,0 1 10 11 12 13 14 23,1.4487335147852305,1.4487335147852305,1.4487335147852305,1.4487335147852305,0.0,1.4487335147852305,0.0,0.0,0.0,1.4487335147852305,1.4486672226829405,6.629210229003313e-05,1,0.0,1.0,0,0,0,1,1.4487335147852305,1.4487335147852305,0.0,0.8886162561116422,0.6132856561259766,0.8886162561116422,0.6132856561259766,0.6132856561259764,0.6132856561259766,0.02089787501608953,0.20475404200260527,0.11876854099682532,0.16995746849715943
endpoints,40.0,8.888587416217251e-05,0.0,1.1999999999999993,2.0,0.0,0.0,74613,0 7 8 10 15 16 17 23,0 7 8 10 15 16 17 23,9632.774285492647,9632.774285492647,9632.774285492647,9632.774285492647,0.0,9632.774285492647,0.0,0.0,0.0,9632.774285492647,9495.533508660332,137.24077683231553,1,0.0,1.0,0,0,0,1,9632.774285492647,9632.774285492647,0.0,0.888642437187882,3.366099241399711e-06,0.888642437187882,3.366099241399711e-06,3.3660992413996784e-06,3.366099241399711e-06,0.015437833004398271,0.19708804198307917,0.10658404199057259,0.1558564274891978
endpoints,40.0,8.888587416217251e-05,0.0,2.4000000000000004,2.0,0.0,0.0,74613,0 1 2 9 10 11 14 23,0 1 2 9 10 11 14 23,9859.151415030705,9859.151415030705,9859.151415030705,9859.151415030705,0.0,9859.151415030705,0.0,0.0,0.0,9859.151415030705,9673.058510737887,186.09290429281828,1,0.0,1.0,0,0,0,1,9859.151415030705,9859.151415030705,0.0,0.8885412517436426,1.2376277843563576e-06,0.8885412517436426,1.2376277843563576e-06,1.237627784356321e-06,1.2376277843563576e-06,0.01591325001209043,0.20008912502089515,0.10748587502166629,0.15750882327847648
endpoints,40.0,8.888587416217251e-05,0.0,3.5999999999999996,2.0,0.0,0.0,74613,0 3 5 10 18 19 20 23,0 3 5 10 18 19 20 23,9968.961364462524,9968.961364462524,9968.961364462524,9968.961364462524,0.0,9968.961364462524,0.0,0.0,0.0,9968.961364462524,9949.927618481694,19.033745980830645,1,0.0,1.0,0,0,0,1,9968.961364462524,9968.961364462524,0.0,0.8885139445835937,2.421615578754248e-07,0.8885139445835937,2.421615578754248e-07,2.421615578754248e-07,2.421615578754248e-07,0.015725582983577624,0.19301637500757352,0.12008666698238812,0.16834142674633767
endpoints,40.0,8.888587416217251e-05,0.0,4.799999999999999,2.0,0.0,0.0,74613,0 2 6 10 12 17 18 23,0 2 6 10 12 17 18 23,9947.298418759596,9947.298418759596,9947.298418759596,9947.298418759596,0.0,9947.298418759596,0.0,0.0,0.0,9947.298418759596,9921.83946375265,25.45895500694496,1,0.0,1.0,0,0,0,1,9947.298418759596,9947.298418759596,0.0,0.8885689474744002,4.4179150820179613e-07,0.8885689474744002,4.4179150820179613e-07,4.4179150820180947e-07,4.4179150820179613e-07,0.018383958988124505,0.18774404199211858,0.11728033301187679,0.16421676050958922
endpoints,40.0,8.888587416217251e-05,0.0,6.0,2.0,0.0,0.0,74613,0 1 3 7 12 14 21 23,0 1 3 7 12 14 21 23,9991.632450363524,9991.632450363524,9991.632450363524,9991.632450363524,0.0,9991.632450363524,0.0,0.0,0.0,9991.632450363524,9943.340781042258,48.291669321266454,1,0.0,1.0,0,0,0,1,9991.632450363524,9991.632450363524,0.0,0.8884924430064942,3.7777445345165226e-08,0.8884924430064942,3.7777445345165226e-08,3.7777445345168574e-08,3.7777445345165226e-08,0.013689000013982877,0.27821133300312795,0.12689162499736995,0.1964451672465657
endpoints,40.0,8.888587416217251e-05,0.0,-6.0,4.0,0.0,0.0,74613,0 5 10 16 17 19 22 23,0 5 10 16 17 19 22 23,9979.18942078304,9979.18942078304,9979.18942078304,9979.18942078304,0.0,9979.18942078304,0.0,0.0,0.0,9979.18942078304,9971.593258700132,7.59616208290754,1,0.0,1.0,0,0,0,1,9979.18942078304,9979.18942078304,0.0,0.8885426767124074,1.5368999941105823e-07,0.8885426767124074,1.5368999941105823e-07,1.5368999941105823e-07,1.5368999941105823e-07,0.01887770800385624,0.21514454198768362,0.1150957919890061,0.16888313549861778
endpoints,40.0,8.888587416217251e-05,0.0,-4.8,4.0,0.0,0.0,74613,0 3 8 11 19 20 22 23,0 3 8 11 19 20 22 23,9956.213044700655,9956.213044700655,9956.213044700655,9956.213044700655,0.0,9956.213044700655,0.0,0.0,0.0,9956.213044700655,9948.19913778093,8.013906919724832,1,0.0,1.0,0,0,0,1,9956.213044700655,9956.213044700655,0.0,0.8884960743219097,3.5448965214192413e-07,0.8884960743219097,3.5448965214192413e-07,3.5448965214192577e-07,3.5448965214192413e-07,0.015901709004538134,0.21397166699171066,0.11679449997609481,0.17028812572243623
endpoints,40.0,8.888587416217251e-05,0.0,-3.6,4.0,0.0,0.0,74613,0 1 2 5 6 7 11 23,0 1 2 5 6 7 11 23,9947.910047369181,9947.910047369181,9947.910047369181,9947.910047369181,0.0,9947.910047369181,0.0,0.0,0.0,9947.910047369181,9938.639357901622,9.27068946755935,1,0.0,1.0,0,0,0,1,9947.910047369181,9947.910047369181,0.0,0.8884769326161521,4.270496967558475e-07,0.8884769326161521,4.270496967558475e-07,4.2704969675584007e-07,4.270496967558475e-07,0.01492295801290311,0.18716012500226498,0.11673354200320318,0.1635239902534522
endpoints,40.0,8.888587416217251e-05,0.0,-2.4000000000000004,4.0,0.0,0.0,74613,0 2 11 17 18 20 22 23,0 2 11 17 18 20 22 23,9989.32582658163,9989.32582658163,9989.32582658163,9989.32582658163,0.0,9989.32582658163,0.0,0.0,0.0,9989.32582658163,9954.515320501572,34.810506080057166,1,0.0,1.0,0,0,0,1,9989.32582658163,9989.32582658163,0.0,0.8884855806462021,5.762373454629538e-08,0.8884855806462021,5.762373454629538e-08,5.762373454629538e-08,5.762373454629538e-08,0.016125083988299593,0.18142854201141745,0.11887583299539983,0.16423359350301325
endpoints,40.0,8.888587416217251e-05,0.0,-1.2000000000000002,4.0,0.0,0.0,74613,0 4 6 13 20 21 22 23,0 4 6 13 20 21 22 23,9887.012226261377,9887.012226261377,9887.012226261377,9887.012226261377,0.0,9887.012226261377,0.0,0.0,0.0,9887.012226261377,9812.159837845547,74.85238841582941,1,0.0,1.0,0,0,0,1,9887.012226261377,9887.012226261377,0.0,0.8884726928999888,9.767327171912e-07,0.8884726928999888,9.767327171912e-07,9.767327171912252e-07,9.767327171912e-07,0.01570424999226816,0.2138063340098597,0.11383670900249854,0.16728858348506037
endpoints,40.0,8.888587416217251e-05,0.0,0.0,4.0,0.0,0.0,74613,0 1 10 11 12 13 14 23,0 1 10 11 12 13 14 23,2.827489405271096,2.827489405271096,2.827489405271096,2.827489405271096,0.0,2.827489405271096,0.0,0.0,0.0,2.827489405271096,2.826764377364378,0.0007250279067183563,1,0.0,1.0,0,0,0,1,2.827489405271096,2.827489405271096,0.0,0.8886162561116422,0.31418859805028876,0.8886162561116422,0.31418859805028876,0.3141885980502886,0.31418859805028876,0.02968995799892582,0.19489433299168013,0.1342965420044493,0.18302066725300392
endpoints,40.0,8.888587416217251e-05,0.0,1.1999999999999993,4.0,0.0,0.0,74613,0 3 8 10 11 19 20 23,0 3 8 10 11 19 20 23,9892.911730289425,9892.911730289425,9892.911730289425,9892.911730289425,0.0,9892.911730289425,0.0,0.0,0.0,9892.911730289425,9851.637094624539,41.274635664885864,1,0.0,1.0,0,0,0,1,9892.911730289425,9892.911730289425,0.0,0.8885604818131345,9.320182882980762e-07,0.8885604818131345,9.320182882980762e-07,9.320182882981032e-07,9.320182882980762e-07,0.013450333004584536,0.18777495800168253,0.1142716660106089,0.1612156975097605
endpoints,40.0,8.888587416217251e-05,0.0,2.4000000000000004,4.0,0.0,0.0,74613,0 1 9 11 12 13 18 23,0 1 9 11 12 13 18 23,9984.816836750608,9984.816836750608,9984.816836750608,9984.816836750608,0.0,9984.816836750608,0.0,0.0,0.0,9984.816836750608,9921.633698502357,63.18313824825054,1,0.0,1.0,0,0,0,1,9984.816836750608,9984.816836750608,0.0,0.8885911951834952,1.0836676500230498e-07,0.8885911951834952,1.0836676500230498e-07,1.0836676500230787e-07,1.0836676500230498e-07,0.021404792001703754,0.20945799999753945,0.13116591700236313,0.1835311250106315
endpoints,40.0,8.888587416217251e-05,0.0,3.5999999999999996,4.0,0.0,0.0,74613,0 1 6 7 12 14 20 23,0 1 6 7 12 14 20 23,9990.710058387393,9990.710058387393,9990.710058387393,9990.710058387393,0.0,9990.710058387393,0.0,0.0,0.0,9990.710058387393,9950.189084554837,40.52097383255568,1,0.0,1.0,0,0,0,1,9990.710058387393,9990.710058387393,0.0,0.88853515232025,5.0262221277810036e-08,0.88853515232025,5.0262221277810036e-08,5.0262221277810744e-08,5.0262221277810036e-08,0.018749083013972268,0.20002354198368266,0.12257158299325965,0.17257792748569045
endpoints,40.0,8.888587416217251e-05,0.0,4.799999999999999,4.0,0.0,0.0,74613,0 1 11 12 18 19 22 23,0 1 11 12 18 19 22 23,9970.318639722514,9970.318639722514,9970.318639722514,9970.318639722514,0.0,9970.318639722514,0.0,0.0,0.0,9970.318639722514,9930.179585879903,40.13905384261125,1,0.0,1.0,0,0,0,1,9970.318639722514,9970.318639722514,0.0,0.8884978299960469,2.2841216125584638e-07,0.8884978299960469,2.2841216125584638e-07,2.2841216125585106e-07,2.2841216125584638e-07,0.019008749979548156,0.19966800001566298,0.11862754198955372,0.1685455000042566
endpoints,40.0,8.888587416217251e-05,0.0,6.0,4.0,0.0,0.0,74613,0 1 7 9 18 19 21 23,0 1 7 9 18 19 21 23,9964.306662886069,9964.306662886069,9964.306662886069,9964.306662886069,0.0,9964.306662886069,0.0,0.0,0.0,9964.306662886069,9922.231916294868,42.07474659120089,1,0.0,1.0,0,0,0,1,9964.306662886069,9964.306662886069,0.0,0.8884877655601024,2.8116932811286107e-07,0.8884877655601024,2.8116932811286107e-07,2.8116932811286224e-07,2.8116932811286107e-07,0.017133207991719246,0.19845787499798462,0.12120279099326581,0.17081780174339656
endpoints,40.0,8.888587416217251e-05,0.01,0.0,0.0,0.0,0.0,74613,0 10 11 12 13 14 15 23,0 1 2 3 4 5 6 23,0.9919108971023473,0.999899152852175,0.9917235320401262,0.9998991676623797,-0.007989076117252858,0.9919108971023473,-0.007989076117252858,0.0,0.0,0.9998991712527386,0.9998991712527386,-0.007988274150391383,0,0.00805341908605639,1.008053400535435,74613,74613,0,1,0.999899991508244,0.9998999577324418,3.377918045277539e-08,0.8814326206187437,0.8814326206187437,0.8813031621836805,0.8813031621836805,0.8883297724483357,0.8884000060407222,1.3467271249974146,0.23499183298554271,1.5589407079969533,1.617689291248098
endpoints,40.0,8.888587416217251e-05,0.01,-6.0,1.0,0.0,0.0,74613,0 1 4 5 14 17 18 23,0 2 3 15 17 19 22 23,471.54760084552896,471.6231422031382,301.0451831260464,301.06870548847513,0.5662458178124385,427.9874358697032,0.42156068720362727,0.1017790741620912,0.1017790741620912,471.623142203138,464.24710718600875,7.300493659520214,1,0.0001601987953572248,1.0001601987953577,15,15,0,1,9966.215448054392,9549.082869277216,0.04185466197789345,0.8812910047763786,0.0028383230609096734,0.8811892663515044,0.0017795323341452507,0.001779532334145252,0.001779828868236355,0.12970300001325086,0.18323366600088775,0.5003566659870557,0.5461658744898159
endpoints,40.0,8.888587416217251e-05,0.01,-4.8,1.0,0.0,0.0,74613,0 6 9 13 14 15 17 23,0 6 8 12 13 16 19 23,349.00239704339975,349.06344013973904,306.4491919731871,306.4919155652828,0.13870017223688302,321.60632889550806,0.04931423167344806,0.0851851026749939,0.0851851026749939,349.0634401397388,344.3936760697152,4.608720973684569,1,0.00017490738417902385,1.0001749073841797,15,15,0,1,9962.039083309624,9490.254456154446,0.047358238931787144,0.8813917153344606,0.002786856259880264,0.8813692873001321,0.002436068578092401,0.002436068578092403,0.0024365064758155924,0.0900235419976525,0.21079162499518134,0.49760524998418987,0.5503042392447242
endpoints,40.0,8.888587416217251e-05,0.01,-3.6,1.0,0.0,0.0,74613,0 3 5 8 10 15 16 23,0 4 5 7 8 16 18 23,254.62795149645618,254.6879545990374,233.010167033268,233.16377550124088,0.09205622077903386,245.92168115054287,0.054716499687294196,0.03540261397523414,0.03540261397523414,254.6879545990372,245.9713549136508,8.656596582805378,1,0.00023565010136694653,1.0002356501013678,2,2,0,1,9888.807610313816,8166.41329511988,0.17417613761617878,0.8818199128006236,0.003693090596689452,0.8813584549327164,0.0033716564837214754,0.0033716564837214767,0.0033724658513185697,0.09678616598830558,0.20725829098955728,0.4510926659859251,0.50290807273268
endpoints,40.0,8.888587416217251e-05,0.01,-2.4000000000000004,1.0,0.0,0.0,74613,0 1 3 6 14 21 22 23,0 1 3 6 14 21 22 23,209.88985902594698,210.0435604522453,209.88985902594698,210.0435604522453,-0.0007317597643430318,209.88985902594698,-0.0007317597643430318,0.0,0.0,210.0435604522451,209.91962324874086,-0.029764222793886574,0,0.0007322956288189353,1.0007322956288198,2,2,0,1,9965.578507708871,9965.578507708871,0.0,0.8816332508642775,0.004108497035202108,0.8816332508642775,0.004108497035202108,0.004108497035202112,0.004109419973449315,0.09267029198235832,0.18095708300825208,0.5056605830031913,0.5509009377565235
endpoints,40.0,8.888587416217251e-05,0.01,-1.2000000000000002,1.0,0.0,0.0,74613,0 1 2 3 7 13 21 23,0 6 7 13 20 21 22 23,179.92590291323137,179.96113209738087,153.43814309551564,153.4561591816898,0.17249059192340255,179.92590291323137,0.17249059192340255,0.0,0.0,179.96113209738076,176.57129588106633,3.3546070321650348,1,0.00019579829017946082,1.00019579829018,1,1,0,1,9979.452000346384,7807.123803625034,0.21768010875205857,0.8812528917645277,0.005653815471054851,0.8811964111211016,0.004807707078166373,0.004807707078166376,0.0048086576546553595,0.18261545902350917,0.19487804200616665,0.5407901250000577,0.5895104274750338
endpoints,40.0,8.888587416217251e-05,0.01,0.0,1.0,0.0,0.0,74613,0 1 10 11 12 13 14 23,0 1 2 3 4 5 6 23,1.1020498390787865,1.1092678200662367,1.101923202116362,1.107961252385128,-0.005335397148245047,1.1020498390787865,-0.005335397148245047,0.0,0.0,1.1098245360474988,1.1098245360474988,-0.007774696968712247,0,0.0070547598602357375,1.0065495957909525,74613,74613,0,1,1.1112857420127809,1.1110383341971464,0.00022263204347994225,0.8818629826961847,0.7958441675586924,0.8813033085668663,0.7944021221803595,0.799469253723146,0.7996043608318594,2.466462958982447,0.20669616700615734,2.8994193749967963,2.951093916752143
endpoints,40.0,8.888587416217251e-05,0.01,1.1999999999999993,1.0,0.0,0.0,74613,0 2 6 8 15 17 21 23,0 3 6 13 14 17 20 23,472.391746792286,472.53939012890635,376.09236780850165,376.1719073690703,0.2557868823755953,451.0100328266598,0.198946609227159,0.04740851069679852,0.04740851069679852,472.53939012890606,454.6848951166703,17.706851675615724,1,0.0003125442762761388,1.0003125442762768,3,3,0,1,9862.91591033057,8376.039340581478,0.15075425799704067,0.8812830164550273,0.002253880821571918,0.8813087068176905,0.0017761622577560448,0.0017761622577560459,0.0017767423792949774,0.1129517919907812,0.22833049998735078,0.4789140420034528,0.5359978339765803
endpoints,40.0,8.888587416217251e-05,0.01,2.4000000000000004,1.0,0.0,0.0,74613,0 3 8 14 18 21 22 23,0 3 8 14 18 21 22 23,1064.4161809726425,1064.8586766852193,1064.4161809726425,1064.8586766852193,-0.0004155440738430327,1064.4161809726425,-0.0004155440738430327,0.0,0.0,1064.858676685218,1061.8228758808566,2.593305091785851,1,0.0004157168225036312,1.000415716822505,1,1,0,1,9995.653449715912,9995.653449715912,0.0,0.8811974913539039,0.0007386394215859627,0.8811974913539039,0.0007386394215859627,0.0007386394215859638,0.0007389819755440525,0.10169379200669937,0.2531157500052359,0.5290016249928158,0.5922815214944421
endpoints,40.0,8.888587416217251e-05,0.01,3.5999999999999996,1.0,0.0,0.0,74613,0 3 11 12 20 21 22 23,0 1 6 9 13 16 20 23,2084.825215710572,2085.9007314631217,1792.278188003044,1793.0177591191084,0.1627465512303825,1792.278188003044,-0.00041247283374801214,0.16322635049946332,0.16322635049946332,2085.900731463121,1945.5940536422477,139.23116206832447,1,0.0005158781390612877,1.0005158781390617,4,4,0,1,9981.607034080527,9929.660432399547,0.005204232294821587,0.8811823157339166,0.0004025662105995716,0.8813082517540721,0.0003336214093632005,0.00033362140936320066,0.0003338387962978872,0.10267341698636301,0.2026706250035204,0.46842962500522844,0.5190980722691165
endpoints,40.0,8.888587416217251e-05,0.01,4.799999999999999,1.0,0.0,0.0,74613,0 3 4 5 6 7 8 23,0 1 3 4 12 14 20 23,3199.657407081596,3202.702691948579,3148.073223707697,3149.5190854075513,0.01591935794462951,3148.073223707697,-0.0004590738016332363,0.016385954108508516,0.016385954108508516,3202.702691948582,3157.748362621148,41.90904446044806,1,0.0009517534159271257,1.000951753415926,3,3,0,1,9967.416606207691,9879.47693686867,0.008822714331439885,0.8813913161357836,0.00019096361785058365,0.8817361019786567,0.0001864241332872525,0.0001864241332872523,0.00018654393039735983,0.09079591699992307,0.19072487502126023,0.44746254198253155,0.4951444687467301
endpoints,40.0,8.888587416217251e-05,0.01,6.0,1.0,0.0,0.0,74613,0 1 2 5 9 11 14 23,0 1 7 9 16 17 21 23,4268.700740372064,4270.138123991336,3460.0642803276273,3460.928115363258,0.23339768931433658,3460.0642803276273,-0.00024959635301169403,0.23370561773721388,0.23370561773721388,4270.1381239913335,4195.573811206666,73.126929165398,1,0.0003367262562294915,1.0003367262562302,21,21,0,1,9987.336120089252,9950.59164967726,0.0036791062171304123,0.8813530118577243,0.0001657721200172928,0.8812695272600084,0.00011749375611458257,0.0001174937561145826,0.00011756300026500167,0.10132533402065746,0.19344316702336073,0.4654658330255188,0.5138276247598697
endpoints,40.0,8.888587416217251e-05,0.01,-6.0,2.0,0.0,0.0,74613,0 2 5 9 12 18 21 23,0 1 5 7 9 12 13 23,506.6380829398865,506.9709887915297,483.3031170880835,483.38083769650825,0.04811370958395411,506.6380829398865,0.04811370958395411,0.0,0.0,506.9709887915294,502.2680103756844,4.370072564202076,1,0.000657088092768543,1.0006570880927692,1,1,0,1,9951.189836619353,9274.905390135093,0.06796015929628862,0.8812857189374137,0.0017342846990386024,0.8818532839604198,0.0016505692494189613,0.0016505692494189622,0.0016507992418526155,0.0902950830059126,0.1948637500172481,0.45234029201674275,0.5010570205049589
endpoints,40.0,8.888587416217251e-05,0.01,-4.8,2.0,0.0,0.0,74613,0 6 7 10 11 17 22 23,0 2 6 8 13 18 21 23,383.0519084819889,383.10476698888436,375.5519548962587,375.62302767002467,0.019777490368589223,375.5519548962587,-0.00018921303682273294,0.019970482080973184,0.019970482080973184,383.1047669888849,376.0426209157302,7.009287566258706,1,0.00013799306497497277,1.0001379930649736,4,4,0,1,9560.866049723994,7244.185311614043,0.2423086701624515,0.8813232266057328,0.0022574112420517805,0.8812848739736913,0.0022114897669461026,0.0022114897669461005,0.0022118019062614823,0.09555079200072214,0.1972636670107022,0.39399087498895824,0.4433074997505173
endpoints,40.0,8.888587416217251e-05,0.01,-3.6,2.0,0.0,0.0,74613,0 1 3 8 19 20 22 23,0 1 6 7 8 9 22 23,212.7607234788294,212.77335861061212,206.9620895609388,206.98936826745106,0.02788237511755276,207.89007904896636,0.0043514833107345385,0.023428941160370753,0.023428941160370753,212.77335861061204,212.20368821696937,0.5570352618600225,1,5.9386580267384304e-05,1.0000593865802678,10,10,0,1,8978.774677965208,3772.733135131319,0.5798164815974305,0.8811595009613653,0.0041681419545464915,0.8813052552212818,0.004053104744287963,0.004053104744287963,0.004053344531694671,0.10660116700455546,0.19453820801572874,0.45099225000012666,0.4996277190075489
endpoints,40.0,8.888587416217251e-05,0.01,-2.4000000000000004,2.0,0.0,0.0,74613,0 1 3 8 14 17 20 23,0 1 3 8 14 17 20 23,279.285248056685,279.3456678463123,279.285248056685,279.3456678463123,-0.00021629041213744316,279.285248056685,-0.00021629041213744316,0.0,0.0,279.3456678463123,273.34271295213733,5.942535104547687,1,0.00021633720380043187,1.0002163372038004,1,1,0,1,9902.980049364898,9902.980049364898,0.0,0.8812710795302932,0.003065883220073942,0.8812710795302932,0.003065883220073942,0.003065883220073942,0.003066559062422848,0.074676833988633,0.2347385830071289,0.4307015840022359,0.4893871047606808
endpoints,40.0,8.888587416217251e-05,0.01,-1.2000000000000002,2.0,0.0,0.0,74613,0 8 10 11 15 16 17 23,0 1 8 12 15 20 21 23,269.60929375244604,269.78706777756184,227.56439774097745,227.59615674400126,0.18459510744595264,246.26171484035595,0.08201174555574586,0.09480799289985309,0.09480799289985309,269.7870677775616,246.42352885608764,23.185764896358393,1,0.0006593764726776641,1.0006593764726783,2,2,0,1,9904.057496949616,9781.00732993118,0.01242421775684699,0.8813914904561633,0.0037837256104313343,0.8816904232401775,0.003179211557280046,0.0031792115572800484,0.0031796989383515426,0.0935620829986874,0.2865298749820795,0.44610983302118257,0.5177435937439441
endpoints,40.0,8.888587416217251e-05,0.01,0.0,2.0,0.0,0.0,74613,0 1 10 11 12 13 14 23,0 2 3 4 5 6 7 23,1.4324551920333646,1.4378654876018606,1.4323614521046193,1.434600913810436,-0.0014956924650021408,1.4324551920333646,-0.0014956924650021408,0.0,0.0,1.4398293843320369,1.4398293843320369,-0.007374192298672311,0,0.005147939244231958,1.0037769387821591,74613,74613,0,1,1.4487335147852305,1.4458853594034784,0.001965962237143626,0.8818629826961847,0.6146207342067793,0.8813511324110118,0.6128690994245672,0.6137101665914906,0.6151832218739701,2.3132808749796823,0.18974762500147335,2.7462050419999287,2.7936427812601323
endpoints,40.0,8.888587416217251e-05,0.01,1.1999999999999993,2.0,0.0,0.0,74613,0 7 8 10 15 16 17 23,0 2 6 12 15 17 22 23,585.4042437974608,585.5401285357348,482.8080107369095,482.89514829544,0.21228023487886594,553.6407555947433,0.14650304015069637,0.05737201945798942,0.05737201945798942,585.5401285357341,559.2067925844239,26.19745121303697,1,0.00023212120464277675,1.0002321212046439,3,3,0,1,9632.774285492647,8747.370266191641,0.09191578594698946,0.8813876117587434,0.0017363294233406754,0.8812660101007264,0.0014161621441598439,0.0014161621441598452,0.0014165089404938314,0.12786766700446606,0.19510262500261888,0.5183561670128256,0.5671324902650667
endpoints,40.0,8.888587416217251e-05,0.01,2.4000000000000004,2.0,0.0,0.0,74613,0 1 2 9 10 11 14 23,0 2 6 9 14 16 20 23,1008.8841478302834,1009.1292541303953,818.7772013568581,818.9238065144938,0.23196338878497058,937.4981207077382,0.144792852827079,0.07614524823650237,0.07614524823650237,1009.1292541303953,972.4755636766739,36.40858415360947,1,0.0002429479149206326,1.0002429479149206,5,5,0,1,9859.151415030705,8383.26452528195,0.14969715218073454,0.8813682121115776,0.000987365915198867,0.8813146859292683,0.0007844558531953703,0.0007844558531953703,0.0007846667738949436,0.10463899999740534,0.22007462501642294,0.4671601669979282,0.5221799892678973
endpoints,40.0,8.888587416217251e-05,0.01,3.5999999999999996,2.0,0.0,0.0,74613,0 3 5 10 18 19 20 23,0 1 3 4 19 20 22 23,1498.5059733443336,1499.0710983952952,1473.8255428304637,1474.2510536460284,0.016452367212707486,1473.8255428304637,-0.0002886284629149971,0.016745828998506518,0.016745828998506518,1499.0710983952952,1474.2510536460275,24.25491969830614,1,0.0003771256578313231,1.0003771256578313,2,2,0,1,9968.961364462524,9688.755891523637,0.02810779003896713,0.8812539799034073,0.0005088779719100031,0.8811389769399643,0.0004989041098373815,0.0004989041098373815,0.0004991246710788943,0.07991233302163891,0.1754679580044467,0.45823158300481737,0.5020992804857087
endpoints,40.0,8.888587416217251e-05,0.01,4.799999999999999,2.0,0.0,0.0,74613,0 2 6 10 12 17 18 23,0 2 6 10 12 17 18 23,3022.808789201042,3023.939737277064,3022.808789201042,3023.939737277064,-0.0003739982189725488,3022.808789201042,-0.0003739982189725488,0.0,0.0,3023.939737277061,2997.5991180415576,25.209671159484515,1,0.0003741381459716475,1.0003741381459728,1,1,0,1,9947.298418759596,9947.298418759596,0.0,0.8813396806469843,0.0002025682410711539,0.8813396806469843,0.0002025682410711539,0.00020256824107115425,0.0002026768741180508,0.10924799999338575,0.19301441599964164,0.43477608301327564,0.48303022901382064
endpoints,40.0,8.888587416217251e-05,0.01,6.0,2.0,0.0,0.0,74613,0 1 3 7 12 14 21 23,0 9 12 14 16 18 20 23,4338.055638683648,4339.530483566823,3868.1822629159237,3869.2253968216783,0.12116901802802271,4011.1621645285954,0.03668350978557866,0.08149595073613036,0.08149595073613036,4339.530483566821,4311.137950118277,26.917688565370554,1,0.0003399783234732112,1.0003399783234737,11,11,0,1,9991.632450363524,9931.960952611444,0.005972146998852956,0.8812859080283361,0.00013888217180182228,0.8813153832751653,0.00011420415749276798,0.00011420415749276802,0.00011427300963960809,0.09481679101008922,0.19593991700094193,0.4490421660011634,0.4980278952571098
endpoints,40.0,8.888587416217251e-05,0.01,-6.0,4.0,0.0,0.0,74613,0 5 10 16 17 19 22 23,0 8 11 14 16 19 22 23,678.3255009649384,678.7414902234611,550.0064653286427,550.0577674465578,0.2331895686407932,564.6761353548588,0.026576059413107478,0.20126468694955402,0.20126468694955402,678.7414902234608,650.833199358882,27.492301606056458,1,0.0006132590591545473,1.0006132590591552,25,25,0,1,9979.18942078304,9957.496839341944,0.0021737819101737,0.8812395842784907,0.001513199645635727,0.8817157746975673,0.0012101591781850493,0.00121015917818505,0.001210303651340731,0.10805099998833612,0.24200720802764408,0.47893337497953326,0.5394357609839062
endpoints,40.0,8.888587416217251e-05,0.01,-4.8,4.0,0.0,0.0,74613,0 3 8 11 19 20 22 23,0 9 14 15 19 20 22 23,506.4780635409934,506.5491828954312,432.16475943831205,432.2088825118788,0.17183631349148265,485.005020051181,0.12215421680476712,0.044273858211913764,0.044273858211913764,506.54918289543076,503.49835188032336,2.9797116606700342,1,0.00014041941706244288,1.0001404194170633,6,6,0,1,9956.213044700655,7185.370689794254,0.2783028388872437,0.8812114451125724,0.0019499695977365412,0.8812141037946409,0.0016507558695232638,0.0016507558695232646,0.0016509972822996491,0.07001404100446962,0.20023016701452434,0.4061495420173742,0.4562077087466605
endpoints,40.0,8.888587416217251e-05,0.01,-3.6,4.0,0.0,0.0,74613,0 1 2 5 6 7 11 23,0 4 8 9 11 12 15 23,518.6321457861274,518.9597969193828,351.6735833437136,351.7059361752987,0.4746186869238074,447.8647426348359,0.273406833860232,0.1580106590551409,0.1580106590551409,518.9597969193829,498.8290708772508,19.803074908876567,1,0.0006317601712846344,1.0006317601712844,14,14,0,1,9947.910047369181,9938.639357901622,0.0009319233309724728,0.8813508594253251,0.0024170452710717215,0.8818544647005764,0.0016103873064105551,0.0016103873064105547,0.001610636274660663,0.0792249170190189,0.1926352079899516,0.40982266698847525,0.45798213598754955
endpoints,40.0,8.888587416217251e-05,0.01,-2.4000000000000004,4.0,0.0,0.0,74613,0 2 11 17 18 20 22 23,0 4 5 7 9 11 15 23,501.42094152774655,501.4835568590641,351.0925605608815,351.1241556193108,0.42804456344891206,450.4251796811241,0.2828088653902685,0.11321694289543172,0.11321694289543172,501.4835568590643,476.3248228126607,25.096118715085822,1,0.00012487578027164936,1.0001248757802712,5,5,0,1,9989.32582658163,9781.623395388438,0.02079243732750158,0.8811792440446533,0.0024207086095623504,0.8814128841846248,0.0016687248632768924,0.0016687248632768915,0.001668942180774703,0.10433383300551213,0.19411912499344908,0.43554795801173896,0.4840783642648603
endpoints,40.0,8.888587416217251e-05,0.01,-1.2000000000000002,4.0,0.0,0.0,74613,0 4 6 13 20 21 22 23,0 2 4 8 9 18 19 23,510.1504088998227,510.1908256431505,429.3805577148487,429.4127141429609,0.18801887344672896,510.1504088998227,0.18801887344672896,0.0,0.0,510.1908256431507,480.9749058604523,29.175503039370426,1,7.922515129443752e-05,1.000079225151294,1,1,0,1,9887.012226261377,9151.686030097811,0.07437294294128916,0.8811784987637187,0.0019631691063765615,0.8813054273992161,0.0016385176444883947,0.0016385176444883944,0.0016386520448623172,0.1157145409961231,0.20982795901363716,0.44569070800207555,0.49814882276405115
endpoints,40.0,8.888587416217251e-05,0.01,0.0,4.0,0.0,0.0,74613,0 1 10 11 12 13 14 23,0 1 10 11 12 13 14 23,2.760621033087012,2.762090885853294,2.760621033087012,2.762090885853294,-0.0005321522089698494,2.760621033087012,-0.0005321522089698494,0.0,0.0,2.7667999110069808,2.7667999110069808,-0.006178877919968961,0,0.0022382202576569643,1.0005324355457217,45488,45488,0,1,2.827489405271096,2.827489405271096,0.0,0.8818629826961847,0.3191848162378342,0.8818629826961847,0.3191848162378342,0.3187514756418526,0.31918639237801427,1.4739552079990972,0.19316779100336134,1.8807964169827756,1.929089322744403
endpoints,40.0,8.888587416217251e-05,0.01,1.1999999999999993,4.0,0.0,0.0,74613,0 3 8 10 11 19 20 23,0 7 11 13 15 21 22 23,858.4914212228892,859.0519074172317,742.3774165698621,742.445233814474,0.15630269024989585,852.4640309999816,0.1481843941811869,0.007070550784221696,0.007070550784221696,859.0519074172324,857.7283484230886,0.763072799800625,1,0.0006528733782158458,1.0006528733782152,3,3,0,1,9892.911730289425,9635.713352512183,0.02599824852270438,0.8813125601239243,0.0010981546238904437,0.8817493377222299,0.0009375356145849262,0.0009375356145849254,0.0009376308574946344,0.08453862500027753,0.1949556249892339,0.47164016601163894,0.520379614259582
endpoints,40.0,8.888587416217251e-05,0.01,2.4000000000000004,4.0,0.0,0.0,74613,0 1 9 11 12 13 18 23,0 1 2 5 9 20 21 23,1327.4814804012865,1328.3758732613094,1297.4476283730914,1297.655090390379,0.022984836442120127,1297.4476283730914,-0.00015987454511134924,0.023148411829042592,0.023148411829042592,1328.375873261309,1310.5768816721968,16.904598729089685,1,0.0006737516667667531,1.0006737516667672,4,4,0,1,9984.816836750608,9811.92099690907,0.017315874959785815,0.88136486881257,0.0005903122234982971,0.8816402500002677,0.0005748120051404255,0.0005748120051404255,0.0005749336086974725,0.1196447080001235,0.2169560000183992,0.47372183299739845,0.5279614169994602
endpoints,40.0,8.888587416217251e-05,0.01,3.5999999999999996,4.0,0.0,0.0,74613,0 1 6 7 12 14 20 23,0 5 8 9 11 12 14 23,2372.7821511156862,2373.3820972042818,2055.3749583640447,2055.8569800526598,0.15415720749938,2221.1363806915374,0.08039440595456404,0.06827395730510477,0.06827395730510477,2373.3820972042818,2255.4576162605663,117.32453485511996,1,0.00025284499392985715,1.0002528449939299,4,4,0,1,9990.710058387393,9947.976975694166,0.004277281839177305,0.881321597666082,0.0003398023109680535,0.8814425237318009,0.0002825008169104927,0.00028250081691049285,0.0002825939056012637,0.10822733299573883,0.19365120798465796,0.49720058400998823,0.5456140519891051
endpoints,40.0,8.888587416217251e-05,0.01,4.799999999999999,4.0,0.0,0.0,74613,0 1 11 12 18 19 22 23,0 3 5 8 10 11 20 23,2955.0726862842635,2955.725711882125,2438.1417022008345,2438.583741230885,0.2117987323218511,2478.6979767483563,0.01644980848483124,0.19218747665289682,0.19218747665289682,2955.7257118821203,2870.760306042604,84.31238024165941,1,0.0002209846143168548,1.0002209846143184,27,27,0,1,9970.318639722514,9748.258033905098,0.022272167404230214,0.881213037903534,0.00027247675735391316,0.881355329385532,0.00020929988977473529,0.00020929988977473558,0.00020936537900517868,0.07892075000563636,0.21267549999174662,0.4232672500074841,0.47643687501113163
endpoints,40.0,8.888587416217251e-05,0.01,6.0,4.0,0.0,0.0,74613,0 1 7 9 18 19 21 23,0 4 5 12 13 16 22 23,4010.0333234126742,4011.1090811074873,3464.169763544593,3464.9048876343813,0.15732854247276973,3555.2654074670595,0.026078787950329696,0.12791391466596957,0.12791391466596957,4011.1090811074855,3902.445224179107,107.58809923356739,1,0.00026826652250755423,1.000268266522508,16,16,0,1,9964.306662886069,9688.28309747116,0.027701231480862676,0.8812287669773353,0.00016544398352664352,0.8812992338325096,0.0001308287274634653,0.0001308287274634653,0.0001308874251112237,0.10207620798610151,0.21048420897568576,0.5017062090046238,0.5543279272606014
endpoints,40.0,8.888587416217251e-05,0.03,0.0,0.0,0.0,0.0,74613,0 10 11 12 13 14 15 23,0 1 2 3 4 5 6 23,0.9295742270850323,0.9998923921129027,0.9279488404983864,0.9998922394452012,-0.07032559068483768,0.9295742270850323,-0.07032559068483768,0.0,0.0,0.99989239230781,0.9998923897513446,-0.0703181626663123,0,0.07564556242408105,1.0756455622144072,74613,74613,0,1,0.999899991508244,0.9998999577324418,3.377918045277539e-08,0.8247572215738785,0.8247572215738785,0.8259274644128205,0.8259274644128205,0.8883132083989573,0.8884029232412409,1.2895482089952566,0.202641957992455,1.5015695830225013,1.5522303224934149
endpoints,40.0,8.888587416217251e-05,0.03,-6.0,1.0,0.0,0.0,74613,0 1 4 5 14 17 18 23,0 8 9 15 17 19 20 23,55.52542111662355,55.53726848968777,34.51936128673222,34.522862068822725,0.6083666819376496,55.183635154296674,0.5984664030544704,0.006193610866178423,0.006193610866178423,56.57479613353695,56.57479613353695,-1.0493750169134017,0,0.018899001498958956,1.0002133684504497,9,9,0,1,9966.215448054392,8046.498802633115,0.19262243079403274,0.8250078013549991,0.023808547650043105,0.8243138915828604,0.014753649850041118,0.014553198864526173,0.014756663006099086,0.11092941701645032,0.21991604199865833,0.5298213749774732,0.5848012184869731
endpoints,40.0,8.888587416217251e-05,0.03,-4.8,1.0,0.0,0.0,74613,0 6 9 13 14 15 17 23,0 1 5 7 8 9 20 23,41.723426896789746,42.14987448816391,34.42186090053966,34.71243403452987,0.201973530732122,41.070110872644406,0.1831527236548811,0.015907335292354885,0.015907335292354885,43.364564595101896,42.5412031249995,-0.8177762282097518,0,0.03933372257201673,1.010220818928154,7,7,0,1,9962.039083309624,7025.331064360351,0.2947898511931585,0.8311280655667066,0.023854352008262022,0.8334302418007914,0.019684132478118486,0.019032459710354274,0.019690185780499702,0.13197287498041987,0.21774087499943562,0.5778549580136314,0.6322912597461254
endpoints,40.0,8.888587416217251e-05,0.03,-3.6,1.0,0.0,0.0,74613,0 3 5 8 10 15 16 23,0 1 4 5 7 10 12 23,29.606853667656,29.869458010496494,26.06731916144894,26.346129417026198,0.12376483084162482,26.43455485850491,0.003356297241201789,0.12000575860389229,0.12000575860389229,29.955529396689787,29.578711098824055,0.02814256883194588,1,0.011776858593208095,1.0088697146204149,26,26,0,1,9888.807610313816,5332.765963444521,0.46072709940452683,0.8337860753998545,0.031558498157171856,0.8322801873604195,0.02777503408943228,0.027600640938471824,0.027795141117681856,0.10879658302292228,0.20230795798124745,0.5790699170029256,0.6296474895061692
endpoints,40.0,8.888587416217251e-05,0.03,-2.4000000000000004,1.0,0.0,0.0,74613,0 1 3 6 14 21 22 23,0 8 10 18 19 21 22 23,24.438715733311014,24.678958272960358,22.736807568004956,22.98896376154004,0.06306295432925824,22.736807568004956,-0.010968575884961695,0.07485255615660691,0.07485255615660691,24.76973809740273,24.53743668455036,-0.09872095123934699,0,0.013544998342139403,1.0098304077133597,44,44,0,1,9965.578507708871,5498.619973320058,0.44823875813465297,0.833614899565177,0.03617263979581142,0.8314542697889611,0.03360193124188882,0.03334206071069722,0.03362672122212706,0.10356849999516271,0.2593449999985751,0.5701095419935882,0.6349470839995774
endpoints,40.0,8.888587416217251e-05,0.03,-1.2000000000000002,1.0,0.0,0.0,74613,0 1 2 3 7 13 21 23,0 1 6 7 20 21 22 23,21.352105884588717,21.35640514475705,16.838621078149036,16.840933319089075,0.26786951055653563,21.352105884588717,0.26786951055653563,0.0,0.0,21.35640514475705,21.350289265589204,0.001816618999512798,1,0.0002013506392095632,1.0002013506392096,1,1,0,1,9979.452000346384,6395.9782570466605,0.35908522263300047,0.825258545194559,0.04891425008975347,0.8244476203943676,0.03851534619608246,0.038514903033235924,0.038522641055170274,0.17208920800476335,0.1896000420092605,0.5686870420177002,0.6160881774994778
endpoints,40.0,8.888587416217251e-05,0.03,0.0,1.0,0.0,0.0,74613,0 1 10 11 12 13 14 23,0 1 2 3 4 5 6 23,1.0327918228985613,1.1056802519043314,1.031479797512569,1.1011898383330236,-0.06211282837299237,1.0327918228985613,-0.06211282837299237,0.0,0.0,1.107484752638892,1.107484752638892,-0.0746929297403307,0,0.07232137986017628,1.070574173216444,74613,74613,0,1,1.1112857420127809,1.1110383341971464,0.00022263204347994225,0.8291426033913503,0.7528626711857019,0.825927477063437,0.7468969408518994,0.7994690280698049,0.7996067240425258,2.4465624160075095,0.18813399999635294,2.9292995420109946,2.9763337499898626
endpoints,40.0,8.888587416217251e-05,0.03,1.1999999999999993,1.0,0.0,0.0,74613,0 2 6 8 15 17 21 23,0 2 3 13 17 18 20 23,53.530214889900286,53.545489696881205,42.245660603321184,42.25539290566449,0.26682563358023725,53.062687572515564,0.255761310538005,0.008810848804930993,0.008810848804930993,53.5454896968812,53.4976969072198,0.032517982680488444,1,0.00028534925578616033,1.0002853492557864,5,5,0,1,9862.91591033057,6570.553187680386,0.33381230789990946,0.8247607632886654,0.019429587546022333,0.824627329065967,0.0153116144057708,0.015311614405770795,0.01531586215898545,0.09986987500451505,0.256399165984476,0.435611708991928,0.4997122504937579
endpoints,40.0,8.888587416217251e-05,0.03,2.4000000000000004,1.0,0.0,0.0,74613,0 3 8 14 18 21 22 23,0 3 7 9 10 18 20 23,137.03640774267916,137.12043829024537,123.14526609530397,123.20517275504646,0.11226180425988797,124.71197183098437,0.012229998483372917,0.09882319821225716,0.09882319821225716,137.46924522619653,137.46924522619653,-0.4328374835173747,0,0.003158558303207659,1.0006131987035445,17,17,0,1,9995.653449715912,8990.69438144661,0.10053960687261154,0.8242748650566413,0.0066013759600178305,0.824844902230394,0.005926591559511351,0.005926591559511351,0.0059302258110383145,0.08849316701525822,0.21665854199090973,0.5170144170115236,0.5711801354918862
endpoints,40.0,8.888587416217251e-05,0.03,3.5999999999999996,1.0,0.0,0.0,74613,0 3 11 12 20 21 22 23,0 1 6 9 13 16 20 23,272.93450557361876,273.1117669625577,226.07278360253136,226.19197714988331,0.2066498070033762,239.77803957216514,0.060064298448919695,0.138279827713224,0.138279827713224,273.1117669625577,259.36619908799264,13.568306485626124,1,0.0006494649277355435,1.0006494649277355,16,16,0,1,9981.607034080527,9929.660432399547,0.005204232294821587,0.8241886441918431,0.0035548713208408346,0.8248798373659268,0.0029314154718395684,0.0029314154718395684,0.0029333494858537106,0.07964141698903404,0.20008312500431202,0.46071745798690245,0.5107388642427395
endpoints,40.0,8.888587416217251e-05,0.03,4.799999999999999,1.0,0.0,0.0,74613,0 3 4 5 6 7 8 23,0 1 3 4 12 14 20 23,509.51575739014135,512.3329652804069,466.85564429714026,467.14929535496924,0.0906914822658127,466.85564429714026,-0.0006286021636955352,0.09137752453914683,0.09137752453914683,512.3329652804073,500.1526327496441,9.363124640497233,1,0.00552918697685878,1.0055291869768581,7,7,0,1,9967.416606207691,9879.47693686867,0.008822714331439885,0.8257257558027489,0.001678698416370281,0.8291134237101946,0.0015294238577841395,0.0015294238577841387,0.0015305159744696208,0.10196729199378751,0.19410137500381097,0.5097770839929581,0.5583033027505735
endpoints,40.0,8.888587416217251e-05,0.03,6.0,1.0,0.0,0.0,74613,0 1 2 5 9 11 14 23,0 7 8 11 12 19 22 23,765.270626884512,765.7219983488286,536.8967501714334,537.0935400756894,0.42483677382652374,691.7949864816745,0.28803445743209655,0.10621013716291783,0.10621013716291783,765.7219983488286,745.4136121388449,19.85701474566713,1,0.0005898194030447002,1.0005898194030447,14,14,0,1,9987.336120089252,8619.685951954334,0.13693843400182837,0.8254720648386883,0.0014480383359528096,0.8245430501859575,0.0009879318899401626,0.0009879318899401622,0.0009885567743178954,0.09965074999490753,0.1919913329766132,0.4795100830087904,0.5275085832545301
endpoints,40.0,8.888587416217251e-05,0.03,-6.0,2.0,0.0,0.0,74613,0 2 5 9 12 18 21 23,0 1 3 4 5 12 17 23,60.8428603830357,60.85420645560462,56.662608049685225,56.6732102168584,0.07357356589157837,59.2759035460761,0.045924579166392254,0.026434971771313043,0.026434971771313043,60.85420645560459,60.42414293270869,0.4187174503270086,1,0.00018648157725431602,1.0001864815772548,8,8,0,1,9951.189836619353,7585.59842063993,0.2377194541374631,0.8248198253637412,0.01446507749243718,0.825436269682865,0.013475275385340097,0.013475275385340102,0.013477668737939657,0.17183141599525698,0.23261529099545442,0.7185192079923581,0.7766737807469326
endpoints,40.0,8.888587416217251e-05,0.03,-4.8,2.0,0.0,0.0,74613,0 6 7 10 11 17 22 23,0 6 7 10 11 17 22 23,45.07557437099948,45.16685898091447,45.07557437099948,45.16685898091447,-0.0020210528687318874,45.07557437099948,-0.0020210528687318874,0.0,0.0,46.066630815092424,46.066630815092424,-0.9910564440929406,0,0.021986551650699848,1.0020251457954514,5,5,0,1,9560.866049723994,9560.866049723994,0.0,0.8247029453503228,0.018170142182201147,0.8247029453503228,0.018170142182201147,0.017899582110141758,0.01820695635464673,0.06984212499810383,0.20522645898745395,0.40785370900994167,0.4591610737334122
endpoints,40.0,8.888587416217251e-05,0.03,-3.6,2.0,0.0,0.0,74613,0 1 3 8 19 20 22 23,0 5 8 9 20 21 22 23,25.13235333834223,25.135720278429922,23.258655939517514,23.261759600114193,0.08041497162660272,24.236070595517656,0.04188466445155248,0.036981355508608704,0.036981355508608704,25.13572027842991,24.965231061614546,0.1671222767276852,1,0.00013396835713530564,1.0001339683571357,20,20,0,1,8978.774677965208,1310.5883530287513,0.8540348321419555,0.824549528128008,0.035357681466511415,0.8243011112279385,0.03270512607763807,0.03270512607763807,0.03270920571320053,0.10232716699829325,0.19920704097603448,0.4661036659963429,0.5159070512236212
endpoints,40.0,8.888587416217251e-05,0.03,-2.4000000000000004,2.0,0.0,0.0,74613,0 1 3 8 14 17 20 23,0 1 3 8 17 20 22 23,31.385269419923628,31.521086504234553,31.37770498818874,31.384751865458192,1.649063429454145e-05,31.385269419923628,1.649063429454145e-05,0.0,0.0,31.52902466581323,31.3847518654582,0.0005175544654285602,1,0.004580341304903479,1.0043274149567984,1,1,0,1,9902.980049364898,9715.070688797432,0.018975031720832036,0.8248975546557327,0.026194500344468675,0.8261153675636322,0.02611945461094933,0.026065389298517233,0.02618489924962117,0.15395237499615178,0.22081379100563936,0.5779460000048857,0.63315044776391
endpoints,40.0,8.888587416217251e-05,0.03,-1.2000000000000002,2.0,0.0,0.0,74613,0 8 10 11 15 16 17 23,0 1 8 12 15 20 21 23,30.512916899160608,30.810308241789254,25.42091954853965,25.42462401120955,0.20013247337335893,28.32875686574123,0.11422520361564703,0.07710045462887027,0.07710045462887027,30.881590731926696,30.673534295379312,-0.1606173962187043,0,0.012082549629210737,1.0097464081723642,19,19,0,1,9904.057496949616,9781.00732993118,0.01242421775684699,0.824670827030791,0.0323470245513843,0.8318547891385961,0.026910350310379406,0.02673869630729003,0.026933226241177673,0.13301854199380614,0.20462641600170173,0.5371386670158245,0.5882960630187881
endpoints,40.0,8.888587416217251e-05,0.03,0.0,2.0,0.0,0.0,74613,0 1 10 11 12 13 14 23,0 1 2 3 4 5 6 23,1.342430847345656,1.422913337260117,1.3407943853385023,1.406251668060887,-0.045383640897816546,1.342430847345656,-0.045383640897816546,0.0,0.0,1.4299529021580537,1.4299529021580537,-0.08752205481239761,0,0.06519669522303673,1.059952801348089,74613,74613,0,1,1.4487335147852305,1.4455564604961821,0.002192987362150789,0.8291426033913503,0.5895229327092598,0.825927477063437,0.5803593082890868,0.6133376812741151,0.6151525534617226,2.2883152500144206,0.2097855839820113,2.7419077079975978,2.794354937002936
endpoints,40.0,8.888587416217251e-05,0.03,1.1999999999999993,2.0,0.0,0.0,74613,0 7 8 10 15 16 17 23,0 2 6 12 15 17 22 23,69.73180530633395,70.10147476789638,55.55514026662124,55.566530143855054,0.25492459446013105,62.94085452503034,0.13271162266357184,0.1078941624251859,0.1078941624251859,70.10147476789632,67.26058894632587,2.4712163600080856,1,0.005301303471757279,1.005301303471758,6,6,0,1,9632.774285492647,8747.370266191641,0.09191578594698946,0.824762942922288,0.014753915013117925,0.8287987224805233,0.011733957015015952,0.01173395701501596,0.01173667032822998,0.1033342499868013,0.20949133299291134,0.4807230409933254,0.5330965412431397
endpoints,40.0,8.888587416217251e-05,0.03,2.4000000000000004,2.0,0.0,0.0,74613,0 1 2 9 10 11 14 23,0 2 3 11 12 14 17 23,139.06899117144715,139.1345789395372,93.82368581618788,93.84289104763626,0.4819342159956832,131.14247042617754,0.39746835335249187,0.060442057553975914,0.060442057553975914,139.13457893953728,136.3453699366324,2.7236212348147433,1,0.0004716203629411275,1.0004716203629405,7,7,0,1,9859.151415030705,6742.407867675863,0.31612695820892167,0.8253664101361854,0.008706307889819537,0.8250663934107293,0.005841102197094168,0.005841102197094165,0.005843822048934847,0.11700054199900478,0.21330870798556134,0.491181666002376,0.5445098430063808
endpoints,40.0,8.888587416217251e-05,0.03,3.5999999999999996,2.0,0.0,0.0,74613,0 3 5 10 18 19 20 23,0 1 3 4 19 20 22 23,191.74318514997776,191.82511079700384,178.05438254644582,178.11453423171406,0.07651622017849369,179.83332537923727,0.009649920793589839,0.06622721203439164,0.06622721203439164,191.82511079700393,191.20446212883692,0.5387230211408394,1,0.0004272675816983096,1.0004272675816979,21,21,0,1,9968.961364462524,9688.755891523637,0.02810779003896713,0.8245902559477236,0.0045406647658489995,0.8246260368530622,0.004209957136676543,0.004209957136676541,0.004211748043598321,0.08657104198937304,0.1826607920229435,0.4695157909882255,0.5151819479942787
endpoints,40.0,8.888587416217251e-05,0.03,4.799999999999999,2.0,0.0,0.0,74613,0 2 6 10 12 17 18 23,0 2 4 7 10 17 19 23,467.2609472892601,467.55227127683656,447.0281313913696,447.25289793162835,0.044735426981381776,447.09978436517457,-0.00034234225683471564,0.04509320654831428,0.04509320654831428,467.5522712768366,467.41279956901144,-0.1518522797513242,0,0.0006234717223139175,1.000623471722314,8,8,0,1,9947.298418759596,9472.826419861141,0.04769857894316798,0.824909456583044,0.0017555056555471512,0.825030093232049,0.0016756870814540578,0.0016756614864279758,0.0016767660622984924,0.1350505839800462,0.1866769999905955,0.5178348330082372,0.5645049170052516
endpoints,40.0,8.888587416217251e-05,0.03,6.0,2.0,0.0,0.0,74613,0 1 3 7 12 14 21 23,0 4 10 12 13 14 16 23,820.9435504538525,825.5774306954664,625.931776600124,626.2085516283059,0.310974671807315,766.0529690046285,0.223319239273706,0.07165376765074893,0.07165376765074893,825.5774306954664,809.355999115356,11.587551338496496,1,0.005644578411088341,1.0056445784110883,10,10,0,1,9991.632450363524,9884.267231414116,0.010745513256495087,0.825027475598334,0.0012286104670376514,0.829027278145069,0.0009152928343651383,0.0009152928343651383,0.0009158929210625783,0.09197100001620129,0.21947104201535694,0.45361587501247413,0.5084843025178998
endpoints,40.0,8.888587416217251e-05,0.03,-6.0,4.0,0.0,0.0,74613,0 5 10 16 17 19 22 23,0 6 7 10 13 14 18 23,81.87455853990778,82.50388590208425,63.789976851395664,63.87005713859223,0.2818926772250636,74.9260046641435,0.1731006362114389,0.09273888160607568,0.09273888160607568,83.04606466482298,80.3231305736277,1.5514279662800874,1,0.014308548904653717,1.0076864825093343,25,25,0,1,9979.18942078304,9182.214035948555,0.079863739551298,0.8242448096810879,0.012816141091643597,0.8304336813733324,0.009976502832000014,0.009844032484897642,0.009986073663757672,0.10589991699089296,0.20356245900620706,0.5915249590179883,0.6424162397524924
endpoints,40.0,8.888587416217251e-05,0.03,-4.8,4.0,0.0,0.0,74613,0 3 8 11 19 20 22 23,0 9 14 15 19 20 22 23,64.66572268075504,65.02840174472387,49.334228147287575,49.339635852219935,0.3106242387852065,64.47782597162565,0.3068160082240372,0.0029141291024930016,0.0029141291024930016,65.82361675934628,65.82361675934628,-1.1578940785912408,0,0.017905839919358568,1.0056085210051593,3,3,0,1,9956.213044700655,7185.370689794254,0.2783028388872437,0.8243595845669928,0.016618971213313724,0.8271927858898176,0.012631598770948034,0.012427430460916558,0.01265312664797775,0.07235716699506156,0.22107566701015458,0.4685533339797985,0.5238231667462969
endpoints,40.0,8.888587416217251e-05,0.03,-3.6,4.0,0.0,0.0,74613,0 1 2 5 6 7 11 23,0 4 8 9 11 15 17 23,59.872155077078844,60.17919871226757,40.15386729590921,40.15850533752244,0.49089600257449795,58.723581675939364,0.4622950028239843,0.019558980708598073,0.019558980708598073,60.78288674579877,60.78288674579877,-0.9107316687199258,0,0.01521127254476573,1.0051283210833724,6,6,0,1,9947.910047369181,9502.006853038085,0.04482380642846884,0.8257098716952501,0.020472384142123542,0.829075008511728,0.01368788460887054,0.013548191808323421,0.013690111549764818,0.08702875001472421,0.17929966701194644,0.4614573750004638,0.506282541755354
endpoints,40.0,8.888587416217251e-05,0.03,-2.4000000000000004,4.0,0.0,0.0,74613,0 2 11 17 18 20 22 23,0 4 5 9 11 15 17 23,57.96910400332486,58.17245588790553,39.34011838059191,39.344447598239064,0.4733744541356675,55.32910615453358,0.40627482483729005,0.047714449631949485,0.047714449631949485,59.14081997718765,59.14081997718765,-1.1717159738627885,0,0.020212766679912564,1.0035079356163414,6,6,0,1,9989.32582658163,9333.213636311131,0.06568132841603602,0.8241621249647921,0.02085846947774469,0.8250445397356969,0.01409384935925316,0.013866166582943968,0.014143477388464195,0.08641679098946042,0.1814116669993382,0.5425336250045802,0.5878873757537804
endpoints,40.0,8.888587416217251e-05,0.03,-1.2000000000000002,4.0,0.0,0.0,74613,0 4 6 13 20 21 22 23,0 2 4 8 9 18 19 23,60.16232866078787,60.45195917470798,48.90099732021669,48.905486883306246,0.23017543623155534,60.16232866078787,0.23017543623155534,0.0,0.0,61.348343133760395,61.348343133760395,-1.1860144729725235,0,0.019713573250457195,1.004814150654858,3,3,0,1,9887.012226261377,9151.686030097811,0.07437294294128916,0.8242580290283665,0.016765215404803413,0.8288882678912728,0.0136226344670688,0.013356862901495747,0.013623831976809699,0.10741183400386944,0.19085962499957532,0.48065537499496713,0.5283708232454956
endpoints,40.0,8.888587416217251e-05,0.03,0.0,4.0,0.0,0.0,74613,0 1 10 11 12 13 14 23,0 1 2 3 4 5 6 23,2.580780567322716,2.6902499441886354,2.5778465419386083,2.6346872371353744,-0.020460367763146525,2.580780567322716,-0.020460367763146525,0.0,0.0,2.7169266920483315,2.7169266920483315,-0.13614612472561527,0,0.0527538553449558,1.0424171579141586,74613,74613,0,1,2.827489405271096,2.793171386043776,0.012137275974701489,0.8291426033913503,0.3146135925470925,0.825927477063437,0.3069188250069665,0.31435536751045884,0.31993796847658784,2.3340908749960363,0.19268675000057556,2.752966500003822,2.801139103488822
endpoints,40.0,8.888587416217251e-05,0.03,1.1999999999999993,4.0,0.0,0.0,74613,0 3 8 10 11 19 20 23,0 1 5 10 13 15 21 23,111.37831364557597,111.9208403045445,87.27516202559947,87.2841181673639,0.27604329383281834,105.62030188205458,0.21007468597588108,0.05451614567388119,0.05451614567388119,111.92084030454447,106.22315951241029,5.155154133165681,1,0.0048710259763395936,1.0048710259763398,3,3,0,1,9892.911730289425,6949.161620894704,0.2975615460493549,0.8247406165928919,0.009360033745000204,0.8287795585382558,0.007316165377089053,0.007316165377089051,0.007317053142975791,0.099722541985102,0.17385304099298082,0.4639738750120159,0.5074375102631166
endpoints,40.0,8.888587416217251e-05,0.03,2.4000000000000004,4.0,0.0,0.0,74613,0 1 9 11 12 13 18 23,0 2 6 8 11 14 22 23,178.15350386861243,179.04870573527256,155.6533635180239,155.6865957615088,0.14430855782549146,178.15350386861243,0.14430855782549146,0.0,0.0,179.04870573527253,177.83228698590634,0.3212168827060964,1,0.005024890598392728,1.0050248905983927,1,1,0,1,9984.816836750608,7073.335896824641,0.29159082109646983,0.8249569028828153,0.0052099447595716376,0.8288864677808774,0.0045405051307993724,0.004540505130799372,0.004541506105814795,0.11792283298564143,0.19584254201618023,0.4768776249838993,0.5258389684968279
endpoints,40.0,8.888587416217251e-05,0.03,3.5999999999999996,4.0,0.0,0.0,74613,0 1 6 7 12 14 20 23,0 3 5 6 7 9 14 23,320.7512544837432,320.8695521705484,267.70005161137027,267.78345579784855,0.1978008631193422,301.2717371944708,0.1250573202771077,0.06465763257672719,0.06465763257672719,320.8695521705484,319.91904645519804,0.8322080285451534,1,0.0003688144166282825,1.0003688144166283,13,13,0,1,9990.710058387393,9575.162568744374,0.04159338897981113,0.8250118778090234,0.0029920060179487056,0.8254721905013213,0.002483724038237888,0.002483724038237888,0.0024846431481124675,0.08253675000742078,0.1982556669972837,0.44496129199978895,0.4945257917570416
endpoints,40.0,8.888587416217251e-05,0.03,4.799999999999999,4.0,0.0,0.0,74613,0 1 11 12 18 19 22 23,0 3 5 8 12 13 20 23,474.54579541029204,474.7190944374665,338.4132608866836,338.4951857052137,0.4019277539254609,412.67066139947855,0.21913303003033624,0.14993829171421602,0.14993829171421602,474.7190944374665,470.48221449302804,4.063580917264005,1,0.00036518925855122397,1.0003651892585512,36,36,0,1,9970.318639722514,9236.115818899649,0.07363885221258082,0.8243606265442189,0.0023464829622564707,0.8250105310503558,0.0016490061565512294,0.0016490061565512294,0.0016496252654324823,0.10599466698477045,0.20425133299431764,0.4314313749782741,0.48249491623573704
endpoints,40.0,8.888587416217251e-05,0.03,6.0,4.0,0.0,0.0,74613,0 1 7 9 18 19 21 23,0 4 5 12 13 16 22 23,766.9880944804007,767.3362664361481,537.1565673055319,537.32269059032,0.4274254706008467,661.3582375552654,0.23083995732373785,0.15971655137403284,0.15971655137403284,767.3362664361483,761.128991680881,5.859102799519746,1,0.0004539470146318614,1.0004539470146316,13,13,0,1,9964.306662886069,9688.28309747116,0.027701231480862676,0.824569474704318,0.001445703096570516,0.8247043248721985,0.0009858767311588209,0.000985876731158821,0.0009863549995712626,0.11411324999062344,0.20075341701158322,0.48070179199567065,0.5308908122606226
endpoints,40.0,8.888587416217251e-05,0.05,0.0,0.0,0.0,0.0,74613,0 10 11 12 13 14 15 23,0 1 2 3 4 5 6 23,0.8127986777050457,0.9998769373234568,0.8086652119661878,0.9998763490104943,-0.18710080650531036,0.8127986777050457,-0.18710080650531036,0.0,0.0,0.9998769381574752,0.9998769276511179,-0.18707824994607225,0,0.2301655570856107,1.2301655560595037,74613,74613,0,1,0.999899991508244,0.9998999577324418,3.377918045277539e-08,0.7187559411466656,0.7187559411466656,0.7221924479877703,0.7221924479877703,0.888278380991337,0.8884058314011841,1.2765588329930324,0.18178149999585003,1.4875077909964602,1.532953499990981
endpoints,40.0,8.888587416217251e-05,0.05,-6.0,1.0,0.0,0.0,74613,0 1 4 5 14 17 18 23,0 2 3 14 15 17 22 23,19.025708884354753,19.420624547855425,12.218559828498623,12.24406034259032,0.553872518757101,18.867282839695882,0.5409335066789103,0.008396865940099696,0.008396865940099696,20.320439324316464,20.320439324316464,-1.294730439961711,0,0.06805162676626453,1.0207569487108794,111,111,0,1,9966.215448054392,9021.455286689661,0.09479628112486449,0.7196906467278872,0.05868987105702357,0.7308209852065514,0.037542292433502204,0.035228030817470404,0.037686440702184174,0.15980716701596975,0.17398541700094938,0.6624934159917757,0.7059907702496275
endpoints,40.0,8.888587416217251e-05,0.05,-4.8,1.0,0.0,0.0,74613,0 6 9 13 14 15 17 23,0 5 7 8 9 18 20 23,13.998813066029607,14.267236521736884,11.424184408782303,11.875208980692957,0.178826670653903,13.998813066029607,0.178826670653903,0.0,0.0,15.537239892980194,15.537239892980194,-1.5384268269505874,0,0.10989694766935854,1.0191747296318034,103,103,0,1,9962.039083309624,6285.348540570923,0.36907007812272286,0.7434048417395667,0.06251252543137484,0.7300669314971822,0.051081985961100876,0.0462986925833341,0.0512853365431133,0.15128670900594443,0.18071275000693277,0.738585916988086,0.7837654375034617
endpoints,40.0,8.888587416217251e-05,0.05,-3.6,1.0,0.0,0.0,74613,0 3 5 8 10 15 16 23,0 1 4 5 7 10 12 23,10.07327000017552,10.546280732714076,8.60685799663382,8.923379881612481,0.12886262086998035,9.941246974923018,0.11406743933517327,0.013280328472427438,0.013280328472427438,10.898575833890101,10.560140411418931,-0.4868704112434106,0,0.0819302802069437,1.0469570191735467,17,17,0,1,9888.807610313816,5332.765963444521,0.46072709940452683,0.7425864693228448,0.08312918610919232,0.7498284428411541,0.07100996516582778,0.06702269074737016,0.07149135416203552,0.12988904200028628,0.23474733397597447,0.6546050419856329,0.7132929164945381
endpoints,40.0,8.888587416217251e-05,0.05,-2.4000000000000004,1.0,0.0,0.0,74613,0 1 3 6 14 21 22 23,0 8 10 18 19 21 22 23,8.208478705076756,8.60424943227224,7.292282801743827,7.639914474608111,0.07442023498539352,8.039278953060665,0.05227342266459578,0.021046632789334163,0.021046632789334163,8.907828010851885,8.87529458008093,-0.6668158750041737,0,0.08519840653818078,1.048214869212088,86,86,0,1,9965.578507708871,5498.619973320058,0.44823875813465297,0.7508763318493457,0.09819445673980888,0.7451594943304127,0.0865147743516233,0.08163203575359222,0.08726273116794873,0.1254333340039011,0.21538229202269576,0.7113011660112534,0.7651474060185137
endpoints,40.0,8.888587416217251e-05,0.05,-1.2000000000000002,1.0,0.0,0.0,74613,0 1 2 3 7 13 21 23,0 6 7 13 20 21 22 23,7.310647506441301,7.314374770451409,5.611187429696301,5.6789576282559615,0.2873220729921946,7.310647506441301,0.2873220729921946,0.0,0.0,7.314374770451409,7.307804288888035,0.0028432175532655535,1,0.0005098404767600595,1.00050984047676,1,1,0,1,9979.452000346384,7807.123803625034,0.21768010875205857,0.7216042742347243,0.12697743887606014,0.7176487783027597,0.09802596342258364,0.09802596342258364,0.09807257086779839,0.16530370799591765,0.21817087498493493,0.6586100829881616,0.7131533857318573
endpoints,40.0,8.888587416217251e-05,0.05,0.0,1.0,0.0,0.0,74613,0 1 10 11 12 13 14 23,0 1 2 3 4 5 6 23,0.9030501042040303,1.1018147392193622,0.8996695795679692,1.0939339697253714,-0.17449304144861855,0.9030501042040303,-0.17449304144861855,0.0,0.0,1.1049243823972634,1.1049243823972634,-0.20187427819323311,0,0.22354715120837043,1.220103662122411,74613,74613,0,1,1.1112857420127809,1.1110383341971464,0.00022263204347994225,0.730486269604985,0.6676719569382894,0.7221924479877703,0.6553683541510029,0.7994554528606352,0.7996090799279183,2.2819803749735,0.20633604199974798,2.736708041979,2.7882925944795716
endpoints,40.0,8.888587416217251e-05,0.05,1.1999999999999993,1.0,0.0,0.0,74613,0 2 6 8 15 17 21 23,0 1 2 3 14 20 21 23,17.664030031620985,17.669447862660963,13.718262829320715,13.721692355865354,0.2873069570074185,17.224575975385786,0.2552807284025078,0.025513200258931557,0.025513200258931557,17.669447862660963,17.471382262205136,0.19264776941584927,1,0.00030671545679439305,1.0003067154567944,8,8,0,1,9862.91591033057,2499.396063554136,0.7465864977175533,0.7190279110230423,0.0523119326528392,0.7194696156853014,0.04062939922888754,0.04062939922888754,0.040640457291002074,0.10314441699301824,0.31084595900028944,0.4562392919906415,0.5339516567473765
endpoints,40.0,8.888587416217251e-05,0.05,2.4000000000000004,1.0,0.0,0.0,74613,0 3 8 14 18 21 22 23,0 3 7 9 10 18 20 23,45.43031776309857,45.45957122236486,39.471248267207905,39.4933508038872,0.1503282663629295,42.60873135376757,0.07888367247819672,0.06622085003902645,0.06622085003902645,45.98683366372595,45.98683366372595,-0.5565159006273817,0,0.01224987911221298,1.0006439193187868,13,13,0,1,9995.653449715912,8990.69438144661,0.10053960687261154,0.7178461799705661,0.018087494842054765,0.7191908013486459,0.015731562537696666,0.01573156253769667,0.015741219222914406,0.09557662502629682,0.22134433401515707,0.4616181669989601,0.5169547505065566
endpoints,40.0,8.888587416217251e-05,0.05,3.5999999999999996,1.0,0.0,0.0,74613,0 3 11 12 20 21 22 23,0 5 9 12 14 15 20 23,89.43526725262467,89.50345915544645,72.89816664285127,72.94065508008329,0.22613742849487095,89.43526725262467,0.22613742849487095,0.0,0.0,89.50345915544641,88.5843676649754,0.8508995876492662,1,0.0007624721758712205,1.0007624721758717,1,1,0,1,9981.607034080527,7109.5351183045295,0.2877364242020136,0.7176368622972535,0.009749754339712284,0.7186925571147423,0.007940888213859862,0.007940888213859862,0.007946752928816267,0.10563595898565836,0.17869583301944658,0.48231170800863765,0.5269862912682584
endpoints,40.0,8.888587416217251e-05,0.05,4.799999999999999,1.0,0.0,0.0,74613,0 3 4 5 6 7 8 23,0 1 3 4 12 14 20 23,170.10357030007964,171.63031211695736,153.4421600502586,153.5444970992631,0.10784543577691008,153.4421600502586,-0.0006664976663953714,0.10858430462894786,0.10858430462894786,171.63031211695727,165.49943948517284,4.604130814906796,1,0.008975366091283687,1.0089753660912841,21,21,0,1,9967.416606207691,9879.47693686867,0.008822714331439885,0.7214829247975899,0.0046099665004114805,0.7200141225741216,0.004106259573592234,0.00414066203949581,0.004143746470214923,0.11256629100535065,0.1782822090026457,0.49586024999734946,0.5404313852559426
endpoints,40.0,8.888587416217251e-05,0.05,6.0,1.0,0.0,0.0,74613,0 1 2 5 9 11 14 23,0 7 8 11 12 19 22 23,271.532381903929,271.7218156943355,177.31103430670026,177.38205721055743,0.5307770479942766,246.04474400271627,0.3870892460710067,0.10358944266223102,0.10358944266223102,271.72181569433553,261.0768154506891,10.455566453239896,1,0.0006976471427764253,1.0006976471427762,15,15,0,1,9987.336120089252,8619.685951954334,0.13693843400182837,0.7208551746057626,0.003974970335094029,0.718393686530015,0.0025549713542104965,0.0025549713542104956,0.0025567197848746855,0.08835033301147632,0.1921952919801697,0.46243462499114685,0.5104838639963418
endpoints,40.0,8.888587416217251e-05,0.05,-6.0,2.0,0.0,0.0,74613,0 2 5 9 12 18 21 23,0 1 3 4 5 12 17 23,20.99069794072599,21.744801685640162,19.47131931760485,20.008610295410737,0.04908325120113455,20.99069794072599,0.04908325120113455,0.0,0.0,22.165838150178384,22.04502332259399,-1.0543253818680007,0,0.055983855933270155,1.0359256155771297,23,23,0,1,9951.189836619353,7585.59842063993,0.2377194541374631,0.733833740852422,0.03658701165285086,0.7358201830647473,0.033750014737686976,0.03243067988203949,0.034250090066797995,0.11053812500904314,0.21864050001022406,0.7261771250050515,0.7808380830174428
endpoints,40.0,8.888587416217251e-05,0.05,-4.8,2.0,0.0,0.0,74613,0 6 7 10 11 17 22 23,0 1 2 5 13 17 22 23,15.911748475828679,16.012893233177547,15.351310906832571,15.779163526200765,0.008402533468124584,15.911748475828679,0.008402533468124584,0.0,0.0,17.04085585405207,17.04085585405207,-1.1291073782233898,0,0.07096061001332443,1.0063566086091993,30,30,0,1,9560.866049723994,7415.76827851785,0.2243622868524624,0.7340597556396095,0.04643194233201797,0.7195701917835433,0.044848039721060454,0.042564560776117165,0.04513200178126807,0.10419908299809322,0.2045200830034446,0.6655271249765065,0.7166579787372029
endpoints,40.0,8.888587416217251e-05,0.05,-3.6,2.0,0.0,0.0,74613,0 1 3 8 19 20 22 23,0 5 8 9 20 21 22 23,8.809204187697672,8.8108226364758,8.085833439041968,8.087358524896606,0.08925604826086198,8.809204187697672,0.08925604826086198,0.0,0.0,8.8108226364758,8.788699226996036,0.02050496070163632,1,0.00018372247295483923,1.0001837224729548,1,1,0,1,8978.774677965208,1310.5883530287513,0.8540348321419555,0.718665634598563,0.08877395263932526,0.7179135030851964,0.08139198517562113,0.08139198517562113,0.08140417342343349,0.10852508299285546,0.1982889999926556,0.4956462499976624,0.5452192080047098
endpoints,40.0,8.888587416217251e-05,0.05,-2.4000000000000004,2.0,0.0,0.0,74613,0 1 3 8 14 17 20 23,0 1 3 8 14 17 20 23,10.52545207169625,10.725238755200813,10.52545207169625,10.725238755200813,-0.018627714316166943,10.52545207169625,-0.018627714316166943,0.0,0.0,10.863319370432594,10.863319370432594,-0.33786729873634336,0,0.03210002728955419,1.0189812924085042,11,11,0,1,9902.980049364898,9902.980049364898,0.0,0.7262272117766274,0.06762309969114472,0.7262272117766274,0.06762309969114472,0.06608071105111504,0.06825841690596127,0.14851904101669788,0.22162050000042655,0.7402270000020508,0.7956327920037438
endpoints,40.0,8.888587416217251e-05,0.05,-1.2000000000000002,2.0,0.0,0.0,74613,0 8 10 11 15 16 17 23,0 3 6 8 19 20 21 23,10.031715783877694,10.325325896806413,8.566302749319966,8.567771036505516,0.17086646470063327,9.934165596080721,0.1594807510323606,0.009819665965248081,0.009819665965248081,10.575386061288965,10.567903261360076,-0.5361874774823825,0,0.054195143594979234,1.0292681849500351,21,21,0,1,9904.057496949616,6681.376210046374,0.3253900018144893,0.7185915278348999,0.08378258136896662,0.738199298260693,0.0714051575718675,0.06784734369250085,0.07152668226811923,0.12712304198066704,0.19435662499745376,0.5461743329942692,0.5947644892512471
endpoints,40.0,8.888587416217251e-05,0.05,0.0,2.0,0.0,0.0,74613,0 1 10 11 12 13 14 23,0 1 2 3 4 5 6 23,1.173792349628882,1.4068396352560217,1.1694580582669327,1.376506980162975,-0.14726741923974263,1.173792349628882,-0.14726741923974263,0.0,0.0,1.419252169726929,1.419252169726929,-0.2454598200980469,0,0.20911690230018443,1.198542174602537,74613,74613,0,1,1.4487335147852305,1.4455564604961821,0.002192987362150789,0.730486269604985,0.5305922368023804,0.7221924479877703,0.5132549451420453,0.6133498093072172,0.6151539478158405,2.30222916699131,0.1982035000110045,2.725017459015362,2.774569084023824
endpoints,40.0,8.888587416217251e-05,0.05,1.1999999999999993,2.0,0.0,0.0,74613,0 7 8 10 15 16 17 23,0 2 6 12 15 17 22 23,22.401145159457506,23.083875616956952,18.139361453139564,18.143449717956678,0.2346684620448427,21.08086683795882,0.16189959272711874,0.06262922353464884,0.06262922353464884,23.083875616956945,22.17484372169394,0.22630143776356704,1,0.030477480175213234,1.0304774801752135,9,9,0,1,9632.774285492647,8747.370266191641,0.09191578594698946,0.7188505872634113,0.03953150597182513,0.7297553341618416,0.03152432094912265,0.03152432094912265,0.03199261177909958,0.1102659160096664,0.17883858300046995,0.5370421250117943,0.5817524787416914
endpoints,40.0,8.888587416217251e-05,0.05,2.4000000000000004,2.0,0.0,0.0,74613,0 1 2 9 10 11 14 23,0 1 2 3 11 12 17 23,45.70242969535883,45.87289768528927,30.237135385566592,30.244893089414816,0.5110792278301648,36.29919420682885,0.2001759801072973,0.25904805034931,0.25904805034931,45.87289768528927,45.535169053787286,0.16726064157154497,1,0.003729954645009803,1.0037299546450098,164,128,0,1,9859.151415030705,3596.453142184939,0.6352167655421145,0.7205389218168471,0.023734604580463475,0.7205571666379244,0.015618802172520695,0.015618802172520695,0.01567686616040838,0.1412830000044778,0.19369654200272635,0.5069840410142206,0.5554094684921438
endpoints,40.0,8.888587416217251e-05,0.05,3.5999999999999996,2.0,0.0,0.0,74613,0 3 5 10 18 19 20 23,0 1 3 4 19 20 22 23,62.39124567411486,62.419362791635926,57.224312309284805,57.24626633388836,0.08987449609758746,59.96079493749492,0.04741843927032896,0.04053399790902579,0.04053399790902579,62.419362791635926,62.06446212217222,0.32678355194263986,1,0.00045065805654731506,1.0004506580565473,12,12,0,1,9968.961364462524,9688.755891523637,0.02810779003896713,0.7186114733853152,0.012464098266218616,0.7189111272628437,0.011428551906525593,0.011428551906525593,0.011433331780035492,0.09707362501649186,0.19103479199111462,0.4954112080158666,0.5431707400130108
endpoints,40.0,8.888587416217251e-05,0.05,4.799999999999999,2.0,0.0,0.0,74613,0 2 6 10 12 17 18 23,0 2 4 7 10 17 19 23,156.54350531119235,157.44428544106034,147.03311510533274,147.11165062294955,0.06411358072799311,148.83090562519962,0.011686735856540453,0.05182122391578625,0.05182122391578625,157.44428544106023,156.77862969536758,-0.2351243841752364,0,0.005754183976379057,1.00575418397638,10,10,0,1,9947.298418759596,9472.826419861141,0.04769857894316798,0.7193360473521017,0.004800842738806599,0.719711571361532,0.004482328440446647,0.004505805182700059,0.004508451993033655,0.12648816598812118,0.20048345800023526,0.4804502089973539,0.5305719065072481
endpoints,40.0,8.888587416217251e-05,0.05,6.0,2.0,0.0,0.0,74613,0 1 3 7 12 14 21 23,0 4 10 12 13 14 16 23,282.1551820511392,286.67659343211386,207.3964185967086,207.5017504963672,0.3597725386710846,263.99825664740104,0.27227002189566063,0.068776686764219,0.068776686764219,286.67659343211363,275.8915703049548,6.263611746184381,1,0.016024555523332262,1.0160245555233332,14,14,0,1,9991.632450363524,9884.267231414116,0.010745513256495087,0.719753300263174,0.0033797754674479304,0.7301479845938281,0.002458053783004955,0.002458053783004956,0.0024597214768120788,0.0804661670117639,0.2228379589796532,0.4340904580021743,0.4898008647505776
endpoints,40.0,8.888587416217251e-05,0.05,-6.0,4.0,0.0,0.0,74613,0 5 10 16 17 19 22 23,0 2 6 7 10 14 18 23,27.641949738229375,28.361889604369363,21.603902290497242,22.103773400571473,0.2505534343522866,27.641949738229375,0.2505534343522866,0.0,0.0,29.700265648182146,29.700265648182146,-2.0583159099527712,0,0.07446348500902156,1.0260451912024244,12,12,0,1,9979.18942078304,8053.926928999993,0.1929277429861609,0.731071719929703,0.03298563523501649,0.7333803347554463,0.02576906452990623,0.024125883725077697,0.02595320603703881,0.09088874998269603,0.23359770799288526,0.628241792001063,0.6866420519800158
endpoints,40.0,8.888587416217251e-05,0.05,-4.8,4.0,0.0,0.0,74613,0 3 8 11 19 20 22 23,0 7 14 15 19 20 22 23,22.52593958794999,22.74124282587697,16.98484621208799,17.13954761503546,0.3142668694586419,22.52593958794999,0.3142668694586419,0.0,0.0,23.82783623047644,23.82783623047644,-1.3018966425264509,0,0.05779544233630496,1.0095580136440638,12,12,0,1,9956.213044700655,8542.046870703187,0.14203856101192802,0.7180538518846684,0.041805676806988434,0.7179939150332789,0.031483439373439635,0.029990800273468145,0.031745997902439885,0.15354679198935628,0.20912433299236,0.6362218339927495,0.6885035002487712
endpoints,40.0,8.888587416217251e-05,0.05,-3.6,4.0,0.0,0.0,74613,0 1 2 5 6 7 11 23,0 4 17 18 19 20 21 23,19.747215508872248,20.470694766178365,13.871390338868737,13.873640767762355,0.42336217575692836,19.747215508872248,0.42336217575692836,0.0,0.0,21.231213529366567,21.231213529366567,-1.4839980204943188,0,0.07514973540586367,1.0366370264699376,109,109,0,1,9947.910047369181,8053.854290818329,0.1903973545731602,0.7215122777346984,0.051917093652945716,0.7386117565346084,0.03599253515092883,0.03398848382683078,0.03621680618520987,0.13099358300678432,0.19184037498780526,0.5840310830099043,0.6319920107562211
endpoints,40.0,8.888587416217251e-05,0.05,-2.4000000000000004,4.0,0.0,0.0,74613,0 2 11 17 18 20 22 23,0 4 5 9 11 15 17 23,18.648458043010333,19.511227950734174,13.344422028740857,13.346439680451162,0.3972608792684358,18.648458043010333,0.3972608792684358,0.0,0.0,20.226922970101466,20.226922970101466,-1.578464927091133,0,0.08464318730538478,1.0462649461812858,22,22,0,1,9989.32582658163,9333.213636311131,0.06568132841603602,0.7175693378194611,0.0536759649025211,0.7497918050822227,0.038339848953571176,0.03552276743695125,0.038499236424960066,0.15996066702064127,0.1877245419891551,0.6082503749930765,0.6551822604960762
endpoints,40.0,8.888587416217251e-05,0.05,-1.2000000000000002,4.0,0.0,0.0,74613,0 4 6 13 20 21 22 23,0 2 4 8 9 18 19 23,19.969415426122143,20.58416354121831,16.388736457930822,16.390778584372512,0.21833232773711053,19.969415426122143,0.21833232773711053,0.0,0.0,20.88990636301483,20.88990636301483,-0.920490936892687,0,0.046095036697398006,1.0307844822684198,11,11,0,1,9887.012226261377,9151.686030097811,0.07437294294128916,0.717834416605292,0.043706130507164466,0.730680593714741,0.03540833470765091,0.034653298902820186,0.03594679800705729,0.11021841698675416,0.18031008300022222,0.6093852920166682,0.6544638957493589
endpoints,40.0,8.888587416217251e-05,0.05,0.0,4.0,0.0,0.0,74613,0 1 10 11 12 13 14 23,0 1 2 3 4 5 6 23,2.256580878741954,2.619233796860225,2.248432127580243,2.506233753864188,-0.09961276546423958,2.256580878741954,-0.09961276546423958,0.0,0.0,2.6691356329979414,2.6691356329979414,-0.41255475425598753,0,0.18282294162041612,1.16070902733185,74613,74613,0,1,2.827489405271096,2.793171386043776,0.012137275974701489,0.730486269604985,0.29137884672607867,0.7221924479877703,0.2756377212173811,0.3142841969535322,0.31993834565672313,2.3292750410037115,0.18828112501068972,2.768251415982377,2.815322281232511
endpoints,40.0,8.888587416217251e-05,0.05,1.1999999999999993,4.0,0.0,0.0,74613,0 3 8 10 11 19 20 23,0 1 5 10 13 15 21 23,37.31572271375151,37.75743668518042,28.63663192353075,28.640222000831336,0.3029131796767621,34.94130060656487,0.22000802247799034,0.06795460002826936,0.06795460002826936,37.75743668518042,35.513277355434084,1.8024453583174278,1,0.011837207999890298,1.0118372079998903,6,6,0,1,9892.911730289425,6949.161620894704,0.2975615460493549,0.7189209239882302,0.02501290712057656,0.71931385837717,0.018962032872647156,0.019184033702690957,0.019186543330520403,0.10965137497987598,0.20634087498183362,0.48743300000205636,0.5390190937541774
endpoints,40.0,8.888587416217251e-05,0.05,2.4000000000000004,4.0,0.0,0.0,74613,0 1 9 11 12 13 18 23,0 2 6 8 11 14 22 23,60.45427037902746,60.518903407186635,50.53142840500357,50.54476534334082,0.19605403187398918,60.45427037902746,0.19605403187398918,0.0,0.0,60.518903407186635,60.42794887512736,0.026321503900099685,1,0.0010691226236616558,1.0010691226236617,1,1,0,1,9984.816836750608,7073.335896824641,0.29159082109646983,0.7194219068423623,0.01414447542359969,0.7194430635538829,0.011799020598849843,0.011808507259994954,0.011811316297456527,0.1306402909976896,0.19142145800287835,0.4779635829909239,0.5258194474954507
endpoints,40.0,8.888587416217251e-05,0.05,3.5999999999999996,4.0,0.0,0.0,74613,0 1 6 7 12 14 20 23,0 3 5 6 7 9 14 23,106.96724933247087,107.01202909669347,87.22123296839864,87.25192782729069,0.22595857760536053,100.9860576969627,0.1574077526041351,0.05922789513634075,0.05922789513634075,108.15379611579795,108.15379611579795,-1.1865467833270742,0,0.0110926175136008,1.0004186306042462,17,17,0,1,9990.710058387393,9575.162568744374,0.04159338897981113,0.7196487509853827,0.008159055104401408,0.7207704648008678,0.006646529488811621,0.00664652948881162,0.006649064265467645,0.09404154200456105,0.20815204200334847,0.47993270799634047,0.5319716764788609
endpoints,40.0,8.888587416217251e-05,0.05,4.799999999999999,4.0,0.0,0.0,74613,0 1 11 12 18 19 22 23,0 3 5 8 12 13 20 23,161.75041533776482,161.81760776094768,110.7705858804846,110.80154253961796,0.4598209702715077,152.33244847117462,0.3748224526450701,0.0618250869142456,0.0618250869142456,164.04069160121804,164.04069160121804,-2.2902762634532223,0,0.014159322303257671,1.0004154080411019,15,15,0,1,9970.318639722514,9236.115818899649,0.07363885221258082,0.718054142792416,0.0063916569624654865,0.7196028930460885,0.004358114072278477,0.0043581140722784755,0.0043598156726172965,0.10583041599602439,0.2053549580159597,0.42697429098188877,0.47831365549063776
endpoints,40.0,8.888587416217251e-05,0.05,6.0,4.0,0.0,0.0,74613,0 1 7 9 18 19 21 23,0 5 12 13 16 19 22 23,264.753842933495,264.8873156988128,177.52312335238042,177.58510382126386,0.4908561429790015,240.64268413331072,0.35508372580345005,0.10019485481980084,0.10019485481980084,264.8873156988128,264.08048969085155,0.6733532426434294,1,0.0005041391046072263,1.0005041391046072,8,8,0,1,9964.306662886069,9526.557282193233,0.043931745128169886,0.7185975146421253,0.003957610702292689,0.7178336563127176,0.0026210727149041393,0.0026210727149041393,0.0026223492616575597,0.09520195799996145,0.21095645800232887,0.4691885829961393,0.5219285314960871
endpoints,40.0,8.888587416217251e-05,0.08,0.0,0.0,0.0,0.0,74613,0 10 11 12 13 14 15 23,0 1 2 3 4 5 6 23,0.5693599025831666,0.9998243481482221,0.5609804445614927,0.9998217827250093,-0.43053860955961676,0.5693599025831666,-0.43053860955961676,0.0,0.0,0.9998243516441084,0.9998243052894953,-0.4304644027063287,0,0.7560498150781942,1.7560498089381653,74613,74613,0,1,0.999899991508244,0.9998999577324418,3.377918045277539e-08,0.498661160476983,0.498661160476983,0.5059454841739994,0.5059454841739994,0.8881933200451229,0.888410176689632,1.024238084006356,0.2549251249874942,1.232387583993841,1.2961191562499152
endpoints,40.0,8.888587416217251e-05,0.08,-6.0,1.0,0.0,0.0,74613,0 1 4 5 14 17 18 23,0 1 2 4 11 19 20 23,5.917520484226194,6.819993327442957,4.160219979511124,4.480360574261793,0.3207688055779294,5.881564831336304,0.31274363610910494,0.006113280040427771,0.006113280040427771,7.961072622228043,7.961072622228043,-2.043552138001849,0,0.34533925880766514,1.152508613298831,10644,9896,0,1,9966.215448054392,4485.771138938166,0.5499022510281093,0.5116166601623194,0.11410207078709182,0.5664348411094149,0.08296615742480103,0.06484545732719099,0.08456272105569175,0.4251170000061393,0.20082945900503546,1.0445266669848934,1.0947348647459876
endpoints,40.0,8.888587416217251e-05,0.08,-4.8,1.0,0.0,0.0,74613,0 6 9 13 14 15 17 23,0 5 7 9 18 20 22 23,4.339104604461146,4.877131111650072,3.5701617511643002,4.099734953196327,0.058386616207517505,4.339104604461146,0.058386616207517505,0.0,0.0,5.784617537745772,5.784617537745772,-1.4455129332846264,0,0.33313622626162487,1.123994822949363,12584,12584,0,1,9962.039083309624,4754.128698645898,0.5227755423474544,0.5652671053329125,0.1377900530782709,0.5304828428552831,0.10868055884880444,0.08930483545017243,0.11460636712954743,0.5312338329968043,0.18687158299144357,1.1238825409964193,1.1706013537477702
endpoints,40.0,8.888587416217251e-05,0.08,-3.6,1.0,0.0,0.0,74613,0 3 5 8 10 15 16 23,0 4 5 7 8 14 22 23,3.1356230452042713,3.521928406499181,2.6488655963876115,3.0434354647480504,0.0302906309412585,3.1356230452042713,0.0302906309412585,0.0,0.0,3.952218042729634,3.952218042729634,-0.8165949975253626,0,0.2604251167162108,1.1231989163639227,1169,1169,0,1,9888.807610313816,4311.701670259221,0.5639816406416677,0.5692236129191303,0.1869443597827334,0.5477415157212309,0.15543429702485917,0.12944526589659652,0.1595506488956336,0.22329066699603572,0.201208458020119,0.8610384580097161,0.9113414065141114
endpoints,40.0,8.888587416217251e-05,0.08,-2.4000000000000004,1.0,0.0,0.0,74613,0 1 3 6 14 21 22 23,0 1 2 8 11 12 17 23,2.5095852931354408,2.688135924193651,2.156609368985669,2.5040001693018716,0.0022304806133963684,2.5095852931354408,0.0022304806133963684,0.0,0.0,3.1489959109532166,3.1489959109532166,-0.6394106178177759,0,0.25478736250438616,1.071147464701282,2846,2846,0,1,9965.578507708871,2607.308539224839,0.7383685716581374,0.5746595910389346,0.22940774039769338,0.5018725152037506,0.18661019830786085,0.16274520160863043,0.1998663054473673,0.24689254100667313,0.2152154170034919,0.8436242080060765,0.8974287292585359
endpoints,40.0,8.888587416217251e-05,0.08,-1.2000000000000002,1.0,0.0,0.0,74613,0 1 2 3 7 13 21 23,0 6 7 13 20 21 22 23,2.2530548930734273,2.3805794455036566,1.7286023342989736,1.8338805686395085,0.2285723135966753,2.2530548930734273,0.2285723135966753,0.0,0.0,2.405533235139941,2.405533235139941,-0.15247834206651367,0,0.06767626591579212,1.0566007303338585,88,88,0,1,9979.452000346384,7807.123803625034,0.21768010875205857,0.514051012140635,0.28021890566429736,0.49663860314916713,0.20853200434111643,0.2064935624729817,0.22030934339018265,0.1959693749959115,0.23807029199087992,0.6850416249944828,0.7445604899985483
endpoints,40.0,8.888587416217251e-05,0.08,0.0,1.0,0.0,0.0,74613,0 1 10 11 12 13 14 23,0 1 2 3 4 5 6 23,0.6325807174665901,1.0946619158662128,0.625693153275376,1.0810708159439686,-0.4148572802659244,0.6325807174665901,-0.4148572802659244,0.0,0.0,1.1000938588432727,1.1000938588432727,-0.46751314137668265,0,0.7390568957729484,1.730469939473025,74613,74613,0,1,1.1112857420127809,1.1110383341971464,0.00022263204347994225,0.5253718014836776,0.48588464493929695,0.5059454841739994,0.46210448802579823,0.7994095674549302,0.799612600020837,2.194230207998771,0.22377000001142733,2.629303499998059,2.685247207984503
endpoints,40.0,8.888587416217251e-05,0.08,1.1999999999999993,1.0,0.0,0.0,74613,0 2 6 8 15 17 21 23,0 1 2 3 14 20 21 23,5.14726583733042,5.149392022194294,3.9752008213788677,3.976566913668621,0.29439940256952934,5.14726583733042,0.29439940256952934,0.0,0.0,5.149392022194296,5.10301856831992,0.04424726901050047,1,0.00041307073134944083,1.000413070731349,1,1,0,1,9862.91591033057,2499.396063554136,0.7465864977175533,0.4993956371245013,0.1254957322063064,0.5004274575684955,0.09709296693712369,0.09709296693712369,0.09711958905520882,0.1630740000109654,0.24939995797467418,0.5107928330253344,0.5731434895205894
endpoints,40.0,8.888587416217251e-05,0.08,2.4000000000000004,1.0,0.0,0.0,74613,0 3 8 14 18 21 22 23,0 3 7 9 10 18 20 23,12.930558872714277,13.03986106440217,10.866826619786464,11.088748791098965,0.1660971960239328,12.196018805364488,0.09985527088090751,0.060227856243276534,0.060227856243276534,13.445274851920548,13.445274851920548,-0.5147159792062705,0,0.03980616648305979,1.0084530137300205,22,22,0,1,9995.653449715912,8990.69438144661,0.10053960687261154,0.4970455740641338,0.04473542960344307,0.49968925378984264,0.03823125046179591,0.038231250461795895,0.03854983481849022,0.09864616702543572,0.20084012500592507,0.45303308399161324,0.5032435732500744
endpoints,40.0,8.888587416217251e-05,0.08,3.5999999999999996,1.0,0.0,0.0,74613,0 3 11 12 20 21 22 23,0 5 9 12 14 15 20 23,26.30022151195099,26.323878143685107,20.332022096880632,20.346509102346435,0.2926159165514026,26.30022151195099,0.2926159165514026,0.0,0.0,26.323878143685107,25.701695268150107,0.5985262438008832,1,0.0008994841250049568,1.000899484125005,1,1,0,1,9981.607034080527,7109.5351183045295,0.2877364242020136,0.4966302597162916,0.024319736618185588,0.4986194093088395,0.018852829574724086,0.018852829574724086,0.018867311420058208,0.08762337500229478,0.19352925001294352,0.4751873329805676,0.5235702704885625
endpoints,40.0,8.888587416217251e-05,0.08,4.799999999999999,1.0,0.0,0.0,74613,0 3 4 5 6 7 8 23,0 3 7 9 10 18 20 23,47.983137523201535,48.03000950242269,43.268771016353746,43.30195345228138,0.10810560950971415,43.268771016353746,-0.0007663034408875724,0.10895540585301022,0.10895540585301022,48.54589092305539,48.54589092305539,-0.5627533998538539,0,0.011728149281229117,1.0009768427335226,79,79,0,1,9967.416606207691,7426.4018503304105,0.25493213098916123,0.5043653447256075,0.011558749036383296,0.49971445264616027,0.010315327196438075,0.010298335351890824,0.010323527287464059,0.06705445901025087,0.20261962499353103,0.44986712498939596,0.5005229062444414
endpoints,40.0,8.888587416217251e-05,0.08,6.0,1.0,0.0,0.0,74613,0 1 2 5 9 11 14 23,0 7 8 11 12 19 22 23,78.56751754334317,78.63672842935556,49.91018693788881,49.93758180736345,0.5733144197174191,69.33572670483426,0.3884478221692844,0.133146233222724,0.133146233222724,78.63672842935556,76.78659234320791,1.7809252001352576,1,0.000880909670770702,1.0008809096707707,35,35,0,1,9987.336120089252,8619.685951954334,0.13693843400182837,0.5031068144299181,0.009985827322217183,0.4980537481459239,0.006244716223658539,0.006244716223658539,0.006249402065158899,0.08631816701381467,0.20592675000079907,0.4218911660136655,0.4733733125103754
endpoints,40.0,8.888587416217251e-05,0.08,-6.0,2.0,0.0,0.0,74613,0 2 5 9 12 18 21 23,0 1 4 12 15 17 18 23,6.552370546016002,7.376622269423116,6.150190555894188,6.950066389033541,-0.05722187685071045,6.552370546016002,-0.05722187685071045,0.0,0.0,8.347659683668747,8.347659683668747,-1.7952891376527447,0,0.2739907831898065,1.1257944308275238,7404,7404,0,1,9951.189836619353,7156.177006269994,0.2808722249538441,0.5540956179047497,0.07963634074799689,0.5467813660584872,0.07403465550939953,0.06082885705774409,0.07615912247229462,0.31822208300582133,0.2162500410049688,1.0360841669898946,1.0901472192417714
endpoints,40.0,8.888587416217251e-05,0.08,-4.8,2.0,0.0,0.0,74613,0 6 7 10 11 17 22 23,0 1 4 6 16 20 21 23,4.994602442010659,5.535037008001495,4.8239756167162025,5.474400148189617,-0.08764388667087619,4.994602442010659,-0.08764388667087619,0.0,0.0,6.346889451858554,6.346889451858554,-1.3522870098478954,0,0.2707496793885982,1.1082037203692383,5337,5337,0,1,9560.866049723994,2675.1679095504705,0.7201960684693729,0.5535374209997342,0.10102491765055623,0.5258614790288548,0.0949170695094541,0.08003642668135826,0.09990337218624772,0.23923700000159442,0.2062349159969017,0.8377542920061387,0.8893136040132958
endpoints,40.0,8.888587416217251e-05,0.08,-3.6,2.0,0.0,0.0,74613,0 1 3 8 19 20 22 23,0 7 8 9 20 21 22 23,3.024338857922851,3.0809018717273067,2.7387215510473957,2.821346956485427,0.07194857795522336,3.024338857922851,0.07194857795522336,0.0,0.0,3.228229263603357,3.228229263603357,-0.20389040568050598,0,0.06741652151390864,1.0187026045895213,428,428,0,1,8978.774677965208,1146.6428289565713,0.8722940634905847,0.4987863353905525,0.17670125836669162,0.49691727649968925,0.1612006641305878,0.16120066413058787,0.164194342481793,0.1814944999932777,0.2280172089813277,0.6162919999915175,0.6732968862343114
endpoints,40.0,8.888587416217251e-05,0.08,-2.4000000000000004,2.0,0.0,0.0,74613,0 1 3 8 14 17 20 23,0 16 17 19 20 21 22 23,3.155558369717849,3.55026117054047,3.126716214153899,3.548206289991397,-0.11066096167551187,3.155558369717849,-0.11066096167551187,0.0,0.0,3.71857070326197,3.71857070326197,-0.5630123335441213,0,0.17841924235882933,1.125081761950711,925,925,0,1,9902.980049364898,5657.857797643306,0.4286711909506312,0.5271903885194983,0.14849052170046803,0.5373811735079639,0.1512749568670625,0.13539657889312534,0.15614367932308118,0.18782683301833458,0.19826708399341442,0.728996541001834,0.778563979001774
endpoints,40.0,8.888587416217251e-05,0.08,-1.2000000000000002,2.0,0.0,0.0,74613,0 8 10 11 15 16 17 23,0 1 2 3 15 21 22 23,2.991816339041451,3.295890174024198,2.6727623617545486,2.744552887044886,0.09009243478736462,2.991816339041451,0.09009243478736462,0.0,0.0,3.4757617142255657,3.4757617142255657,-0.48394537518411473,0,0.16175637818034194,1.1016351943181677,291,291,0,1,9904.057496949616,6002.545487940299,0.3939306703551506,0.49836776822699985,0.181495433589837,0.5196543606640649,0.15757849174648839,0.1453217050400346,0.16701047519931192,0.20853266699123196,0.18751679098932073,0.733247832977213,0.7801277397229569
endpoints,40.0,8.888587416217251e-05,0.08,0.0,2.0,0.0,0.0,74613,0 1 10 11 12 13 14 23,0 1 2 3 4 5 6 23,0.8222347323089121,1.3776686831720424,0.8133233741719489,1.3252947579647891,-0.37958350218513615,0.8222347323089121,-0.37958350218513615,0.0,0.0,1.3993661971058708,1.3993661971058708,-0.5771314647969588,0,0.7019059668962409,1.67551750009808,74613,74613,0,1,1.4487335147852305,1.4455564604961821,0.002192987362150789,0.5253718014836776,0.39632994723921516,0.5059454841739994,0.36715868994288736,0.6133585054801393,0.6151560312141859,2.255694500025129,0.18759862499427982,2.701725457998691,2.7486256562478957
endpoints,40.0,8.888587416217251e-05,0.08,1.1999999999999993,2.0,0.0,0.0,74613,0 7 8 10 15 16 17 23,0 1 11 17 20 21 22 23,6.432699717910458,6.47292814076957,5.28934832580294,5.291020617355254,0.21577672496877898,6.235980623558772,0.17859692383430215,0.03154581552234226,0.03154581552234226,6.9271453405870895,6.9271453405870895,-0.49444562267663184,0,0.07686440287270924,1.0062537386514567,27,27,0,1,9632.774285492647,8308.830745791904,0.13744156153379994,0.4989086225823801,0.09420457065592454,0.49619635486746716,0.07656828443214593,0.07526999981591742,0.07703666655389921,0.175773290975485,0.1798441660066601,0.6049612910137512,0.6499230825211271
endpoints,40.0,8.888587416217251e-05,0.08,2.4000000000000004,2.0,0.0,0.0,74613,0 1 2 9 10 11 14 23,0 1 2 3 11 12 17 23,13.402962905663692,13.582191836755356,8.603824892809627,8.607228767198508,0.5571751684748243,12.291112763759624,0.4279988479683632,0.09045968117568326,0.09045968117568326,13.582191836755346,13.509032920633539,-0.10607001496984658,0,0.013372336576110033,1.013372336576111,44,44,0,1,9859.151415030705,3596.453142184939,0.6352167655421145,0.5024327812592307,0.05828446457911772,0.5025528460808529,0.03691197909086306,0.03691197909086307,0.0374005158024306,0.13358137500472367,0.19632016698597,0.49740837499848567,0.546488999723806
endpoints,40.0,8.888587416217251e-05,0.08,3.5999999999999996,2.0,0.0,0.0,74613,0 3 5 10 18 19 20 23,0 1 3 4 19 20 22 23,17.59915076559528,17.608724387227358,16.015758695022317,16.023837171263434,0.09831063418173991,17.330622943678925,0.0815526118025609,0.015494412566069649,0.015494412566069649,17.608724387227348,17.442954580300224,0.1561961852950553,1,0.000543982022745304,1.000543982022746,3,3,0,1,9968.961364462524,9688.755891523637,0.02810779003896713,0.4985658665767296,0.031025126409414912,0.49931830513121217,0.028267416044754627,0.028267416044754634,0.028278865963588126,0.09361875001923181,0.19685395798296668,0.46679079200839624,0.5160049475161941
endpoints,40.0,8.888587416217251e-05,0.08,4.799999999999999,2.0,0.0,0.0,74613,0 2 6 10 12 17 18 23,0 2 7 8 10 19 22 23,43.92811638451055,43.97920697937221,41.37919279865033,41.42320524645528,0.06047120504441472,42.20912238314139,0.01897287117233315,0.04072565133587669,0.04072565133587669,44.594900631032765,44.594900631032765,-0.6667842465222122,0,0.015178985611077334,1.0011630499795268,18,18,0,1,9947.298418759596,9470.512017092453,0.04793124540910243,0.49996945354884353,0.011980905697353833,0.49953223539511926,0.011269487086710392,0.011191359090256876,0.01128095152348933,0.11979625001549721,0.2776736250089016,0.4851960410014726,0.5546154062540154
endpoints,40.0,8.888587416217251e-05,0.08,6.0,2.0,0.0,0.0,74613,0 1 3 7 12 14 21 23,0 4 10 12 13 14 16 23,80.53765979319941,81.98103412488067,58.338916294488264,58.37667106652328,0.3796206313549897,75.17226674839323,0.28771074771856187,0.071374634248619,0.071374634248619,82.03085659143609,82.03085659143609,-1.4931967982366814,0,0.01854035493545303,1.017921731713927,35,35,0,1,9991.632450363524,9884.267231414116,0.010745513256495087,0.5008952582507645,0.008491515322061712,0.4994600502028847,0.006003499462695906,0.006090715665530551,0.006111856192155221,0.08618008298799396,0.2164431250130292,0.4175880000111647,0.4716997392461053
endpoints,40.0,8.888587416217251e-05,0.08,-6.0,4.0,0.0,0.0,74613,0 5 10 16 17 19 22 23,0 2 6 7 10 14 18 23,8.655738826082928,9.921425802578698,7.04068549309238,7.659118359277772,0.13012208717181029,8.655738826082928,0.13012208717181029,0.0,0.0,10.675655820268664,10.675655820268664,-2.0199169941857367,0,0.2333615922073553,1.1462251809957331,4480,4480,0,1,9979.18942078304,8053.926928999993,0.1929277429861609,0.532822104064552,0.06947814247958105,0.5565198372192849,0.056003841954799544,0.046708557443268475,0.0577918562480574,0.2920410000078846,0.23607949999859557,0.7944792500056792,0.8534997910173843
endpoints,40.0,8.888587416217251e-05,0.08,-4.8,4.0,0.0,0.0,74613,0 3 8 11 19 20 22 23,0 1 15 16 18 19 22 23,7.0089212088722554,7.761592445867213,5.536331651211248,5.925769609701029,0.18278665397284555,7.0089212088722554,0.18278665397284555,0.0,0.0,8.562390453059473,8.562390453059473,-1.5534692441872178,0,0.2216417046065171,1.1073876013960875,1000,1000,0,1,9956.213044700655,1765.9319655818667,0.8226301548939021,0.51339030810018,0.08654801395733194,0.5294737785194269,0.06812827216553288,0.05772456767367991,0.07071856253908798,0.167219249997288,0.20463820899021812,0.7102410409715958,0.7614013022466679
endpoints,40.0,8.888587416217251e-05,0.08,-3.6,4.0,0.0,0.0,74613,0 1 2 5 6 7 11 23,0 2 3 5 6 9 11 23,6.169753764115836,6.681664825432603,4.640546157160847,4.736511585060124,0.30259446289046066,6.169753764115836,0.30259446289046066,0.0,0.0,7.5046554967679215,7.5046554967679215,-1.3349017326520851,0,0.21636223805495503,1.0829710683583702,1779,1779,0,1,9947.910047369181,5023.18064695287,0.49505166180294347,0.5044756527953065,0.10641896145941566,0.5191467475106923,0.07760832897783848,0.0681561624210961,0.08157878151692108,0.14255495800171047,0.194320833979873,0.7050989160197787,0.753680166490085
endpoints,40.0,8.888587416217251e-05,0.08,-2.4000000000000004,4.0,0.0,0.0,74613,0 2 11 17 18 20 22 23,0 2 4 5 7 9 11 23,5.6822322217124785,6.332924955784359,4.2488904686543645,4.361428207282905,0.30283749993271414,5.6822322217124785,0.30283749993271414,0.0,0.0,6.669858251148161,6.669858251148161,-0.9876260294356829,0,0.17380951550375712,1.1145135764753695,450,450,0,1,9989.32582658163,5109.030873193978,0.48855098313053025,0.49649359497818696,0.11374850210556431,0.5419317406676639,0.08548480155326818,0.07496866947048686,0.08853895732750146,0.15744862498831935,0.19315649999771267,0.6953653750242665,0.7436549999983981
endpoints,40.0,8.888587416217251e-05,0.08,-1.2000000000000002,4.0,0.0,0.0,74613,0 4 6 13 20 21 22 23,0 7 8 11 15 19 22 23,5.8353207007165055,6.1672048188024355,4.940527556488512,5.156059239631043,0.13174042995170643,5.724258719095804,0.11020033965036835,0.01940198496797585,0.01940198496797585,6.853603676816116,6.853603676816116,-1.0182829760996102,0,0.17450334408776835,1.0568750433965315,685,666,0,1,9887.012226261377,5084.3520277710695,0.4857544512520907,0.49704347868392873,0.09631099154840525,0.5013548245093271,0.08120480214813405,0.0759575116565595,0.08517946148702277,0.17274841698235832,0.183600500022294,0.6566725409938954,0.7025735830029589
endpoints,40.0,8.888587416217251e-05,0.08,0.0,4.0,0.0,0.0,74613,0 1 10 11 12 13 14 23,0 1 2 3 4 5 6 23,1.5807243853589088,2.494561568262784,1.5637191807512538,2.296704781839751,-0.3117424590840594,1.5807243853589088,-0.3117424590840594,0.0,0.0,2.582325713092921,2.582325713092921,-1.0016013277340123,0,0.6336343875068362,1.578112915425408,74613,74613,0,1,2.827489405271096,2.793171386043776,0.012137275974701489,0.5253718014836776,0.22866136781008978,0.5059454841739994,0.2027305155833615,0.3143384437846607,0.31993890922542184,2.2305489590216894,0.19737716601230204,2.689659916999517,2.739004875504179
endpoints,40.0,8.888587416217251e-05,0.08,1.1999999999999993,4.0,0.0,0.0,74613,0 3 8 10 11 19 20 23,0 1 5 10 13 15 21 23,10.519010481017036,11.293540870743602,8.418313652941153,8.435478178557721,0.24699634784848112,10.30858308922665,0.2220508275903319,0.02041283365221158,0.02041283365221158,11.293540870743605,11.087504152721474,-0.568493671704438,0,0.0736314875932782,1.073631487593278,39,39,0,1,9892.911730289425,6949.161620894704,0.2975615460493549,0.49914014979580207,0.059082644088961266,0.49997207836883373,0.04418173607612737,0.0452149403678987,0.0474324627345306,0.1407021250051912,0.19697508399258368,0.6014567090023775,0.6507011050052824
endpoints,40.0,8.888587416217251e-05,0.08,2.4000000000000004,4.0,0.0,0.0,74613,0 1 9 11 12 13 18 23,0 2 6 8 11 14 22 23,17.465114392668422,17.596092738593313,14.257776850202502,14.52754437362241,0.2022069211077231,17.465114392668422,0.2022069211077231,0.0,0.0,17.596092738593313,17.50187116106706,-0.036756768398639394,0,0.007499426741795379,1.0074994267417954,2,2,0,1,9984.816836750608,7073.335896824641,0.29159082109646983,0.5001185682943984,0.03433665470119213,0.5002276993331616,0.02833945368760984,0.02833945368760984,0.028548583799894348,0.101929290976841,0.198110875004204,0.4633494590234477,0.5128779687584029
endpoints,40.0,8.888587416217251e-05,0.08,3.5999999999999996,4.0,0.0,0.0,74613,0 1 6 7 12 14 20 23,0 3 5 6 7 9 14 23,30.54128374631167,30.910816266260685,24.193398197411486,24.829666368682727,0.2300319824205499,28.77560120740584,0.15892017154527927,0.06136040481584826,0.06136040481584826,31.67410164707905,31.67410164707905,-1.1328179007673782,0,0.03709136492679965,1.0120994429382373,57,57,0,1,9990.710058387393,9575.162568744374,0.04159338897981113,0.5006389510755062,0.02007404920687276,0.5028745727792566,0.016179677480735278,0.01607148153942947,0.01637383860973616,0.11282054099137895,0.19515245899674483,0.4543973330000881,0.503187531758158
endpoints,40.0,8.888587416217251e-05,0.08,4.799999999999999,4.0,0.0,0.0,74613,0 1 11 12 18 19 22 23,0 1 6 7 11 14 18 23,46.86529626275983,47.105966240881806,31.244924266599792,31.25767654175075,0.49932117315764146,46.86529626275983,0.49932117315764146,0.0,0.0,48.051232169753725,48.051232169753725,-1.1859359069938975,0,0.025305204523720537,1.005135355952358,5,5,0,1,9970.318639722514,7490.268543546672,0.24874331360836677,0.49745868622015094,0.015825882632566003,0.5010614881082562,0.010548014885839658,0.010410512288008086,0.01060118969855764,0.12852404100704007,0.18779008300043643,0.5109714170102961,0.5579196047619916
endpoints,40.0,8.888587416217251e-05,0.08,6.0,4.0,0.0,0.0,74613,0 1 7 9 18 19 21 23,0 4 12 13 16 20 22 23,75.69640981899772,75.74477272501498,50.051879682893876,50.076111840098825,0.5116271419136669,72.25987710284737,0.44300095290115404,0.04755796513823496,0.04755796513823496,75.744772725015,75.65237228674029,0.04403753225743401,1,0.0006389062061584738,1.0006389062061583,6,6,0,1,9964.306662886069,9613.86068340771,0.03517013188520779,0.49856304859501577,0.009867219547660688,0.49694751787113106,0.00647193013983865,0.00647193013983865,0.00647503803154921,0.08506066698464565,0.22420737499487586,0.41488983400631696,0.47094263576582307
free,10.0,0.0888858741621725,0.0,0.0,0.0,0.0,0.0,735471,9 10 11 12 13 14 15 16,9 10 11 12 13 14 15 16,0.909090923099006,0.909090923099006,0.909090923099006,0.909090923099006,0.0,0.909090923099006,0.0,0.0,0.0,0.909090923099006,0.9090909090909091,1.400809690466076e-08,1,0.0,1.0,0,0,0,1,0.909090923099006,0.909090923099006,0.0,0.888858892281503,0.888858892281503,0.888858892281503,0.888858892281503,0.8883314216468101,0.888858892281503,0.068937999982154,0.18649212500895374,1.9100496659812052,1.956674114240741
free,10.0,0.0888858741621725,0.0,-6.0,1.0,0.0,0.0,735471,7 8 9 10 13 14 16 17,7 8 9 10 13 14 16 17,9.999281570166065,9.999281570166065,9.999281570166065,9.999281570166065,0.0,9.999281570166065,0.0,0.0,0.0,9.999281570166065,9.999259224111293,2.2346054771915647e-05,1,0.0,1.0,0,0,0,1,9.999281570166065,9.999281570166065,0.0,0.8888205142348287,2.56327184480931e-06,0.8888205142348287,2.56327184480931e-06,2.9989325569673225e-08,2.56327184480931e-06,0.029017915978329256,0.21611987499636598,0.7957373750105035,0.8497680937653058
free,10.0,0.0888858741621725,0.0,-4.8,1.0,0.0,0.0,735471,5 11 12 13 14 16 17 20,5 11 12 13 14 16 17 20,9.999067321370568,9.999067321370568,9.999067321370568,9.999067321370568,0.0,9.999067321370568,0.0,0.0,0.0,9.999067321370568,9.998824822966162,0.00024249840440582204,1,0.0,1.0,0,0,0,1,9.999067321370568,9.999067321370568,0.0,0.8887799730716243,4.1337907386611574e-07,0.8887799730716243,4.1337907386611574e-07,2.9026340416908032e-08,4.1337907386611574e-07,0.022742458007996902,0.2538966660213191,0.6640994580229744,0.7275753745125257
free,10.0,0.0888858741621725,0.0,-3.6,1.0,0.0,0.0,735471,6 7 9 10 11 12 16 19,6 7 9 10 11 12 16 19,9.99904944918715,9.99904944918715,9.99904944918715,9.99904944918715,0.0,9.99904944918715,0.0,0.0,0.0,9.99904944918715,9.998967379301005,8.206988614567479e-05,1,0.0,1.0,0,0,0,1,9.99904944918715,9.99904944918715,0.0,0.8887932444922129,1.8995216015289245e-06,0.8887932444922129,1.8995216015289245e-06,2.0195434275646523e-08,1.8995216015289245e-06,0.036357417004182935,0.10911133300396614,0.7202195420104545,0.7474979172620806
free,10.0,0.0888858741621725,0.0,-2.4000000000000004,1.0,0.0,0.0,735471,5 6 8 11 14 17 18 19,5 6 8 11 14 17 18 19,9.998604920336142,9.998604920336142,9.998604920336142,9.998604920336142,0.0,9.998604920336142,0.0,0.0,0.0,9.998604920336142,9.998439019033272,0.0001659013028696421,1,0.0,1.0,0,0,0,1,9.998604920336142,9.998604920336142,0.0,0.8887413516830814,6.61385949050394e-07,0.8887413516830814,6.61385949050394e-07,4.947148949559672e-08,6.61385949050394e-07,0.03187004098435864,0.10666954101179726,0.6500546669994947,0.6767224272261956
free,10.0,0.0888858741621725,0.0,-1.2000000000000002,1.0,0.0,0.0,735471,4 5 6 7 8 9 10 11,4 5 6 7 8 9 10 11,9.998623134431975,9.998623134431975,9.998623134431975,9.998623134431975,0.0,9.998623134431975,0.0,0.0,0.0,9.998623134431975,9.998533841145791,8.929328618378918e-05,1,0.0,1.0,0,0,0,1,9.998623134431975,9.998623134431975,0.0,0.8887479478097848,1.1591683696455162e-06,0.8887479478097848,1.1591683696455162e-06,9.581586495173375e-08,1.1591683696455162e-06,0.03464308299589902,0.13005933398380876,0.7474047910072841,0.7799202915048227
free,10.0,0.0888858741621725,0.0,0.0,1.0,0.0,0.0,735471,0 1 10 11 12 13 14 23,0 1 10 11 12 13 14 23,1.000214213978653,1.000214213978653,1.000214213978653,1.000214213978653,0.0,1.000214213978653,0.0,0.0,0.0,1.000214213978653,1.0002097476220162,4.46635663675643e-06,1,0.0,1.0,0,0,0,1,1.000214213978653,1.000214213978653,0.0,0.8886162561116422,0.7995400686935121,0.8886162561116422,0.7995400686935121,0.7994629520702349,0.7995400686935121,0.04668666599900462,0.18811558399465866,0.8269209999998566,0.8739501879972522
free,10.0,0.0888858741621725,0.0,1.1999999999999993,1.0,0.0,0.0,735471,7 8 9 10 13 14 15 16,7 8 9 10 13 14 15 16,9.999572130553593,9.999572130553593,9.999572130553593,9.999572130553593,0.0,9.999572130553593,0.0,0.0,0.0,9.999572130553593,9.999567416518115,4.7140354784147576e-06,1,0.0,1.0,0,0,0,1,9.999572130553593,9.999572130553593,0.0,0.8888313336167335,1.0623999348046537e-06,0.8888313336167335,1.0623999348046537e-06,2.332316106927085e-08,1.0623999348046537e-06,0.04001354199135676,0.16031541701522656,0.8580364999943413,0.8981160202311003
free,10.0,0.0888858741621725,0.0,2.4000000000000004,1.0,0.0,0.0,735471,2 8 10 11 14 15 18 19,2 8 10 11 14 15 18 19,9.998567084065312,9.998567084065312,9.998567084065312,9.998567084065312,0.0,9.998567084065312,0.0,0.0,0.0,9.998567084065312,9.998551411232171,1.5672833141522347e-05,1,0.0,1.0,0,0,0,1,9.998567084065312,9.998567084065312,0.0,0.8887386617060689,7.287113981690073e-07,0.8887386617060689,7.287113981690073e-07,1.902194844264195e-09,7.287113981690073e-07,0.04784708400256932,0.1576470409927424,1.0970052079937886,1.1364172602407052
free,10.0,0.0888858741621725,0.0,3.5999999999999996,1.0,0.0,0.0,735471,7 8 10 11 12 13 15 16,7 8 10 11 12 13 15 16,9.99885219508055,9.99885219508055,9.99885219508055,9.99885219508055,0.0,9.99885219508055,0.0,0.0,0.0,9.99885219508055,9.99880566536356,4.652971698959618e-05,1,0.0,1.0,0,0,0,1,9.99885219508055,9.99885219508055,0.0,0.8888395560806285,8.284761182604354e-06,0.8888395560806285,8.284761182604354e-06,5.145366705202342e-08,8.284761182604354e-06,0.050807249994250014,0.20043100000475533,1.0226922910078429,1.0728008750083973
free,10.0,0.0888858741621725,0.0,4.799999999999999,1.0,0.0,0.0,735471,8 9 12 14 15 16 18 22,8 9 12 14 15 16 18 22,9.998851992021947,9.998851992021947,9.998851992021947,9.998851992021947,0.0,9.998851992021947,0.0,0.0,0.0,9.998851992021947,9.998842206248032,9.785773915638174e-06,1,0.0,1.0,0,0,0,1,9.998851992021947,9.998851992021947,0.0,0.8887604826861448,3.783191407489392e-07,0.8887604826861448,3.783191407489392e-07,2.6948042187921765e-08,3.783191407489392e-07,0.05040358399855904,0.19543770799646154,1.0274841249920428,1.0763440519949654
free,10.0,0.0888858741621725,0.0,6.0,1.0,0.0,0.0,735471,6 7 8 9 13 14 18 20,6 7 8 9 13 14 18 20,9.998859530352652,9.998859530352652,9.998859530352652,9.998859530352652,0.0,9.998859530352652,0.0,0.0,0.0,9.998859530352652,9.998798733915365,6.079643728718054e-05,1,0.0,1.0,0,0,0,1,9.998859530352652,9.998859530352652,0.0,0.8887587153849636,1.3455582553527906e-07,0.8887587153849636,1.3455582553527906e-07,3.5055989265535155e-09,1.3455582553527906e-07,0.043721333000576124,0.20461229200009257,1.0305840829969384,1.081738114997279
free,10.0,0.0888858741621725,0.0,-6.0,2.0,0.0,0.0,735471,8 11 12 13 14 15 17 21,8 11 12 13 14 15 17 21,9.999098859527768,9.999098859527768,9.999098859527768,9.999098859527768,0.0,9.999098859527768,0.0,0.0,0.0,9.999098859527768,9.99897092941738,0.00012793011038780833,1,0.0,1.0,0,0,0,1,9.999098859527768,9.999098859527768,0.0,0.8887962319852758,1.7590607328785007e-06,0.8887962319852758,1.7590607328785007e-06,5.908690113083146e-09,1.7590607328785007e-06,0.04595062500447966,0.20736370800295845,1.0282285000139382,1.0800703440181678
free,10.0,0.0888858741621725,0.0,-4.8,2.0,0.0,0.0,735471,7 8 9 10 12 13 15 18,7 8 9 10 12 13 15 18,9.999046297876536,9.999046297876536,9.999046297876536,9.999046297876536,0.0,9.999046297876536,0.0,0.0,0.0,9.999046297876536,9.99900555786691,4.0740009625395146e-05,1,0.0,1.0,0,0,0,1,9.999046297876536,9.999046297876536,0.0,0.8888205686539958,4.6602123659717456e-06,0.8888205686539958,4.6602123659717456e-06,3.484330283557111e-08,4.6602123659717456e-06,0.038060209015384316,0.2031579589820467,0.9996010419854429,1.0503913227439625
free,10.0,0.0888858741621725,0.0,-3.6,2.0,0.0,0.0,735471,7 8 9 10 11 12 14 15,7 8 9 10 11 12 14 15,9.999560267499652,9.999560267499652,9.999560267499652,9.999560267499652,0.0,9.999560267499652,0.0,0.0,0.0,9.999560267499652,9.999385567875718,0.0001746996239333498,1,0.0,1.0,0,0,0,1,9.999560267499652,9.999560267499652,0.0,0.8888421908985933,2.2536275552493716e-06,0.8888421908985933,2.2536275552493716e-06,4.68790108546979e-09,2.2536275552493716e-06,0.04375495799467899,0.17351204200531356,1.001496208977187,1.0448750524883508
free,10.0,0.0888858741621725,0.0,-2.4000000000000004,2.0,0.0,0.0,735471,7 9 10 13 14 16 17 21,7 9 10 13 14 16 17 21,9.998928950964379,9.998928950964379,9.998928950964379,9.998928950964379,0.0,9.998928950964379,0.0,0.0,0.0,9.998928950964379,9.998844652262244,8.429870213433333e-05,1,0.0,1.0,0,0,0,1,9.998928950964379,9.998928950964379,0.0,0.8887770281944496,1.3489147280166948e-06,0.8887770281944496,1.3489147280166948e-06,5.838769426040064e-08,1.3489147280166948e-06,0.04484991598292254,0.20707950001815334,1.06570770801045,1.1174782500165747
free,10.0,0.0888858741621725,0.0,-1.2000000000000002,2.0,0.0,0.0,735471,4 7 9 10 12 13 15 20,4 7 9 10 12 13 15 20,9.998611985495465,9.998611985495465,9.998611985495465,9.998611985495465,0.0,9.998611985495465,0.0,0.0,0.0,9.998611985495465,9.99858379481043,2.8190685034346075e-05,1,0.0,1.0,0,0,0,1,9.998611985495465,9.998611985495465,0.0,0.888768453292305,3.309114626446552e-06,0.888768453292305,3.309114626446552e-06,1.5279810753526877e-07,3.309114626446552e-06,0.05153349999454804,0.19430850000935607,1.049939542019274,1.0985173339940957
free,10.0,0.0888858741621725,0.0,0.0,2.0,0.0,0.0,735471,0 1 10 11 12 13 14 23,0 1 10 11 12 13 14 23,1.265525897563779,1.265525897563779,1.265525897563779,1.265525897563779,0.0,1.265525897563779,0.0,0.0,0.0,1.265525897563779,1.2654747037870997,5.11937766793924e-05,1,0.0,1.0,0,0,0,1,1.265525897563779,1.265525897563779,0.0,0.8886162561116422,0.6132856561259766,0.8886162561116422,0.6132856561259766,0.6132856561259764,0.6132856561259766,0.07528758299304172,0.19498445899807848,1.0344841669721063,1.0832312817292404
free,10.0,0.0888858741621725,0.0,1.1999999999999993,2.0,0.0,0.0,735471,3 7 9 10 12 13 15 19,3 7 9 10 12 13 15 19,9.99894285927349,9.99894285927349,9.99894285927349,9.99894285927349,0.0,9.99894285927349,0.0,0.0,0.0,9.99894285927349,9.998769705902646,0.00017315337084333748,1,0.0,1.0,0,0,0,1,9.99894285927349,9.99894285927349,0.0,0.8887666328595016,1.8563116031311994e-07,0.8887666328595016,1.8563116031311994e-07,7.872232070147648e-08,1.8563116031311994e-07,0.04075975000159815,0.1991492079978343,1.0742458750028163,1.1240340929871309
free,10.0,0.0888858741621725,0.0,2.4000000000000004,2.0,0.0,0.0,735471,6 8 12 13 17 18 19 20,6 8 12 13 17 18 19 20,9.998539537280918,9.998539537280918,9.998539537280918,9.998539537280918,0.0,9.998539537280918,0.0,0.0,0.0,9.998539537280918,9.998299033415039,0.00024050386587859407,1,0.0,1.0,0,0,0,1,9.998539537280918,9.998539537280918,0.0,0.888734834237796,5.907984377008196e-07,0.888734834237796,5.907984377008196e-07,8.933353510832775e-08,5.907984377008196e-07,0.03991754198796116,0.22186737501760945,1.0323918749927543,1.0878596357506467
free,10.0,0.0888858741621725,0.0,3.5999999999999996,2.0,0.0,0.0,735471,8 9 11 12 13 14 16 17,8 9 11 12 13 14 16 17,9.99976509599525,9.99976509599525,9.99976509599525,9.99976509599525,0.0,9.99976509599525,0.0,0.0,0.0,9.99976509599525,9.999759447461983,5.648533267788025e-06,1,0.0,1.0,0,0,0,1,9.99976509599525,9.99976509599525,0.0,0.8888398055922181,1.9436639568668536e-07,0.8888398055922181,1.9436639568668536e-07,9.216844822335971e-08,1.9436639568668536e-07,0.04318029197747819,0.1987297080049757,1.1131807079946157,1.162863967976591
free,10.0,0.0888858741621725,0.0,4.799999999999999,2.0,0.0,0.0,735471,4 6 7 8 12 13 14 16,4 6 7 8 12 13 14 16,9.998790080813064,9.998790080813064,9.998790080813064,9.998790080813064,0.0,9.998790080813064,0.0,0.0,0.0,9.998790080813064,9.998726041662096,6.403915096875323e-05,1,0.0,1.0,0,0,0,1,9.998790080813064,9.998790080813064,0.0,0.8887771818491711,2.5988096392159976e-06,0.8887771818491711,2.5988096392159976e-06,1.6348747950469767e-08,2.5988096392159976e-06,0.039315750007517636,0.18820374997449107,1.0135008329816628,1.0605524784841691
free,10.0,0.0888858741621725,0.0,6.0,2.0,0.0,0.0,735471,6 7 8 11 12 15 16 17,6 7 8 11 12 15 16 17,9.999316563820562,9.999316563820562,9.999316563820562,9.999316563820562,0.0,9.999316563820562,0.0,0.0,0.0,9.999316563820562,9.99918386738762,0.00013269643294222533,1,0.0,1.0,0,0,0,1,9.999316563820562,9.999316563820562,0.0,0.8888011858333009,3.1922519894584e-07,0.8888011858333009,3.1922519894584e-07,1.0346702174723974e-08,3.1922519894584e-07,0.04426120800781064,0.1831764579983428,1.1415533749968745,1.1873484064999502
free,10.0,0.0888858741621725,0.0,-6.0,4.0,0.0,0.0,735471,5 7 8 12 13 14 15 17,5 7 8 12 13 14 15 17,9.999097457621536,9.999097457621536,9.999097457621536,9.999097457621536,0.0,9.999097457621536,0.0,0.0,0.0,9.999097457621536,9.99880898014261,0.00028847747892690734,1,0.0,1.0,0,0,0,1,9.999097457621536,9.999097457621536,0.0,0.8888002899492911,2.177356100043001e-06,0.8888002899492911,2.177356100043001e-06,5.970909750039858e-09,2.177356100043001e-06,0.04253333300584927,0.17856104200473055,1.0241884580173064,1.0688298434979515
free,10.0,0.0888858741621725,0.0,-4.8,4.0,0.0,0.0,735471,6 9 13 14 15 16 18 19,6 9 13 14 15 16 18 19,9.998969091807549,9.998969091807549,9.998969091807549,9.998969091807549,0.0,9.998969091807549,0.0,0.0,0.0,9.998969091807549,9.99882019400722,0.00014889780032945055,1,0.0,1.0,0,0,0,1,9.998969091807549,9.998969091807549,0.0,0.8887800307208605,1.292360730776426e-06,0.8887800307208605,1.292360730776426e-06,1.9321697342643537e-09,1.292360730776426e-06,0.043489707983098924,0.1773243750212714,1.0208484999893699,1.0651809687551577
free,10.0,0.0888858741621725,0.0,-3.6,4.0,0.0,0.0,735471,7 8 9 12 13 16 17 18,7 8 9 12 13 16 17 18,9.998831389803478,9.998831389803478,9.998831389803478,9.998831389803478,0.0,9.998831389803478,0.0,0.0,0.0,9.998831389803478,9.998751612089364,7.977771411304957e-05,1,0.0,1.0,0,0,0,1,9.998831389803478,9.998831389803478,0.0,0.8888016330311095,4.676981382542072e-06,0.8888016330311095,4.676981382542072e-06,2.34698110535519e-08,4.676981382542072e-06,0.05829954199725762,0.20517929198103957,1.1594841670012102,1.2107796980053536
free,10.0,0.0888858741621725,0.0,-2.4000000000000004,4.0,0.0,0.0,735471,8 9 11 12 13 14 16 17,8 9 11 12 13 14 16 17,9.999576976122077,9.999576976122077,9.999576976122077,9.999576976122077,0.0,9.999576976122077,0.0,0.0,0.0,9.999576976122077,9.999153924381847,0.00042305174022949643,1,0.0,1.0,0,0,0,1,9.999576976122077,9.999576976122077,0.0,0.8888398055922181,1.8665607273618247e-06,0.8888398055922181,1.8665607273618247e-06,5.762373454629538e-08,1.8665607273618247e-06,0.04273612500401214,0.19576125001185574,1.0162848749896511,1.0652260214919806
free,10.0,0.0888858741621725,0.0,-1.2000000000000002,4.0,0.0,0.0,735471,6 7 10 14 15 16 17 19,6 7 10 14 15 16 17 19,9.998791256579032,9.998791256579032,9.998791256579032,9.998791256579032,0.0,9.998791256579032,0.0,0.0,0.0,9.998791256579032,9.998625283067206,0.00016597351182667808,1,0.0,1.0,0,0,0,1,9.998791256579032,9.998791256579032,0.0,0.888774330260596,2.303163841561918e-06,0.888774330260596,2.303163841561918e-06,5.483927067419375e-08,2.303163841561918e-06,0.04657454101834446,0.1875213339808397,1.0682228330115322,1.1151038744865218
free,10.0,0.0888858741621725,0.0,0.0,4.0,0.0,0.0,735471,0 1 10 11 12 13 14 23,0 1 10 11 12 13 14 23,2.204595719580204,2.204595719580204,2.204595719580204,2.204595719580204,0.0,2.204595719580204,0.0,0.0,0.0,2.204595719580204,2.204153081883527,0.0004426376966772949,1,0.0,1.0,0,0,0,1,2.204595719580204,2.204595719580204,0.0,0.8886162561116422,0.31418859805028876,0.8886162561116422,0.31418859805028876,0.3141885980502886,0.31418859805028876,0.055213249986991286,0.20102475001476705,1.055064374988433,1.105321103503229
free,10.0,0.0888858741621725,0.0,1.1999999999999993,4.0,0.0,0.0,735471,5 8 9 12 13 14 16 17,5 8 9 12 13 14 16 17,9.99939285107737,9.99939285107737,9.99939285107737,9.99939285107737,0.0,9.99939285107737,0.0,0.0,0.0,9.99939285107737,9.999323954324439,6.889675293209052e-05,1,0.0,1.0,0,0,0,1,9.99939285107737,9.99939285107737,0.0,0.8888065994966922,1.8249485032493069e-07,0.8888065994966922,1.8249485032493069e-07,1.3396494423723785e-08,1.8249485032493069e-07,0.03794216699316166,0.20005766599206254,1.0271156660164706,1.0771305415109964
free,10.0,0.0888858741621725,0.0,2.4000000000000004,4.0,0.0,0.0,735471,7 9 10 11 12 14 15 16,7 9 10 11 12 14 15 16,9.999738965205188,9.999738965205188,9.999738965205188,9.999738965205188,0.0,9.999738965205188,0.0,0.0,0.0,9.999738965205188,9.999616336707595,0.0001226284975928138,1,0.0,1.0,0,0,0,1,9.999738965205188,9.999738965205188,0.0,0.8888423415569686,6.802418733957358e-07,0.8888423415569686,6.802418733957358e-07,6.339262277807757e-09,6.802418733957358e-07,0.03859025001293048,0.19391283299773932,0.964384874998359,1.0128641242336016
free,10.0,0.0888858741621725,0.0,3.5999999999999996,4.0,0.0,0.0,735471,6 7 8 11 12 15 16 17,6 7 8 11 12 15 16 17,9.999251837151373,9.999251837151373,9.999251837151373,9.999251837151373,0.0,9.999251837151373,0.0,0.0,0.0,9.999251837151373,9.999125465134941,0.00012637201643173057,1,0.0,1.0,0,0,0,1,9.999251837151373,9.999251837151373,0.0,0.8888011858333009,8.945989697434268e-07,0.8888011858333009,8.945989697434268e-07,6.926512543963829e-09,8.945989697434268e-07,0.03866987497895025,0.20170933302142657,0.9259994580061175,0.976427249268454
free,10.0,0.0888858741621725,0.0,4.799999999999999,4.0,0.0,0.0,735471,8 9 11 12 13 14 16 17,8 9 11 12 13 14 16 17,9.999542561077043,9.999542561077043,9.999542561077043,9.999542561077043,0.0,9.999542561077043,0.0,0.0,0.0,9.999542561077043,9.999506204091169,3.6356985873453596e-05,1,0.0,1.0,0,0,0,1,9.999542561077043,9.999542561077043,0.0,0.8888398055922181,2.172482281388301e-06,0.8888398055922181,2.172482281388301e-06,1.0902754301398118e-07,2.172482281388301e-06,0.03641062500537373,0.20876683300593868,0.9489231250190642,1.0011157502740389
free,10.0,0.0888858741621725,0.0,6.0,4.0,0.0,0.0,735471,6 7 8 11 12 14 15 22,6 7 8 11 12 14 15 22,9.998795121006417,9.998795121006417,9.998795121006417,9.998795121006417,0.0,9.998795121006417,0.0,0.0,0.0,9.998795121006417,9.998503834097827,0.00029128690859003825,1,0.0,1.0,0,0,0,1,9.998795121006417,9.998795121006417,0.0,0.8887590992211116,7.455220254747546e-07,0.8887590992211116,7.455220254747546e-07,2.54436468693011e-08,7.455220254747546e-07,0.03983916700235568,0.15730750001966953,0.9137775840063114,0.9531053749960847
free,10.0,0.0888858741621725,0.01,0.0,0.0,0.0,0.0,735471,9 10 11 12 13 14 15 16,0 1 2 3 4 5 6 7,0.9018421607561656,0.908393624972473,0.9016517265484644,0.9084099755334182,-0.007230011728345365,0.9018421607561656,-0.007230011728345365,0.0,,0.9084139064073714,0.9084139064073714,-0.006571745651205774,0,0.007287024201325432,1.007264535304952,735471,199936,1,0,0.909090923099006,0.9090536512017152,4.09990863881049e-05,0.8815896189916046,0.8815896189916046,0.8814164015851542,0.8814164015851542,0.8883297724483357,0.8884637654565105,6.549055832991144,0.19113525000284426,10.348509000003105,10.396293978490576
free,10.0,0.0888858741621725,0.01,-6.0,1.0,0.0,0.0,735471,7 8 9 10 13 14 16 17,0 1 2 5 11 14 15 22,9.734981548220352,9.738079517030119,9.69359440192048,9.693634409359472,0.004265390782734579,9.734981548220352,0.004265390782734579,0.0,0.0,9.738079517030123,9.736109107238333,-0.0011275590179806727,0,0.00031823057849944547,1.000318230578499,2,2,0,1,9.999281570166065,9.996168227132651,0.0003113566721336669,0.8815704765747684,0.0020573613000177946,0.8813509800514262,0.0016197515631159961,0.001648153115308112,0.0016484470755660965,0.14045245799934492,0.3778966669924557,3.257239540980663,3.351714166754391
free,10.0,0.0888858741621725,0.01,-4.8,1.0,0.0,0.0,735471,5 11 12 13 14 16 17 20,2 5 6 8 9 17 20 23,9.665149242433802,9.665703856628276,9.604882245339612,9.604939424222092,0.006268630706808054,9.638692573752802,0.003514144966452415,0.0027448399747747043,0.0027448399747747043,9.665797874961854,9.665797874961854,-0.0006486325280512517,0,6.711045135276983e-05,1.0000573828898616,76,76,0,1,9.999067321370568,9.996010078476417,0.00030575280632594293,0.881486464738969,0.0028884125674245244,0.8813666973965579,0.002299073201196058,0.002303667931374857,0.002304154058217205,0.1455482919991482,0.22779575001914054,3.1779045830189716,3.2348542295221705
free,10.0,0.0888858741621725,0.01,-3.6,1.0,0.0,0.0,735471,6 7 9 10 11 12 16 19,2 4 5 8 9 11 16 18,9.571708083670766,9.571783727539085,9.388271288099519,9.388342035811384,0.019531249198201373,9.539566076984663,0.016107640794981837,0.0033693363436779755,0.0033693363436779755,9.573607381023573,9.573607381023573,-0.0018992973528071389,0,0.00019842825713078938,1.0000079028599345,40,40,0,1,9.99904944918715,9.995580365868825,0.0003469413103670549,0.8815559339107998,0.005013126380004865,0.881504245924889,0.003208167138479059,0.003208167138479057,0.00320881557474925,0.14659866600413807,0.1476365000125952,3.430205292010214,3.4671149169880664
free,10.0,0.0888858741621725,0.01,-2.4000000000000004,1.0,0.0,0.0,735471,5 6 8 11 14 17 18 19,2 6 12 13 15 16 19 22,9.481860444907138,9.481970008304367,9.313435725030871,9.313535663056697,0.018073134407819103,9.44696219288616,0.014326087820623723,0.0036941242389281204,0.0036941242389281204,9.481976545124576,9.481976545124576,-0.00011610021743813093,0,1.224445541181396e-05,1.00001155505271,53,53,0,1,9.998604920336142,9.997762287423605,8.427504829433552e-05,0.8814797794630386,0.005759146950436554,0.8813932015002486,0.004068775634053283,0.004068775634053284,0.004069776386681254,0.20305108302272856,0.12137929198797792,3.656499749980867,3.6868448649765924
free,10.0,0.0888858741621725,0.01,-1.2000000000000002,1.0,0.0,0.0,735471,4 5 6 7 8 9 10 11,2 3 4 5 6 11 12 13,9.442518160203267,9.442619823292988,9.434589194273483,9.434688916266602,0.000829835939070156,9.43835975926838,0.00038907938930021757,0.00044058512717781717,0.00044058512717781717,9.442619823292985,9.441065921873342,0.0014522383299251374,1,1.0766523081295887e-05,1.0000107665230817,3,3,0,1,9.998623134431975,9.997728995737099,8.942618227081311e-05,0.881604421765816,0.0045569970962341284,0.881528632469464,0.004470487627901407,0.004470487627901404,0.004471356215666799,0.18604645901359618,0.1366275000036694,3.480650625017006,3.5148080840153852
free,10.0,0.0888858741621725,0.01,0.0,1.0,0.0,0.0,735471,0 1 10 11 12 13 14 23,0 1 2 3 4 5 6 7,0.9919792480334884,0.9976856552093584,0.9918176288290295,0.9967593967770061,-0.00479568967092181,0.9919792480334884,-0.00479568967092181,0.0,,0.9989969684053122,0.9989969684053122,-0.007017720371823799,0,0.007074462883911892,1.005752546927955,735471,199936,1,0,1.000214213978653,1.0000230231302534,0.0001911499014186635,0.8818629826961847,0.7958441675586924,0.8814170344572698,0.7945757952073341,0.799469253723146,0.799656010716267,6.267585374996997,0.13633312500314787,9.77191258300445,9.805996948256507
free,10.0,0.0888858741621725,0.01,1.1999999999999993,1.0,0.0,0.0,735471,7 8 9 10 13 14 15 16,0 1 2 3 6 7 8 9,9.740479919873952,9.74055475845224,9.733417003890821,9.733483641285108,0.0007187846455269931,9.733417003890821,-6.846201909049832e-06,0.000725635815285397,0.000725635815285397,9.74055475845224,9.739929973241146,0.000549946632805387,1,7.68325369016054e-06,1.0000076832536902,12,12,0,1,9.999572130553593,9.996098454051285,0.00034738251366717154,0.8815874381651245,0.0016867790270538793,0.881452248121828,0.0016071490772851151,0.0016071490772851151,0.0016077050214748398,0.17818283298402093,0.1735931670118589,3.260797499999171,3.3041971247657784
free,10.0,0.0888858741621725,0.01,2.4000000000000004,1.0,0.0,0.0,735471,2 8 10 11 14 15 18 19,2 4 5 12 13 16 20 22,9.842699942313105,9.844843942505337,9.836067713708738,9.837661348867332,0.0005121739066931141,9.836067713708738,-0.00016199329312927002,0.0006742764280815994,0.0006742764280815994,9.844843942505333,9.842244035412882,0.00045590690022301317,1,0.00021782643022683068,1.0002178264302273,15,15,0,1,9.998567084065312,9.997260221155814,0.00013070501988032834,0.8814798459136122,0.0007167066397273509,0.8813716472746881,0.000640344071653035,0.0006593051748615687,0.0006596575657520549,0.1887914999970235,0.1944897080247756,4.330106874986086,4.378730051997991
free,10.0,0.0888858741621725,0.01,3.5999999999999996,1.0,0.0,0.0,735471,7 8 10 11 12 13 15 16,0 3 8 9 11 14 18 21,9.881669054682595,9.881704999062203,9.84213878339099,9.842166027269867,0.004013651802182272,9.865845200953933,0.002405890493866636,0.0016039024945508906,0.0016039024945508906,9.8817049990622,9.880449115795177,0.001219938887418337,1,3.637480612272981e-06,1.0000036374806127,211,128,0,1,9.99885219508055,9.997449909761443,0.0001402446292583237,0.8815955930081655,0.0006874566031806485,0.881415388894713,0.0003108169936919429,0.0003108169936919429,0.00031103595731294244,0.1600290829956066,0.2248401249817107,3.6278042499907315,3.684014906240918
free,10.0,0.0888858741621725,0.01,4.799999999999999,1.0,0.0,0.0,735471,8 9 12 14 15 16 18 22,3 7 9 10 11 18 19 20,9.897832923342051,9.897863540987336,9.89282359443333,9.892845738059906,0.0005041203930793436,9.89282359443333,-2.238347505123528e-06,0.0005063598739940556,0.0005063598739940556,9.897893053087621,9.897893053087621,-6.012974557023654e-05,0,6.07504147986937e-06,1.0000030933685709,55,55,0,1,9.998851992021947,9.998205235755442,6.46830523165498e-05,0.8814486425844643,0.00021373033214824744,0.8814473223358676,0.00016842717121819437,0.00016842717121819437,0.0001685538325381138,0.20093070800066926,0.16472004202660173,4.085442999989027,4.126623843505513
free,10.0,0.0888858741621725,0.01,6.0,1.0,0.0,0.0,735471,6 7 8 9 13 14 18 20,6 7 8 9 13 14 18 20,9.905491745677388,9.90613459384161,9.905491745677388,9.90613459384161,-6.489394608288901e-05,9.905491745677388,-6.489394608288901e-05,0.0,0.0,9.90613459384161,9.90470841453981,0.0007833311375780028,1,6.48981575803731e-05,1.0000648981575804,1,1,0,1,9.998859530352652,9.998859530352652,0.0,0.8815061780714191,0.00010001329179251312,0.8815061780714191,0.00010001329179251312,0.00010561709824283963,0.00010569061815767086,0.20019141701050103,0.1887540000025183,3.794474499998614,3.8416635830071755
free,10.0,0.0888858741621725,0.01,-6.0,2.0,0.0,0.0,735471,8 11 12 13 14 15 17 21,0 1 7 9 11 12 13 15,9.741799067524894,9.742808805933208,9.726716731615575,9.72675042313588,0.0015471399732043256,9.735467364112667,0.0008961822394510932,0.0006503748793373898,0.0006503748793373898,9.744314218120804,9.744314218120804,-0.0025151505959097875,0,0.00025818132548982575,1.0001036500959746,21,21,0,1,9.999098859527768,9.997637069889391,0.00014619213780286966,0.8814932013585323,0.0017397883676100823,0.8815052581204875,0.001591654000308274,0.0015865161932801112,0.0016009577118093774,0.20951454201713204,0.19879045800189488,3.805812666978454,3.8555108234795625
free,10.0,0.0888858741621725,0.01,-4.8,2.0,0.0,0.0,735471,7 8 9 10 12 13 15 18,4 8 13 14 16 19 20 23,9.6904447721292,9.690502057440971,9.653526923644877,9.653573790647723,0.003819412611441253,9.654100053086038,5.4514778643488526e-05,0.003764692601413877,0.003764692601413877,9.695073902989591,9.695073902989591,-0.004629130860390518,0,0.0004777005565013148,1.0000059115255406,232,129,0,1,9.999046297876536,9.99754514355744,0.00015012974981565286,0.8815767637454097,0.0024354108731655675,0.8813418207015871,0.0020631618606657344,0.0020631618606657353,0.0020635644831143293,0.21244412500527687,0.209291667008074,3.7807717919931747,3.8330956667559803
free,10.0,0.0888858741621725,0.01,-3.6,2.0,0.0,0.0,735471,7 8 9 10 11 12 14 15,5 6 7 8 19 20 22 23,9.514685560367232,9.514764082364456,9.331055166752407,9.33108216185199,0.019676538619053607,9.476895006083376,0.015626573820934686,0.003987651468080777,0.003987651468080777,9.514764082364456,9.507944506609016,0.006741053758215543,1,8.252715943735112e-06,1.0000082527159437,102,102,0,1,9.999560267499652,9.993740539286769,0.0005819984136500311,0.8816168632719343,0.0055958641806988715,0.881279519928392,0.0037364454560129923,0.003736445456012991,0.0037370763900600127,0.1972564589814283,0.1877998749841936,3.9332265830016695,3.980177509729401
free,10.0,0.0888858741621725,0.01,-2.4000000000000004,2.0,0.0,0.0,735471,7 9 10 13 14 16 17 21,15 16 17 18 19 20 21 22,9.602779729840204,9.602858838047787,9.457955083731278,9.458023754641514,0.015305097444659133,9.542496459482614,0.00893132720243428,0.0063173479407148125,0.0063173479407148125,9.60285883804779,9.584059126426705,0.018720603413498793,1,8.238052919162797e-06,1.000008238052919,79,79,0,1,9.998928950964379,9.997421607519684,0.0001507504905862156,0.8814871621559875,0.004314056925270461,0.8812160691390181,0.0028801388554847477,0.002880138855484749,0.0028807709737588925,0.19006258301669732,0.19609895901521668,3.9466339999926277,3.9956596147530945
free,10.0,0.0888858741621725,0.01,-1.2000000000000002,2.0,0.0,0.0,735471,4 7 9 10 12 13 15 20,1 9 11 14 17 20 21 22,9.585030904201957,9.586920203238602,9.523014151564881,9.523059528508028,0.006507506910821359,9.571882444153035,0.00512680987647407,0.0013736545685383295,0.0013736545685383295,9.586920203238604,9.580573987218697,0.0044569169832602284,1,0.00019710933178296308,1.0001971093317827,4,4,0,1,9.998611985495465,9.996597584940506,0.00020146801954923355,0.881531094309471,0.003682180428953203,0.8813001991483537,0.0030414789882832224,0.0030589283849062885,0.0030594148153723494,0.19847987501998432,0.212724499986507,3.856421542004682,3.9096035420079716
free,10.0,0.0888858741621725,0.01,0.0,2.0,0.0,0.0,735471,0 1 10 11 12 13 14 23,3 4 5 6 7 8 9 10,1.251915197388074,1.2573776882130323,1.2517314306041354,1.2535248030444859,-0.0012840636679087858,1.251915197388074,-0.0012840636679087858,0.0,,1.2601161374891283,1.2601161374891283,-0.008200940101054321,0,0.006550715350500003,1.0043633073840423,735471,199936,1,0,1.265525897563779,1.2626482246543445,0.0022738949198704006,0.8818629826961847,0.6146207342067793,0.8815746675844206,0.6122357346022571,0.6137101665914906,0.6152937878209892,6.4429182919848245,0.18588337500113994,10.20760400002473,10.254075677774381
free,10.0,0.0888858741621725,0.01,1.1999999999999993,2.0,0.0,0.0,735471,3 7 9 10 12 13 15 19,0 4 5 6 7 15 17 21,9.769870086763897,9.769914135838519,9.739915917216004,9.739959098199279,0.0030709562805195656,9.739915917216004,-4.433384456659084e-06,0.003075403299421353,0.003075403299421353,9.769914135838519,9.769128771321242,0.0007413154426547663,1,4.508665338631701e-06,1.0000045086653386,132,128,0,1,9.99894285927349,9.996592405010466,0.00023507027653868473,0.8815361824091641,0.001621300818895149,0.8814013208848724,0.0013299976080479935,0.0013299976080479942,0.0013303036044441023,0.16341491698403843,0.19088812498375773,3.6432793750136625,3.691002615261823
free,10.0,0.0888858741621725,0.01,2.4000000000000004,2.0,0.0,0.0,735471,6 8 12 13 17 18 19 20,1 2 7 8 12 13 14 16,9.845692953660512,9.84955852053355,9.842194972760078,9.847396199459329,-0.00017296407743916387,9.842194972760078,-0.0005281829423636752,0.0003554065846200771,0.0003554065846200771,9.850064267375558,9.850064267375558,-0.004371313715045844,0,0.0004439823317281544,1.0003926150136138,37,37,0,1,9.998539537280918,9.99790441168346,6.352183687319268e-05,0.8818884345917825,0.000669620176544416,0.8815089199075894,0.0006114284905191865,0.0006423165588480849,0.000646483676816104,0.18984437501057982,0.22314583300612867,3.803731040999992,3.859518583252793
free,10.0,0.0888858741621725,0.01,3.5999999999999996,2.0,0.0,0.0,735471,8 9 11 12 13 14 16 17,0 1 3 4 18 19 21 22,9.86063941630211,9.860675900228081,9.846426108717521,9.846440515250087,0.0014420339035239316,9.85766695855448,0.001140152452757448,0.0003015376518731294,0.0003015376518731294,9.860675900228077,9.859170258611341,0.0014691576907690518,1,3.6999553909566885e-06,1.0000036999553914,9,9,0,1,9.99976509599525,9.994847536995353,0.000491767451804126,0.8815709161188878,0.0006460652989472751,0.8811964506984095,0.00047883669684954016,0.00047883669684953994,0.0004790065514858104,0.12501762501779012,0.1909999159979634,3.577780708001228,3.62553189600294
free,10.0,0.0888858741621725,0.01,4.799999999999999,2.0,0.0,0.0,735471,4 6 7 8 12 13 14 16,1 3 6 9 11 13 16 19,9.894750875637651,9.894781175566758,9.88933546725185,9.889355080653406,0.0005456164674277897,9.88933546725185,-1.983284187434542e-06,0.0005476008376632535,0.0005476008376632535,9.894781175566754,9.893609153896815,0.0011417217408364877,1,3.0622225342114007e-06,1.0000030622225347,43,43,0,1,9.998790080813064,9.99771018458814,0.0001080026899451525,0.8815708640163672,0.0002575388133599997,0.8814736081636438,0.00019882539038272487,0.00019882539038272451,0.00019894264592454028,0.20418941698153503,0.17942791600944474,3.9429195419943426,3.9877776040084427
free,10.0,0.0888858741621725,0.01,6.0,2.0,0.0,0.0,735471,6 7 8 11 12 15 16 17,1 5 8 11 12 14 19 20,9.904490887289416,9.904509760690999,9.899313230841564,9.89933090679699,0.0005212453792087235,9.90186162128066,0.000255645003434557,0.00026553249371885634,0.00026553249371885634,9.905759505813439,9.905759505813439,-0.0012686185240227132,0,0.00012808518261664403,1.0000019055398,37,37,0,1,9.999316563820562,9.997968666422011,0.00013479895250323448,0.8815577634610784,0.00016638318340134054,0.881443668143037,0.0001083001523714718,0.000108300152371472,0.00010837266549933394,0.20499016699614003,0.2523224589822348,3.8087466249999125,3.871828155759431
free,10.0,0.0888858741621725,0.01,-6.0,4.0,0.0,0.0,735471,5 7 8 12 13 14 15 17,1 3 6 8 9 11 15 22,9.785967403328655,9.785995475185773,9.762114886638962,9.762144770999761,0.0024403072160601447,9.77527180816841,0.00134468781979602,0.0010941481086292892,0.0010941481086292892,9.789033991193124,9.789033991193124,-0.003066587864468673,0,0.0003133658368232872,1.000002868582733,32,32,0,1,9.999097457621536,9.997091790746106,0.00020058479117046613,0.8815601276148995,0.0014180650125194532,0.8814429683171622,0.001186001565976574,0.0011860015659765747,0.0011861601134160267,0.18035745900124311,0.2065992499992717,3.8818985839898232,3.9335492294994765
free,10.0,0.0888858741621725,0.01,-4.8,4.0,0.0,0.0,735471,6 9 13 14 15 16 18 19,7 9 14 16 17 20 21 23,9.761942707614532,9.762875260740733,9.666436255368382,9.666464518031477,0.009877260647360053,9.728078319792159,0.006373974853551623,0.0034810973667300793,0.0034810973667300793,9.76287526074073,9.75476350963941,0.007179197975121454,1,9.552946110513716e-05,1.0000955294611056,170,129,0,1,9.998969091807549,9.99707653317869,0.00018927537543933504,0.8814804391901174,0.002303664427229592,0.8813044781054475,0.0013851222982064109,0.0013934494823461482,0.0013936609534934575,0.19506191700929776,0.17993383400607854,3.9187427920114715,3.963727458525682
free,10.0,0.0888858741621725,0.01,-3.6,4.0,0.0,0.0,735471,7 8 9 12 13 16 17 18,3 7 11 12 13 16 19 20,9.742558831088646,9.742588383714391,9.652405586283768,9.652443145442797,0.00933604935952359,9.727103915806405,0.007734909104215371,0.0015888506400272284,0.0015888506400272284,9.744509055159998,9.744509055159998,-0.0019502240713524799,0,0.0002001757551752803,1.0000030333535839,70,70,0,1,9.998831389803478,9.997782218755356,0.00010492936696493427,0.8815332857261596,0.0024416034974454573,0.8814556829924521,0.001588612522072952,0.0015865671572834286,0.0015888224580001787,0.19087716698413715,0.21158283299882896,3.7837062919861637,3.8366034582504653
free,10.0,0.0888858741621725,0.01,-2.4000000000000004,4.0,0.0,0.0,735471,8 9 11 12 13 14 16 17,1 3 4 6 10 12 15 18,9.738330030338313,9.73836637718879,9.678799283896957,9.678830341348796,0.00614740489202803,9.709989245530299,0.0032192840542299983,0.002918724634124681,0.002918724634124681,9.738366377188793,9.737383237551583,0.000946792786729489,1,3.7323494241903177e-06,1.0000037323494237,75,75,0,1,9.999576976122077,9.997313331215878,0.00022637406678338579,0.8815709157830894,0.0021965071475754986,0.881475319865266,0.001629853601987125,0.0016298536019871256,0.0016300759671621834,0.16264316701563075,0.19522654201136902,3.9979184579860885,4.046725968495593
free,10.0,0.0888858741621725,0.01,-1.2000000000000002,4.0,0.0,0.0,735471,6 7 10 14 15 16 17 19,1 8 10 12 14 18 22 23,9.74179261582969,9.746607256073563,9.700972377775239,9.700996747339925,0.004205327509356316,9.74179261582969,0.004205327509356316,0.0,0.0,9.746607256073563,9.74311655433699,-0.0013239385072996157,0,0.0004942252862218943,1.000494225286222,2,2,0,1,9.998791256579032,9.997057685959597,0.0001733780188976075,0.8814937996442733,0.001980438094450457,0.8817566956444728,0.0015821905169505059,0.0015821905169505085,0.0015823319186316761,0.2090382500027772,0.18307733300025575,3.7932808749901596,3.8390515422433964
free,10.0,0.0888858741621725,0.01,0.0,4.0,0.0,0.0,735471,0 1 10 11 12 13 14 23,0 1 10 11 12 13 14 23,2.1599067634773133,2.1610544531677798,2.1599067634773133,2.1610544531677798,-0.0005310785615717517,2.1599067634773133,-0.0005310785615717517,0.0,,2.16931902616845,2.16931902616845,-0.009412262691136597,0,0.004357717124781502,1.0005313607558777,414441,199936,1,0,2.204595719580204,2.204595719580204,0.0,0.8818629826961847,0.3191848162378342,0.8818629826961847,0.3191848162378342,0.31868363930199634,0.31918639237801427,6.5136829590192065,0.1722650000010617,10.337473249994218,10.380540875004954
free,10.0,0.0888858741621725,0.01,1.1999999999999993,4.0,0.0,0.0,735471,5 8 9 12 13 14 16 17,1 5 6 7 11 15 16 21,9.826450067239263,9.828516940046615,9.81595625421908,9.815974823131835,0.001067162894788698,9.81595625421908,-1.891703380496601e-06,0.0010690566205073804,0.0010690566205073804,9.828516940046615,9.82640267947818,4.7387761082262614e-05,1,0.00021033768992961832,1.0002103376899296,23,23,0,1,9.99939285107737,9.997582421691154,0.00018105393129153047,0.8815567985284143,0.0009225059949344174,0.8814450658441595,0.0007965337963143597,0.0008151961952926149,0.0008152982333168624,0.14607704200898297,0.18546879099449143,3.638463415991282,3.684831655744347
free,10.0,0.0888858741621725,0.01,2.4000000000000004,4.0,0.0,0.0,735471,7 9 10 11 12 14 15 16,3 4 7 8 12 13 18 19,9.858854368397282,9.85887735230401,9.848108610348442,9.848130462440924,0.001088928096277364,9.853365740740642,0.0005316012333187459,0.0005570307447277933,0.0005570307447277933,9.860027367519614,9.860027367519614,-0.0011729991223319303,0,0.00011897925240611507,1.0000023312958959,32,32,0,1,9.999738965205188,9.998103807676264,0.0001635200213339072,0.8815923530736425,0.0006328782991077433,0.8814837724842839,0.0005242828957487135,0.0005186997111701386,0.0005244224256183837,0.18091024999739602,0.1963197499862872,3.664128125004936,3.713208979504998
free,10.0,0.0888858741621725,0.01,3.5999999999999996,4.0,0.0,0.0,735471,6 7 8 11 12 15 16 17,0 5 8 9 11 12 14 23,9.885115333069491,9.885147328731387,9.868222371410097,9.868242522702179,0.0017098090494327423,9.881943575489144,0.001388398466641405,0.00032096495553912696,0.00032096495553912696,9.885283094057602,9.885283094057602,-0.0001677609881109987,0,1.697107038789447e-05,1.0000032367515015,10,10,0,1,9.999251837151373,9.9976336508845,0.0001618307342615699,0.8815577634610784,0.0004469286578868147,0.8814425237318009,0.0002825008169104927,0.00028250081691049285,0.0002825939056012637,0.15325333300279453,0.18946900000446476,3.3591912080009934,3.406559582981572
free,10.0,0.0888858741621725,0.01,4.799999999999999,4.0,0.0,0.0,735471,8 9 11 12 13 14 16 17,1 2 7 8 10 13 17 20,9.895628268844387,9.895647238582306,9.876712356055686,9.876725072405819,0.0019139133974055422,9.892652429168436,0.0016126151781945541,0.0003008131234023548,0.0003008131234023548,9.895907921486165,9.895907921486165,-0.0002796526417778722,0,2.8260220996667584e-05,1.0000019169816614,45,45,0,1,9.999542561077043,9.997564922654867,0.00019777288911926316,0.8815709161188878,0.00037153754627659386,0.8814445750696306,0.0001880948080381121,0.00018528549084658252,0.00018816028917492518,0.15228608300094493,0.21420520800165832,3.6245008330151904,3.6780531349941157
free,10.0,0.0888858741621725,0.01,6.0,4.0,0.0,0.0,735471,6 7 8 11 12 14 15 22,3 4 8 10 11 15 16 22,9.903640054117815,9.903654534917957,9.898395794612044,9.898414443214785,0.0005279240360169801,9.900399392622083,0.00020053205679415598,0.00032732633979870585,0.00032732633979870585,9.903957569574656,9.903957569574656,-0.00031751545684066684,0,3.206048029880115e-05,1.0000014621694713,49,49,0,1,9.998795121006417,9.998095964673494,6.992405829520099e-05,0.881506823726154,0.00016948200453294462,0.8814561488880915,0.00011724542164219183,0.0001172454216421918,0.00011729867560905504,0.15988566700252704,0.16684620900196023,3.4162292499968316,3.4579416772539844
free,10.0,0.0888858741621725,0.03,0.0,0.0,0.0,0.0,735471,9 10 11 12 13 14 15 16,0 1 2 3 4 5 6 7,0.8455580439843778,0.9028890281326638,0.8436215404045464,0.9027232285910298,-0.06332526160413021,0.8455580439843778,-0.06332526160413021,0.0,,0.9028890439019867,0.9028868129109914,-0.05732876892661354,0,0.06780255988986617,1.0678025412402619,735471,199936,1,0,0.909090923099006,0.9090536512017152,4.09990863881049e-05,0.8248561515520576,0.8248561515520576,0.8264162019369115,0.8264162019369115,0.8883132083989573,0.8884664519115897,6.27823070899467,0.2329883750062436,10.03119554099976,10.089443884731736
free,10.0,0.0888858741621725,0.03,-6.0,1.0,0.0,0.0,735471,7 8 9 10 13 14 16 17,6 7 8 9 10 11 18 22,8.038772270493647,8.040268058663703,7.799625895578682,7.79990311426066,0.030624631195259155,8.038772270493647,0.030624631195259155,0.0,0.0,8.063388757092321,8.063388757092321,-0.024616486598674214,0,0.0030622196736471707,1.0001860717183824,5,5,0,1,9.999281570166065,9.99805613467576,0.00012255235355718153,0.8249818169396522,0.01688233921875113,0.824983039791941,0.01372053569539308,0.013720535695393084,0.013738775131824421,0.20031516600283794,0.285821917001158,3.3408802500052843,3.4123378122458234
free,10.0,0.0888858741621725,0.03,-4.8,1.0,0.0,0.0,735471,5 11 12 13 14 16 17 20,1 5 7 8 9 17 20 23,7.638803305685134,7.6990797954183,7.287734489067443,7.288084743402529,0.04812218499518539,7.578144840442545,0.03979922122922486,0.008004395075542847,0.008004395075542847,7.6990797954183,7.6818567673150895,-0.04305346162995516,0,0.007890828880003475,1.0078908288800035,79,79,0,1,9.999067321370568,9.99608737838358,0.0002980220945826284,0.8245684090034109,0.024253371337112306,0.8289274775932329,0.018779911830398354,0.018779911830398354,0.019098653862385247,0.2157479999877978,0.1260522079828661,3.734724832989741,3.7662388019889477
free,10.0,0.0888858741621725,0.03,-3.6,1.0,0.0,0.0,735471,6 7 9 10 11 12 16 19,3 4 6 7 11 12 19 22,7.208139630293137,7.208584867388118,6.311389965618226,6.311769631981592,0.14201563912752113,7.125096303835386,0.12885873840082596,0.011655046179944062,0.011655046179944062,7.2284460495299205,7.2284460495299205,-0.020306419236783668,0,0.0028171512038202007,1.000061768655689,12,12,0,1,9.99904944918715,9.994722298106819,0.0004327562437131949,0.8250639921587701,0.04183245687104355,0.8250879107687018,0.02557319456592521,0.025305245521754855,0.025579237488763857,0.1451410419831518,0.16195020801387727,3.376305916986894,3.4167939689941704
free,10.0,0.0888858741621725,0.03,-2.4000000000000004,1.0,0.0,0.0,735471,5 6 8 11 14 17 18 19,8 10 14 18 19 21 22 23,6.765198796679504,6.822376975854713,5.984135196137046,5.984558135661001,0.13044248937390934,6.617939843261969,0.10583600213134381,0.022251479600175816,0.022251479600175816,6.822376975854713,6.801907836029082,-0.03670903934957792,0,0.008451810640549562,1.0084518106405496,170,137,0,1,9.998604920336142,9.994575383928394,0.00040300986386132553,0.8248021475243252,0.04893585449803792,0.8278888077214602,0.032463152819401125,0.032463152819401125,0.032866956598624555,0.2092264169768896,0.14394954199087806,3.5836622079950757,3.619650676504534
free,10.0,0.0888858741621725,0.03,-1.2000000000000002,1.0,0.0,0.0,735471,4 5 6 7 8 9 10 11,1 6 7 16 20 21 22 23,6.520310683789269,6.52075061869426,6.467552614133466,6.467978167625401,0.00809101620438546,6.520310683789269,0.00809101620438546,0.0,0.0,6.5207506186942625,6.51790259546044,0.0024080883288286614,1,6.747146360486234e-05,1.0000674714636044,1,1,0,1,9.998623134431975,9.994860309865137,0.00037633427285399534,0.8258268789244683,0.03879341873619167,0.824100156606491,0.037495305673763635,0.03749530567376362,0.03750258419981576,0.21535554199363105,0.14471254200907424,3.5529659170133527,3.5891454274969874
free,10.0,0.0888858741621725,0.03,0.0,1.0,0.0,0.0,735471,0 1 10 11 12 13 14 23,0 1 2 3 4 5 6 7,0.9300699394240641,0.9879904276853779,0.9284131666688848,0.9850241000994965,-0.05578966105487315,0.9300699394240641,-0.05578966105487315,0.0,,0.991783964629205,0.991783964629205,-0.06171402520514091,0,0.06635417680885025,1.062275411564404,735471,199936,1,0,1.000214213978653,1.0000230231302534,0.0001911499014186635,0.8291426033913503,0.7528626711857019,0.8264181332721486,0.7475778304591829,0.7994690280698049,0.7996581869761292,5.873417750000954,0.14910683399648406,9.388574165990576,9.425851624495408
free,10.0,0.0888858741621725,0.03,1.1999999999999993,1.0,0.0,0.0,735471,7 8 9 10 13 14 15 16,0 1 2 3 6 7 8 9,8.016871061641451,8.017319637887478,7.9601947915175515,7.9606181648760215,0.0070663980610989885,7.981094789410701,0.0025722405107968527,0.0044826271551390295,0.0044826271551390295,8.017319637887477,8.009567505288556,0.007303556352894702,1,5.5954030266480714e-05,1.0000559540302667,27,27,0,1,9.999572130553593,9.996098454051285,0.00034738251366717154,0.8250455041022814,0.014755009876527097,0.8262583828467832,0.014173305235157602,0.014173305235157608,0.014178086660065148,0.21223720800480805,0.1653060000098776,3.4591166250174865,3.50044345799688
free,10.0,0.0888858741621725,0.03,2.4000000000000004,1.0,0.0,0.0,735471,2 8 10 11 14 15 18 19,2 4 5 12 13 16 20 22,8.71636213381077,8.73514884291933,8.666786199284251,8.68054644525043,0.0041259716523880385,8.666786199284251,-0.001585181998963625,0.005720221243096235,0.005720221243096235,8.73514884291933,8.725263055617496,-0.008900921806725748,0,0.002155338295971587,1.0021553382959716,71,71,0,1,9.998567084065312,9.997260221155814,0.00013070501988032834,0.824825136773051,0.00613408131820568,0.8247985047072136,0.005537073808060587,0.005736115949044701,0.005739374092997152,0.1797941249969881,0.19653579100850038,3.8648332090233453,3.9139681147571537
free,10.0,0.0888858741621725,0.03,3.5999999999999996,1.0,0.0,0.0,735471,7 8 10 11 12 13 15 16,0 3 8 9 11 14 18 21,9.003286030282593,9.00355743815416,8.75652355608765,8.756734492414434,0.0281556484419776,8.963191788247315,0.023576973358244935,0.004473210323118426,0.004473210323118426,9.008315556879724,9.008315556879724,-0.00502952659713074,0,0.0005586323238220281,1.0000301454236435,167,128,0,1,9.99885219508055,9.997449909761443,0.0001402446292583237,0.8250531293018403,0.00533339559147216,0.8250757175030011,0.00275298338613363,0.0027260065832501647,0.0027549623342537737,0.1325141670240555,0.21073604197590612,3.78764733299613,3.8403327185005764
free,10.0,0.0888858741621725,0.03,4.799999999999999,1.0,0.0,0.0,735471,8 9 12 14 15 16 18 22,1 3 7 9 10 11 18 19,9.13493974027618,9.135131004885345,9.089435675904632,9.089609463974869,0.0049870433356866695,9.113354333735787,0.002612309126704071,0.0023685468324750047,0.0023685468324750047,9.139655455302407,9.139655455302407,-0.004715715026227585,0,0.0005162283671600321,1.00002093769796,68,68,0,1,9.998851992021947,9.997611074544523,0.00012410599520973342,0.8243897832338003,0.001809967777036207,0.8252659044120252,0.0014539254499714414,0.0014106202440928078,0.0014550466178043123,0.19679537499905564,0.19292299999506213,3.99353933299426,4.041771249998419
free,10.0,0.0888858741621725,0.03,6.0,1.0,0.0,0.0,735471,6 7 8 9 13 14 18 20,0 2 3 4 5 6 12 19,9.193718961665812,9.193885617286377,9.18390242696015,9.190525140944375,0.00034751232083674033,9.18390242696015,-0.0007206023467277722,0.0010688849085378482,0.0010688849085378482,9.193885617286378,9.191206561315088,0.0025124003507244197,1,1.8127117139554727e-05,1.0000181271171393,33,33,0,1,9.998859530352652,9.995939462048087,0.00029204013674766216,0.8248980717879947,0.000869396525573208,0.8258638194957965,0.0009416322778689426,0.0008727014089543333,0.0009422760430072675,0.18933725001988932,0.23642479197587818,3.7431236660049763,3.802230822999263
free,10.0,0.0888858741621725,0.03,-6.0,2.0,0.0,0.0,735471,8 11 12 13 14 15 17 21,2 8 9 10 11 12 13 21,8.098041209249887,8.12491861710554,7.993160704542378,7.997078616893573,0.012624934328272497,8.063691083342096,0.008329600050174246,0.004259851419500693,0.004259851419500693,8.124918617105536,8.12173310726803,-0.023691898018142865,0,0.0033190011215240567,1.0033190011215245,52,52,0,1,9.999098859527768,9.997685911265721,0.00014130756000085842,0.8245031965758632,0.014214674935109925,0.8251251906368435,0.012669012664594284,0.012718561759658588,0.013005285793585356,0.15361058298731223,0.20038162500713952,3.978456999990158,4.028553281248605
free,10.0,0.0888858741621725,0.03,-4.8,2.0,0.0,0.0,735471,7 8 9 10 12 13 15 18,3 5 7 13 15 18 19 22,7.792568631157079,7.81042045297335,7.584340717956252,7.58465439821193,0.027412486057923013,7.785094018066297,0.02642699447210406,0.0009601185385090805,0.0009601185385090805,7.81042045297335,7.808035456556824,-0.015466825399744977,0,0.002290877714556716,1.0022908777145567,3,3,0,1,9.999046297876536,9.996115306832042,0.0002931270600393665,0.8250355445365355,0.01989107218505148,0.8246144283735665,0.016692875834525046,0.016692875834525046,0.01693315021890211,0.27230787501321174,0.16504195900051855,4.049061541008996,4.090323322765471
free,10.0,0.0888858741621725,0.03,-3.6,2.0,0.0,0.0,735471,7 8 9 10 11 12 14 15,5 6 7 8 19 20 22 23,6.830340039509403,6.8306710904829115,6.057264075477653,6.057505140146748,0.1275830364947792,6.725790055844141,0.11032345829444945,0.015544639781674086,0.015544639781674086,6.83067109048291,6.8121213422159475,0.018218697293455932,1,4.8467714870881196e-05,1.000048467714871,117,117,0,1,9.999560267499652,9.993740539286769,0.0005819984136500311,0.8252164784268501,0.04734454732895287,0.8243274572159501,0.03179442888513354,0.031794428885133556,0.03179914911622072,0.14107933299965225,0.19833549999748357,4.015003499982413,4.064588707995426
free,10.0,0.0888858741621725,0.03,-2.4000000000000004,2.0,0.0,0.0,735471,7 9 10 13 14 16 17 21,15 16 17 18 19 20 21 22,7.2501064113651665,7.250559275897081,6.583017051932753,6.583352042314411,0.10127885684453752,7.2501064113651665,0.10127885684453752,0.0,0.0,7.250559275897081,7.216089240655309,0.034017170709857325,1,6.246315656888157e-05,1.0000624631565689,1,1,0,1,9.998928950964379,9.997421607519684,0.0001507504905862156,0.8245940027216876,0.03636855510450201,0.8233605580390262,0.02467233930918145,0.024672339309181442,0.024678314877759313,0.25639754201984033,0.1893088750075549,4.020277916977648,4.0676063017454
free,10.0,0.0888858741621725,0.03,-1.2000000000000002,2.0,0.0,0.0,735471,4 7 9 10 12 13 15 20,1 9 11 14 17 20 21 22,7.1794283191441854,7.222239493745377,6.837324557686701,6.840877424423363,0.049489396420424825,7.12402652191034,0.0413907573429213,0.00777675336601491,0.00777675336601491,7.222239493745376,7.177698035034179,0.0017302841100068633,1,0.005963033921103866,1.005963033921104,16,16,0,1,9.998611985495465,9.996597584940506,0.00020146801954923355,0.8250406361431322,0.03171863092624855,0.8242292749229353,0.025237906368331436,0.02575493879938975,0.0259170234031235,0.25170266701024957,0.16050450000329874,4.00602279099985,4.046149499998137
free,10.0,0.0888858741621725,0.03,0.0,2.0,0.0,0.0,735471,0 1 10 11 12 13 14 23,0 1 2 3 4 5 6 7,1.173760322172798,1.2332809830325304,1.1717117425627517,1.2221872637754303,-0.03962317644600377,1.173760322172798,-0.03962317644600377,0.0,,1.2477839883491109,1.2477839883491109,-0.07402366617631295,0,0.06306540166503893,1.0507093822608957,735471,199936,1,0,1.265525897563779,1.263366836569002,0.0017060583263711626,0.8291426033913503,0.5895229327092598,0.8264181332721486,0.5812113256179283,0.6133376812741151,0.6151830106922012,6.360651875002077,0.16171750001376495,10.024818958976539,10.065249416991719
free,10.0,0.0888858741621725,0.03,1.1999999999999993,2.0,0.0,0.0,735471,3 7 9 10 12 13 15 19,0 1 3 6 9 11 21 22,8.225261653270278,8.242383270872725,7.995252685223337,7.99554608649804,0.02873044120903212,8.116569192002938,0.015136315167924241,0.013391429148960077,0.013391429148960077,8.26479133716875,8.26479133716875,-0.039529683898472,0,0.004805887710910062,1.0020815894161421,196,128,0,1,9.99894285927349,9.99033308185664,0.0008610687687712337,0.8250946842209151,0.014308413669429188,0.8252434927386347,0.011236076688489145,0.01136335350866529,0.011443429412072085,0.17155270802322775,0.16915454098489136,3.851519999996526,3.8938098022481427
free,10.0,0.0888858741621725,0.03,2.4000000000000004,2.0,0.0,0.0,735471,6 8 12 13 17 18 19 20,0 1 2 3 4 8 9 15,8.738440689169005,8.780702654220823,8.704248856838936,8.747488710874272,-0.0010343564883963374,8.714374493427403,-0.0037855684690056846,0.002761666458074963,0.002761666458074963,8.780702654220823,8.779169382615338,-0.0407286934463329,0,0.00483632796228739,1.0048363279622874,157,138,0,1,9.998539537280918,9.995868683885591,0.0002671243520483424,0.8284588442025819,0.00582231827855614,0.8300554025015697,0.005645900251412476,0.005639856307401986,0.005648333837574648,0.22382591699715704,0.22144470902276225,4.003647791018011,4.05900976027624
free,10.0,0.0888858741621725,0.03,3.5999999999999996,2.0,0.0,0.0,735471,8 9 11 12 13 14 16 17,0 1 3 4 18 19 21 22,8.858782184461546,8.859027322881902,8.718167605225723,8.71829926379472,0.016113569449287324,8.846981981148321,0.01476007114002087,0.001333811161633447,0.001333811161633447,8.8590273228819,8.857819145584633,0.0009630388769128473,1,2.767179678309084e-05,1.0000276717967833,5,5,0,1,9.99976509599525,9.994847536995353,0.000491767451804126,0.8248387290975706,0.005724175818900522,0.8247753102918854,0.004214110772017824,0.004209957136676541,0.004215719268934172,0.12722237498383038,0.19714591701631434,3.612590665987227,3.661877937243844
free,10.0,0.0888858741621725,0.03,4.799999999999999,2.0,0.0,0.0,735471,4 6 7 8 12 13 14 16,0 2 5 8 9 10 12 15,9.115365691010881,9.115531016840245,9.054636856418735,9.05480284383429,0.006688477730669717,9.08378373462094,0.0032006098074663925,0.0034767402343114373,0.0034767402343114373,9.127376161043005,9.127376161043005,-0.012010470032123521,0,0.0013176070427944886,1.0000181370484704,189,129,0,1,9.998790080813064,9.997331882553542,0.0001458374711076349,0.8253171467564887,0.0022610189276614815,0.8257169446654864,0.0016976522544495762,0.0016756614864279758,0.0016985691401021476,0.19489899999462068,0.19665883400011808,3.9345730409841053,3.983738666487625
free,10.0,0.0888858741621725,0.03,6.0,2.0,0.0,0.0,735471,6 7 8 11 12 15 16 17,0 4 5 6 7 13 14 18,9.191255250502666,9.191397175715153,9.137032436652937,9.137169933350947,0.00591926357353878,9.182276047783413,0.004936551991643112,0.0009778842056726855,0.0009778842056726855,9.196955191431481,9.196955191431481,-0.00569994092881565,0,0.0006201482576064787,1.0000154413307671,17,17,0,1,9.999316563820562,9.997304405408922,0.00020122959392243622,0.8250183643182161,0.0014066748804883065,0.8255387582075018,0.0009305859934913939,0.0009146330263307669,0.0009312085495979315,0.17243887498625554,0.2068430420185905,3.813065499998629,3.864778135517554
free,10.0,0.0888858741621725,0.03,-6.0,4.0,0.0,0.0,735471,5 7 8 12 13 14 15 17,0 2 6 7 10 14 18 21,8.348166475104847,8.3505414184676,8.178877742541395,8.182441540493896,0.020253726689130502,8.302207248141226,0.014636915773198478,0.005535784110172637,0.005535784110172637,8.361673904135735,8.361673904135735,-0.013507429030887863,0,0.001618011460500668,1.000284486823524,80,80,0,1,9.999097457621536,9.995819388354112,0.00032783651537715564,0.8250449697333286,0.011945273319943042,0.8251994062255238,0.009933994499344219,0.009844032484897642,0.00996121213965265,0.21588570802123286,0.19983570798649453,3.93126770798699,3.9812278429963044
free,10.0,0.0888858741621725,0.03,-4.8,4.0,0.0,0.0,735471,6 9 13 14 15 16 18 19,2 3 13 14 18 19 21 22,8.187234015637413,8.18983186584162,7.623388849857761,7.623587557096028,0.07393454253919396,8.185914962681188,0.07376151993712554,0.00016113689944718956,0.00016113689944718956,8.196125487683847,8.196125487683847,-0.008891472046434146,0,0.001086016599678441,1.0003173049896028,5,5,0,1,9.998969091807549,9.994931735061849,0.0004037773003027212,0.8245149710242305,0.01926727090884761,0.8242766283255667,0.011760468989691544,0.011672439799744461,0.011791476664947217,0.21064208302414045,0.2244239579886198,4.01169137499528,4.067798447504174
free,10.0,0.0888858741621725,0.03,-3.6,4.0,0.0,0.0,735471,7 8 9 12 13 16 17 18,3 7 11 12 16 18 19 20,8.070825991608748,8.075268828081548,7.537711941563132,7.537957372747665,0.07069138130013686,8.059519028506832,0.06919137771258743,0.0014029327385323143,0.0014029327385323143,8.106049481183062,8.106049481183062,-0.03522348957431376,0,0.004364297980273157,1.0005504810136434,55,55,0,1,9.998831389803478,9.996641265227902,0.00021903805456791048,0.8248041757067496,0.02053424257776865,0.8245514242850953,0.013222358001905823,0.013199981264298584,0.01327769827755562,0.21302658299100585,0.18434216600144282,3.88453241600655,3.9306189165072283
free,10.0,0.0888858741621725,0.03,-2.4000000000000004,4.0,0.0,0.0,735471,8 9 11 12 13 14 16 17,0 4 6 8 10 12 21 22,8.028990870060804,8.029246240606533,7.6772854725463,7.677476637372752,0.045785125672273,7.9132004345073215,0.030703290712355003,0.014632567001405805,0.014632567001405805,8.03726098081165,8.03726098081165,-0.008270110750846271,0,0.0010300311564288567,1.000031806057556,174,128,0,1,9.999576976122077,9.99652186105153,0.00030552443146769637,0.8248387279380748,0.0185503014066191,0.8250602689870734,0.013871002917331298,0.01369807132413376,0.013872987972225534,0.14470120798796415,0.1836525830149185,4.0168499579885975,4.062764103749942
free,10.0,0.0888858741621725,0.03,-1.2000000000000002,4.0,0.0,0.0,735471,6 7 10 14 15 16 17 19,0 2 4 8 9 18 19 23,8.047911454007156,8.086043577994523,7.775506491447191,7.7756615499189525,0.035013085682856326,8.027095525443498,0.03233602361810184,0.0025932080286921178,0.0025932080286921178,8.086043577994522,8.067804455056184,-0.019893001049027248,0,0.004738139106684525,1.0047381391066847,14,14,0,1,9.998791256579032,9.99525407026962,0.0003537613916166915,0.8246717957362949,0.017172213685657065,0.8288882678912728,0.0136226344670688,0.013356862901495747,0.013623831976809699,0.1822102080041077,0.17532974999630824,3.86960058400291,3.913433937486843
free,10.0,0.0888858741621725,0.03,0.0,4.0,0.0,0.0,735471,0 1 10 11 12 13 14 23,0 1 2 3 4 5 6 7,2.021387655150754,2.0848769643905762,2.017974484010454,2.054879056355174,-0.016298478054385,2.021387655150754,-0.016298478054385,0.0,,2.130300329154035,2.130300329154035,-0.1089126740032813,0,0.05388015194698448,1.0314087745999851,735471,199936,1,0,2.204595719580204,2.186041522266043,0.008416145032565936,0.8291426033913503,0.3146135925470925,0.8264181332721486,0.30750112966935395,0.31435536751045884,0.31994620661793854,6.532029666006565,0.20017450000159442,10.398764624987962,10.448809541994706
free,10.0,0.0888858741621725,0.03,1.1999999999999993,4.0,0.0,0.0,735471,5 8 9 12 13 14 16 17,1 5 6 7 11 15 16 21,8.604544682751738,8.60469448192483,8.512584942886656,8.512724838382152,0.0107861872799635,8.577602471391481,0.007621253387259719,0.0031409955695798075,0.0031409955695798075,8.626247238483636,8.626247238483636,-0.021702555731897277,0,0.002522220121118135,1.0000174093085241,21,21,0,1,9.99939285107737,9.997582421691154,0.00018105393129153047,0.8249692979716471,0.008024259036545224,0.825151301734269,0.007009605156424592,0.007009605156424596,0.007010470810583476,0.19276299999910407,0.18440304102841765,3.6755205420195125,3.7216221352573484
free,10.0,0.0888858741621725,0.03,2.4000000000000004,4.0,0.0,0.0,735471,7 9 10 11 12 14 15 16,1 2 6 7 11 15 16 20,8.843344419644637,8.843535039356961,8.739044277252242,8.739209672183192,0.011915808335953404,8.787364762029984,0.005510233951711907,0.006370471595368299,0.006370471595368299,8.847544758498806,8.847544758498806,-0.004200338854168706,0,0.000474971758969156,1.0000215551609526,213,128,0,1,9.999738965205188,9.997370951860699,0.00023680751594901128,0.8250028800111759,0.005516584522066549,0.8252362383678958,0.004429325550984407,0.004429325550984407,0.004430515960891413,0.18454137499793433,0.1543043330020737,3.5896313749835826,3.6282085422353703
free,10.0,0.0888858741621725,0.03,3.5999999999999996,4.0,0.0,0.0,735471,6 7 8 11 12 15 16 17,0 3 5 6 7 9 14 23,9.034234309320203,9.034429468440123,8.89840877355636,8.898545154314068,0.01524846507525468,9.027666452354417,0.014510382967237057,0.0007275254353324989,0.0007275254353324989,9.040657329604128,9.040657329604128,-0.006423020283925496,0,0.000710964544864634,1.0000216021760382,9,9,0,1,9.999251837151373,9.99626926988188,0.00029827904307910824,0.8250183643182161,0.003827974001899833,0.8254721905013213,0.002483724038237888,0.002483724038237888,0.0024846431481124675,0.14077854200149886,0.16202770901145414,3.4904075829836074,3.5309155102440855
free,10.0,0.0888858741621725,0.03,4.799999999999999,4.0,0.0,0.0,735471,8 9 11 12 13 14 16 17,0 1 5 8 10 13 19 20,9.131983276910043,9.132135491207547,8.972793150687561,8.972904351404416,0.01772881101543544,9.108592843917133,0.015122025957122753,0.002567952415232888,0.002567952415232888,9.132135491207544,9.12913468753408,0.0028485893759633285,1,1.666826283885925e-05,1.0000166682628393,66,66,0,1,9.999542561077043,9.99667704829572,0.00028656438670271456,0.8248387290975706,0.003039626968179887,0.825241172939219,0.0014808504373216898,0.0014808504373216907,0.0014815251282841123,0.15655604199855588,0.1710741249844432,3.7341467079822905,3.7769163642369676
free,10.0,0.0888858741621725,0.03,6.0,4.0,0.0,0.0,735471,6 7 8 11 12 14 15 22,0 2 5 7 8 9 10 14,9.177561968480386,9.17770590198446,9.136720307134265,9.136852042522893,0.004455574607975521,9.160923668896947,0.0026345645373291315,0.001816225108383973,0.001816225108383973,9.180957698894181,9.180957698894181,-0.0033957304137945954,0,0.00037000353966076815,1.0000156831961002,175,128,0,1,9.998795121006417,9.997568315793119,0.00012269530462927225,0.82489957017939,0.0013968147048802697,0.8258669196900463,0.0011003302891460184,0.000985876731158821,0.0011008057425650557,0.15611037498456426,0.17745520899188705,3.550044167001033,3.594409344259475
free,10.0,0.0888858741621725,0.05,0.0,0.0,0.0,0.0,735471,9 10 11 12 13 14 15 16,0 1 2 3 4 5 6 7,0.7400694937650948,0.8905644410410302,0.7350867683242704,0.8899434245019167,-0.16840838036496897,0.7400694937650948,-0.16840838036496897,0.0,,0.8905645545800694,0.8905560556701669,-0.15048656190507215,0,0.20335260686038126,1.2033524534436544,735471,199936,1,0,0.909090923099006,0.9090536512017152,4.09990863881049e-05,0.7187521407397223,0.7187521407397223,0.7233352631694152,0.7233352631694152,0.888278380991337,0.8884691293221293,6.226875457999995,0.21841608299291693,9.935328709019814,9.989933270750043
free,10.0,0.0888858741621725,0.05,-6.0,1.0,0.0,0.0,735471,7 8 9 10 13 14 16 17,6 7 8 9 10 11 18 22,5.755198044005548,5.86955969637825,5.453586834405103,5.519136507059531,0.04277146192055059,5.755198044005548,0.04277146192055059,0.0,0.0,5.904629059822567,5.904629059822567,-0.14943101581701956,0,0.025964530616398696,1.019871019467665,419,419,0,1,9.999281570166065,9.99805613467576,0.00012255235355718153,0.719129925524649,0.041411668688019654,0.7192660950671534,0.03365587211412298,0.03365587211412298,0.036086893214664656,0.21285599999828264,0.28998324999702163,3.2742144580115564,3.3467108535187435
free,10.0,0.0888858741621725,0.05,-4.8,1.0,0.0,0.0,735471,5 11 12 13 14 16 17 20,7 8 10 11 14 16 17 20,5.135346050129479,5.1518752775903565,4.764920911912238,4.8213726061989854,0.06512117390114347,5.135346050129479,0.06512117390114347,0.0,0.0,5.370466770912691,5.370466770912691,-0.235120720783212,0,0.04578478616397885,1.0032187173560505,772,772,0,1,9.999067321370568,9.991634645471208,0.0007433369193818873,0.7181448286770324,0.06006441185258019,0.7184876985398659,0.050575518015768234,0.046037505619394105,0.051020150531916574,0.3537476249912288,0.11786937501165085,3.8358985419909004,3.865366635749524
free,10.0,0.0888858741621725,0.05,-3.6,1.0,0.0,0.0,735471,6 7 9 10 11 12 16 19,3 4 6 7 11 12 19 20,4.643768231093498,4.6971723693517315,3.724449041102348,3.7249573717516804,0.2466634561537926,4.5695140481486805,0.22672921918562605,0.016249908012625713,0.016249908012625713,4.731166160591812,4.731166160591812,-0.08739792949831404,0,0.018820476205750225,1.0115001730492605,136,128,0,1,9.99904944918715,9.99463644978084,0.00044134189242051036,0.7193805505142443,0.1042386313609476,0.7198254710421674,0.0643606781123212,0.06339308097805531,0.06611803437844475,0.21518404097878374,0.11669566601631232,3.4034177499997895,3.4325928334801574
free,10.0,0.0888858741621725,0.05,-2.4000000000000004,1.0,0.0,0.0,735471,5 6 8 11 14 17 18 19,8 10 14 18 19 21 22 23,4.091341853596877,4.246589961044815,3.377804509073864,3.378311713615469,0.21106108625432984,4.091341853596877,0.21106108625432984,0.0,0.0,4.292074168018337,4.280331757108659,-0.18898990351178213,0,0.04906270891174458,1.0379455232545411,155,155,0,1,9.998604920336142,9.994575383928394,0.00040300986386132553,0.7187960334189621,0.12388195022834432,0.7400796844272097,0.08539035481594229,0.0805691817435993,0.08615507011076375,0.2389684999943711,0.30216420799843036,3.636035208008252,3.711577092988591
free,10.0,0.0888858741621725,0.05,-1.2000000000000002,1.0,0.0,0.0,735471,4 5 6 7 8 9 10 11,6 7 13 16 20 21 22 23,3.8660385058311837,3.867407647288174,3.815543299989171,3.8160189943390863,0.013107773196700423,3.8660385058311837,0.013107773196700423,0.0,0.0,3.867407647288174,3.862093662965351,0.003944842865832854,1,0.00035414584074255906,1.0003541458407426,1,1,0,1,9.998623134431975,9.99656684890159,0.00020565686922469073,0.7213874477521368,0.10015601709211283,0.716633325737721,0.09641482105681332,0.09641482105681332,0.09647423361276436,0.21430170800886117,0.15010666599846445,3.5935642500116955,3.6310915415160707
free,10.0,0.0888858741621725,0.05,0.0,1.0,0.0,0.0,735471,0 1 10 11 12 13 14 23,0 1 2 3 4 5 6 7,0.8140382550499679,0.9700787459720793,0.8097737031595045,0.9655392351731338,-0.1569081551574648,0.8140382550499679,-0.1569081551574648,0.0,,0.9760563556728213,0.9760563556728213,-0.1620181006228535,0,0.1990300819620674,1.1916869262029133,735471,199936,1,0,1.000214213978653,1.0000230231302534,0.0001911499014186635,0.730486269604985,0.6676719569382894,0.723338714399168,0.6567636078026524,0.7994554528606352,0.799660355907827,5.99963029101491,0.16406345900031738,9.241175041010138,9.282191697762755
free,10.0,0.0888858741621725,0.05,1.1999999999999993,1.0,0.0,0.0,735471,7 8 9 10 13 14 15 16,0 1 2 3 6 7 8 9,5.679822437612753,5.680579018447172,5.586615308896634,5.5873220826705845,0.016555400525246844,5.633341775038808,0.008236448818828013,0.008250992826300596,0.008250992826300596,5.680579018447172,5.667451557109163,0.01237088050358981,1,0.00013320501524982653,1.0001332050152498,26,26,0,1,9.999572130553593,9.996098454051285,0.00034738251366717154,0.7192747346783698,0.0398474839718151,0.7228388689194442,0.03836151850186573,0.03836151850186573,0.038374199664595654,0.18729299999540672,0.15510062500834465,3.593581124994671,3.632357448252151
free,10.0,0.0888858741621725,0.05,2.4000000000000004,1.0,0.0,0.0,735471,2 8 10 11 14 15 18 19,2 4 5 12 13 16 20 22,6.879840554072718,6.917481572206415,6.784638154263574,6.811966540806134,0.009963938146201112,6.784638154263574,-0.004011820430833479,0.014032052652552807,0.014032052652552807,6.917481572206416,6.91533877045414,-0.0354982163814217,0,0.005471205013816149,1.005471205013816,178,129,0,1,9.998567084065312,9.997260221155814,0.00013070501988032834,0.718859564783297,0.016643059439757163,0.7189748570386172,0.015050052451259935,0.01560516363310078,0.015614340369478421,0.18894987500971183,0.20945870902505703,3.835810958989896,3.8881766362537746
free,10.0,0.0888858741621725,0.05,3.5999999999999996,1.0,0.0,0.0,735471,7 8 10 11 12 13 15 16,0 3 4 10 13 15 18 22,7.4658305549154305,7.466573883898263,6.9746913872616965,6.9752213060066435,0.07033601191783023,7.417772431454026,0.06344617697882704,0.00647878104990407,0.00647878104990407,7.490073882990881,7.490073882990881,-0.0242433280754506,0,0.0032472379190937595,1.00009956413789,133,128,0,1,9.99885219508055,9.99632334112967,0.0002529144247300774,0.7192813404071982,0.014233626833128695,0.7195589358863512,0.007484823707447034,0.007371452539483357,0.007490627947359183,0.1442771250149235,0.2342369160032831,3.780246291978983,3.83880710399535
free,10.0,0.0888858741621725,0.05,4.799999999999999,1.0,0.0,0.0,735471,8 9 12 14 15 16 18 22,0 1 2 4 8 10 11 12,7.765332528827836,7.765853776829747,7.649773820382344,7.650247785583721,0.015043270031198652,7.719109163889008,0.009001195808984175,0.0059881735000026914,0.0059881735000026914,7.765853776829747,7.7647247725595525,0.0006077562682831328,1,6.712500720040815e-05,1.0000671250072004,72,72,0,1,9.998851992021947,9.99546902843368,0.00033833519997761297,0.7177214177303156,0.004930880254959472,0.7220659649512078,0.004093724179682525,0.0038346014019539237,0.004096963893106826,0.17659437502152286,0.19952991700847633,3.8901084160024766,3.9399917292539612
free,10.0,0.0888858741621725,0.05,6.0,1.0,0.0,0.0,735471,6 7 8 9 13 14 18 20,0 2 3 4 5 6 12 19,7.899314252922426,7.899758746406272,7.8617452212263546,7.877829914120978,0.0027271899794303334,7.870840675683003,-0.0008872035210416573,0.0036176030506362977,0.0036176030506362977,7.899758746406275,7.891555205251797,0.007759047670628405,1,5.626988237428243e-05,1.0000562698823738,48,48,0,1,9.998859530352652,9.995939462048087,0.00029204013674766216,0.7190129224888556,0.002384555680445433,0.7218240557451814,0.0024870498620644175,0.0023939416108607,0.00248884680942775,0.23626729199895635,0.1888355829869397,4.056984958006069,4.104195603766129
free,10.0,0.0888858741621725,0.05,-6.0,2.0,0.0,0.0,735471,8 11 12 13 14 15 17 21,0 1 3 4 5 12 17 23,5.853684389316438,5.941674134622685,5.723677068839129,5.798992736084229,0.009431233271235184,5.853684389316438,0.009431233271235184,0.0,0.0,6.024882373008337,6.024882373008337,-0.17119798369189887,0,0.029246193047980595,1.0150315151030072,471,471,0,1,9.999098859527768,9.992471245849968,0.0006628210972716708,0.7179545428844423,0.03492089290221275,0.7208234312660495,0.03243067988203949,0.031120890921984144,0.034250090066797995,0.23561191602493636,0.1779212919936981,3.8909900420112535,3.935471282013168
free,10.0,0.0888858741621725,0.05,-4.8,2.0,0.0,0.0,735471,7 8 9 10 12 13 15 18,2 5 6 15 16 19 22 23,5.397111967354148,5.463473222512647,5.108729352389482,5.211864852390008,0.03554334584850016,5.397111967354148,0.03554334584850016,0.0,0.0,5.544717280354311,5.544717280354311,-0.1476053130001631,0,0.02734894400801635,1.0122956973210677,138,138,0,1,9.999046297876536,9.995451781669273,0.00035948590497336674,0.7192661485055996,0.04911965147530932,0.7179740956053479,0.042527618018384415,0.040832620870305494,0.044138274347830506,0.29735949999303557,0.18541962502058595,4.213608417019714,4.259964240249246
free,10.0,0.0888858741621725,0.05,-3.6,2.0,0.0,0.0,735471,7 8 9 10 11 12 14 15,5 6 7 8 19 20 22 23,4.250222775238458,4.252415300074413,3.4651408217983737,3.4655399597159544,0.2264244027319826,4.12983240633715,0.19168512103252255,0.02915139333900596,0.02915139333900596,4.2524153000744125,4.245203987623479,0.005018787614979203,1,0.0005158611564382021,1.0005158611564384,386,139,0,1,9.999560267499652,9.993740539286769,0.0005819984136500311,0.7196918450109282,0.11878503812761575,0.7178469319125497,0.07992335100922315,0.07992335100922318,0.08000476616672783,0.1845318749838043,0.2259360000025481,3.961063374998048,4.01754912501201
free,10.0,0.0888858741621725,0.05,-2.4000000000000004,2.0,0.0,0.0,735471,7 9 10 13 14 16 17 21,15 16 17 18 19 20 21 22,4.632878553044386,4.713324177489193,3.9522215497876165,3.9634765552139433,0.16889263466182136,4.632878553044386,0.16889263466182136,0.0,0.0,4.713324177489193,4.696318388295434,-0.06343983525104768,0,0.017364069341283317,1.0173640693412833,16,16,0,1,9.998928950964379,9.997421607519684,0.0001507504905862156,0.7182128021618023,0.09232190949861267,0.7153104229021311,0.06287759382045624,0.06287759382045624,0.0655074595955307,0.23655920900637284,0.1791209999937564,3.902699208992999,3.9474807499791496
free,10.0,0.0888858741621725,0.05,-1.2000000000000002,2.0,0.0,0.0,735471,4 7 9 10 12 13 15 20,4 8 9 10 16 19 20 21,4.554253667056802,4.5808696227936325,4.135863202435075,4.201996615621142,0.08383087461949068,4.444069538406655,0.05760902374018917,0.02479352037539262,0.02479352037539262,4.661523009058837,4.661523009058837,-0.1072693420020352,0,0.02355365990655467,1.0058441970260368,240,148,0,1,9.998611985495465,9.99535540082826,0.00032570367486306484,0.7193605953504659,0.08230907460961026,0.7181407016978496,0.06788363923425837,0.06655306052081764,0.06879355630999313,0.21364220799296163,0.1851084170048125,3.957442374987295,4.0037204792461125
free,10.0,0.0888858741621725,0.05,0.0,2.0,0.0,0.0,735471,0 1 10 11 12 13 14 23,0 1 2 3 4 5 6 7,1.0273274667637575,1.1980206747207345,1.0219821656612793,1.1791962567774796,-0.1287900882833115,1.0273274667637575,-0.1287900882833115,0.0,,1.2220706502524055,1.2220706502524055,-0.19474318348864794,0,0.18956290938284703,1.166152676219869,735471,199936,1,0,1.265525897563779,1.263366836569002,0.0017060583263711626,0.730486269604985,0.5305922368023804,0.723338714399168,0.5148922823106132,0.6133498093072172,0.6151842943654455,6.359311834006803,0.22901070798980072,10.013740499998676,10.070993927001837
free,10.0,0.0888858741621725,0.05,1.1999999999999993,2.0,0.0,0.0,735471,3 7 9 10 12 13 15 19,0 1 2 5 12 13 17 20,6.040244332415866,6.04088322981918,5.641013286928077,5.641581432500561,0.07066509713369551,5.929622578312967,0.05105680902752385,0.018655783338974663,0.018655783338974663,6.126448396265537,6.126448396265537,-0.08620406384967083,0,0.014271618680562925,1.0001057734369925,138,128,0,1,9.99894285927349,9.991678947838642,0.0007264679413695463,0.7194986105068364,0.038649041200722045,0.7205421520865719,0.030391742152245098,0.030115401430058225,0.03039965266103023,0.2616167500091251,0.20010020799236372,4.132279332989128,4.18230559299991
free,10.0,0.0888858741621725,0.05,2.4000000000000004,2.0,0.0,0.0,735471,6 8 12 13 17 18 19 20,0 1 2 3 4 8 9 15,6.929654726695212,7.031500391705319,6.85483029163523,6.9554611546268355,-0.0037102396746845345,6.89466483164755,-0.008740804042711603,0.0050749232779312425,0.0050749232779312425,7.031500391705318,7.0292470033570975,-0.09959227666188575,0,0.01469707640955975,1.01469707640956,274,211,0,1,9.998539537280918,9.995868683885591,0.0002671243520483424,0.7177684845302694,0.014309078490651004,0.7329671211607769,0.01535462648907095,0.015167338516430824,0.015361507142770073,0.21724133400130086,0.18464966700412333,3.8551911669783294,3.9013548337388784
free,10.0,0.0888858741621725,0.05,3.5999999999999996,2.0,0.0,0.0,735471,8 9 11 12 13 14 16 17,0 1 3 4 19 20 22 23,7.165980886928135,7.166577684155951,6.8725425075233755,6.872914801338027,0.042640727269462664,7.144602678267829,0.039530226226129006,0.0029922179892987177,0.0029922179892987177,7.166577684155951,7.161870636590606,0.004110250337528321,1,8.328200105922612e-05,1.0000832820010592,8,8,0,1,9.99976509599525,9.994289497528454,0.0005475727093818827,0.7187370695979338,0.01568941745325815,0.7189111272628437,0.011428551906525593,0.011428551906525593,0.011433331780035492,0.12872904201503843,0.21854787500342354,3.676632583985338,3.7312704687501537
free,10.0,0.0888858741621725,0.05,4.799999999999999,2.0,0.0,0.0,735471,4 6 7 8 12 13 14 16,0 1 4 5 6 8 9 14,7.725283778726976,7.725735973230413,7.5715640553129555,7.5720112303380365,0.02024198640578323,7.725283778726976,0.02024198640578323,0.0,0.0,7.739521172354007,7.739521172354007,-0.014237393627031025,0,0.0018429605998728782,1.0000585343550332,4,4,0,1,9.998790080813064,9.989247333754435,0.0009543901793619414,0.7200489480315422,0.006207612380292278,0.7221384724986574,0.004585929042190034,0.004505805182700059,0.004588351696925126,0.17511804099194705,0.17313650000141934,3.947043083026074,3.9903285000036703
free,10.0,0.0888858741621725,0.05,6.0,2.0,0.0,0.0,735471,6 7 8 11 12 15 16 17,0 4 5 6 7 13 14 18,7.884000559964459,7.8868595349964625,7.756940861973562,7.757339834723746,0.01632785567466688,7.860522299592377,0.013301269129239568,0.002986857549313271,0.002986857549313271,7.8968249118317075,7.8968249118317075,-0.012824351867248396,0,0.0016266300046161586,1.0003626299884505,70,70,0,1,9.999316563820562,9.997304405408922,0.00020122959392243622,0.7192519695793432,0.003833019801940794,0.7208235295831315,0.0025096333125849747,0.002458053783004956,0.0025397753358954805,0.17155200001434423,0.1959454579919111,4.0162384169816505,4.0652255734821665
free,10.0,0.0888858741621725,0.05,-6.0,4.0,0.0,0.0,735471,5 7 8 12 13 14 15 17,0 1 3 4 8 9 19 22,6.276643183751691,6.287903075653215,5.978079640757256,6.061399810851421,0.03551050576055559,6.230446398909651,0.027889034436499927,0.007414682975223963,0.007414682975223963,6.363807652868008,6.363807652868008,-0.08716446911631692,0,0.013887115543218975,1.0017939353205025,464,251,0,1,9.999097457621536,9.9938124732829,0.0005285461373925049,0.7193205204293329,0.02978646933537559,0.7207670555128138,0.02574169672129526,0.024122815676447983,0.025943429638740707,0.24995395800215192,0.22300525000900961,3.92816812498495,3.9839205214884714
free,10.0,0.0888858741621725,0.05,-4.8,4.0,0.0,0.0,735471,6 9 13 14 15 16 18 19,4 5 13 14 18 19 21 22,6.015427393998341,6.083560092689782,5.234690208251545,5.235083108749868,0.1490605342910818,5.968180969595471,0.14003557261971822,0.007916386021731725,0.007916386021731725,6.096503958689922,6.096503958689922,-0.08107656469158098,0,0.013478105441430799,1.0113263271632897,140,131,0,1,9.998969091807549,9.994647821991581,0.0004321715345143584,0.7180086870411011,0.04826738054758144,0.7174793362387025,0.02905153835732422,0.028805333002990072,0.030383411293925387,0.2837871669908054,0.2144912910007406,4.136003874999005,4.189627697756805
free,10.0,0.0888858741621725,0.05,-3.6,4.0,0.0,0.0,735471,7 8 9 12 13 16 17 18,2 6 10 11 14 15 17 18,5.807237409144492,5.890754895103769,5.101854295758578,5.102298172426822,0.13816112130161473,5.7962010132831345,0.1359980968196277,0.001904074036781278,0.001904074036781278,5.970918786257239,5.970918786257239,-0.16368137711274677,0,0.028185756079991187,1.014381620738936,523,500,0,1,9.998831389803478,9.997879180279634,9.523208130246541e-05,0.7187079302187035,0.051973774947056676,0.7191366392948907,0.03319298535592032,0.03274506234242824,0.03494432609455657,0.26184483399265446,0.22636483400128782,3.7862898750172462,3.8428820425178856
free,10.0,0.0888858741621725,0.05,-2.4000000000000004,4.0,0.0,0.0,735471,8 9 11 12 13 14 16 17,0 4 6 8 10 12 21 22,5.732223493857201,5.79039694510543,5.268581206660809,5.269225488748603,0.08786832260210531,5.673762995926913,0.07677361844584585,0.010303655258821154,0.010303655258821154,5.7937097435391856,5.7937097435391856,-0.061486249681984795,0,0.010726422259682566,1.010148496706482,176,137,0,1,9.999576976122077,9.99652186105153,0.00030552443146769637,0.7187370672311065,0.047516917626834916,0.7196977169874141,0.03540572860882026,0.03521775994752031,0.03666136442871422,0.1816476249950938,0.221722292015329,4.039078625006368,4.094509988994105
free,10.0,0.0888858741621725,0.05,-1.2000000000000002,4.0,0.0,0.0,735471,6 7 10 14 15 16 17 19,0 2 4 8 9 18 19 23,5.764608968819808,5.872065431526486,5.370394104363455,5.371494747424612,0.07318525659616015,5.7264641900321065,0.06608392250177397,0.0066611398450895365,0.0066611398450895365,5.872065431526482,5.8621398111924155,-0.09753084237260712,0,0.01864072017510554,1.0186407201751062,89,89,0,1,9.998791256579032,9.99525407026962,0.0003537613916166915,0.7184143286421124,0.044859826508308345,0.7196421253979914,0.03366761809530654,0.034653298902820186,0.03594679800705729,0.24829845799831674,0.1815564589924179,3.9370340000023134,3.982424156725756
free,10.0,0.0888858741621725,0.05,0.0,4.0,0.0,0.0,735471,0 1 10 11 12 13 14 23,0 1 2 3 4 5 6 7,1.7692104958085773,1.977450129974113,1.760104495160219,1.9209940588194976,-0.07901303094305012,1.7692104958085773,-0.07901303094305012,0.0,,2.055388356438885,2.055388356438885,-0.2861778606303076,0,0.16175455736233157,1.1177020115237133,735471,199936,1,0,2.204595719580204,2.186041522266043,0.008416145032565936,0.730486269604985,0.29137884672607867,0.723338714399168,0.27690778274721173,0.3142841969535322,0.3199465538451219,6.5219866250117775,0.21776925001177005,10.332527916994877,10.3869706875048
free,10.0,0.0888858741621725,0.05,1.1999999999999993,4.0,0.0,0.0,735471,5 8 9 12 13 14 16 17,1 5 6 7 11 15 16 21,6.678674973169377,6.679039228451565,6.512368469050867,6.512718273826059,0.025481940468741193,6.6512422053453815,0.02126975645116347,0.00412445780458115,0.00412445780458115,6.756614412248792,6.756614412248792,-0.07793943907941525,0,0.011669895509592187,1.0000545400522785,35,35,0,1,9.99939285107737,9.997582421691154,0.00018105393129153047,0.7191193588843917,0.02153182374047715,0.7198145145386002,0.018886290353992266,0.01886258510019029,0.018888727990039142,0.18281175001175143,0.1597853339917492,3.7245992090029176,3.764546333513863
free,10.0,0.0888858741621725,0.05,2.4000000000000004,4.0,0.0,0.0,735471,7 9 10 11 12 14 15 16,0 2 6 8 11 14 22 23,7.144370526768091,7.14549153834342,6.926313000452465,6.926717670665015,0.031422221382697124,7.099025579933515,0.0248758383784331,0.006387488863647706,0.006387488863647706,7.151505716511352,7.151505716511352,-0.0071351897432609945,0,0.0009987149625747538,1.0001569083757806,80,80,0,1,9.999738965205188,9.992188151879336,0.0007551010433497485,0.7191489145551565,0.014936592516495087,0.7194430635538829,0.011799020598849843,0.011808507259994954,0.011811316297456527,0.14953787499689497,0.16800366598181427,3.4064787499955855,3.4484804584935773
free,10.0,0.0888858741621725,0.05,3.5999999999999996,4.0,0.0,0.0,735471,6 7 8 11 12 15 16 17,0 1 2 3 5 9 14 23,7.545222987113292,7.556152862181292,7.2452083522153075,7.245561861307272,0.041357886599004745,7.534207889444834,0.039837632148169044,0.0014620113793104572,0.0014620113793104572,7.5561528621812935,7.555016566459479,-0.009793579346186299,0,0.0014485821143614963,1.0014485821143613,8,8,0,1,9.999251837151373,9.994739031928974,0.00045131428789824124,0.7192519695793432,0.010382061623496586,0.7213614544966594,0.006580888839286752,0.006601281251505806,0.0067150405223266275,0.15739420900354162,0.1696197090204805,3.469666666991543,3.5120729272603057
free,10.0,0.0888858741621725,0.05,4.799999999999999,4.0,0.0,0.0,735471,8 9 11 12 13 14 16 17,0 1 5 8 10 13 19 20,7.753587482318204,7.753983673527682,7.403347253040118,7.403680807076103,0.047261177833014534,7.700264633748199,0.040058969909755326,0.006924807276922129,0.006924807276922129,7.753983673527682,7.744695282802116,0.008892199516087551,1,5.109779316758711e-05,1.0000510977931676,158,128,0,1,9.999542561077043,9.99667704829572,0.00028656438670271456,0.7187370695979338,0.00819246947887122,0.7201609661663883,0.003990380997486653,0.003990380997486653,0.0039920887441669455,0.1534952920046635,0.20269804101553746,3.4939265419961885,3.544601969253563
free,10.0,0.0888858741621725,0.05,6.0,4.0,0.0,0.0,735471,6 7 8 11 12 14 15 22,0 2 5 7 8 11 12 14,7.873219312385985,7.87361805289167,7.758995587244528,7.759364790491611,0.01467317557152259,7.8226001825429,0.008149557825761544,0.006470882911291831,0.006470882911291831,7.87361805289167,7.869814033619444,0.0034052787665412865,1,5.0645166845164624e-05,1.0000506451668452,268,128,0,1,9.998795121006417,9.995611242793744,0.00031842618776967146,0.7190154721145781,0.0037783440475017607,0.7213822033606004,0.0027342931503205356,0.0026210727149041393,0.0027355988888565705,0.1791054159984924,0.1720348329981789,3.676573707984062,3.719583541242173
free,10.0,0.0888858741621725,0.08,0.0,0.0,0.0,0.0,735471,9 10 11 12 13 14 15 16,0 1 2 3 4 5 6 7,0.5198972521335894,0.8511326960274629,0.5097505750522158,0.8486687912010484,-0.387396758872418,0.5198972521335894,-0.387396758872418,0.0,,0.8511332363974629,0.8510995738765179,-0.3312023217429285,0,0.637118166915722,1.6371171275372722,735471,199936,1,0,0.909090923099006,0.9090536512017152,4.09990863881049e-05,0.4984739630295087,0.4984739630295087,0.5081953638951119,0.5081953638951119,0.8881933200451229,0.8884731284790698,6.188891165977111,0.20271404201048426,9.882239666010719,9.932919676495658
free,10.0,0.0888858741621725,0.08,-6.0,1.0,0.0,0.0,735471,7 8 9 10 13 14 16 17,5 6 7 8 9 10 11 22,2.9606265651916948,3.27292907849876,2.715859513370282,2.9850659571974756,-0.008187220100397963,2.9606265651916948,-0.008187220100397963,0.0,0.0,3.3361136181792204,3.3361136181792204,-0.3754870529875256,0,0.1268268877278056,1.1054852769946837,73597,73597,0,1,9.999281570166065,9.997660934680212,0.00016207519255073688,0.4992783899874038,0.0783728722596823,0.501432615492267,0.0643202001112933,0.06385294035503535,0.08045790990659779,2.812996332999319,0.27678304197615944,5.925444499996956,5.994641385470459
free,10.0,0.0888858741621725,0.08,-4.8,1.0,0.0,0.0,735471,5 11 12 13 14 16 17 20,6 7 9 10 12 13 15 16,2.5133209044844347,2.7141388633185795,2.2199379518022067,2.432582729586099,0.033190310001120826,2.5028712550949432,0.028894608456257354,0.0041750646854965545,0.0041750646854965545,2.912581946700973,2.912581946700973,-0.39926104221653835,0,0.15885796417964393,1.0799014397548008,76398,75827,0,1,9.999067321370568,9.97676816964997,0.0022301231708820035,0.4973347756580124,0.11556134549832112,0.5001033470813778,0.09537269633333306,0.08759200792431064,0.11006918218222894,2.6172474999912083,0.11495474999537691,5.9438247499929275,5.972564145500655
free,10.0,0.0888858741621725,0.08,-3.6,1.0,0.0,0.0,735471,6 7 9 10 11 12 16 19,3 4 6 7 11 12 20 23,2.077955743748574,2.306303005892037,1.6545515472740273,1.7022439437415742,0.22071560388764033,2.066248983153623,0.2138383518709761,0.005665706645422652,0.005665706645422652,2.3729122137776617,2.3729122137776617,-0.29495647002908765,0,0.14194550144604823,1.1098903394985355,22928,21971,0,1,9.99904944918715,9.989141760110998,0.0009908630941872776,0.4998143351351715,0.20473498844848673,0.5002733581684358,0.12802983764601591,0.12259106539645136,0.15183434563114984,0.9460353750037029,0.12434424998355098,4.188086167006986,4.219172770513978
free,10.0,0.0888858741621725,0.08,-2.4000000000000004,1.0,0.0,0.0,735471,5 6 8 11 14 17 18 19,3 9 12 13 15 16 18 19,1.759299416781613,1.8733407170015806,1.4197394676591166,1.4611275421826178,0.20406971054257794,1.7478599268827688,0.19624048991084853,0.006544855066987987,0.006544855066987987,2.032984979064492,2.032984979064492,-0.2736855622828791,0,0.15556508441499273,1.0648219962629157,20946,20204,0,1,9.998604920336142,9.983372157959337,0.001523488776501436,0.4986894081523648,0.2524186278441531,0.497731594045196,0.17680610035587035,0.16195089542533905,0.19399041272689224,0.8707290000165813,0.15069908398436382,4.128893124987371,4.166568979984731
free,10.0,0.0888858741621725,0.08,-1.2000000000000002,1.0,0.0,0.0,735471,4 5 6 7 8 9 10 11,2 3 4 5 6 11 12 13,1.6427681230088464,1.6568334747997409,1.640887399716472,1.6555574336586214,-0.007725078206143432,1.6424175647727692,-0.007936824551483146,0.00021344038422155265,0.00021344038422155265,1.6826302762588425,1.6826302762588425,-0.03986215324999609,0,0.024265234205412822,1.0085619824209473,183,183,0,1,9.998623134431975,9.997728995737099,8.942618227081311e-05,0.5039246034912713,0.2154977692235159,0.5044291727648729,0.21556788080909434,0.20630554784118732,0.2181333619581797,0.25353595899650827,0.18643475000862963,3.3611994169768877,3.407809021482535
free,10.0,0.0888858741621725,0.08,0.0,1.0,0.0,0.0,735471,0 1 10 11 12 13 14 23,0 1 2 3 4 5 6 7,0.5718604052257634,0.9182102148078899,0.563173405725912,0.9102862600669561,-0.37177959251664394,0.5718604052257634,-0.37177959251664394,0.0,,0.9262303735009962,0.9262303735009962,-0.3543699682752328,0,0.6196791472830365,1.6056544681483793,735471,199936,1,0,1.000214213978653,1.0000230231302534,0.0001911499014186635,0.5005494982963077,0.46099554254677544,0.5082004893867303,0.4645826902156015,0.7994095674549302,0.7996635955648065,6.475432250008453,0.168483457993716,9.510940291977022,9.553062656486873
free,10.0,0.0888858741621725,0.08,1.1999999999999993,1.0,0.0,0.0,735471,7 8 9 10 13 14 15 16,0 1 2 3 6 7 8 9,2.796195792148153,2.7970127611327404,2.704656057428418,2.7054242469200624,0.03355168614734927,2.76208617486913,0.02094382351070201,0.0123492226960078,0.0123492226960078,2.7970127611327396,2.7838876672095845,0.012308124938568366,1,0.00029217159502237244,1.0002921715950226,18,18,0,1,9.999572130553593,9.996098454051285,0.00034738251366717154,0.4995590899457877,0.09576505092453098,0.507119642544068,0.09242171570334305,0.0922433051916899,0.09245016648095933,0.22315479200915433,0.18948579099378549,3.8874190839997027,3.9347915317557636
free,10.0,0.0888858741621725,0.08,2.4000000000000004,1.0,0.0,0.0,735471,2 8 10 11 14 15 18 19,0 2 3 4 11 12 13 15,3.935638928864055,3.9406301554414065,3.7906883724785496,3.8437548916213795,0.023904759755353888,3.8932677276406467,0.012881371839602807,0.010883197403196654,0.010883197403196654,4.051422866980376,4.051422866980376,-0.11578393811632104,0,0.029419349744500112,1.001268212523447,74,74,0,1,9.998567084065312,9.98008124256842,0.0018488490742191166,0.4988220448162576,0.04088880161218303,0.503849203292816,0.038974184614741,0.037768550336664694,0.039119274323799344,0.17968000000109896,0.2007917080190964,3.7954263749998063,3.8456257190118777
free,10.0,0.0888858741621725,0.08,3.5999999999999996,1.0,0.0,0.0,735471,7 8 10 11 12 13 15 16,0 1 6 7 11 14 16 19,4.664462281573996,4.6674703027640065,4.033217969919695,4.034184299618795,0.15623430541206496,4.664462281573996,0.15623430541206496,0.0,0.0,4.701001055252192,4.701001055252192,-0.03653877367819636,0,0.007833437483787842,1.0006448805903938,8,8,0,1,9.99885219508055,9.9912588371876,0.0007594229562355448,0.4995634546438714,0.03494670698467221,0.501920024424205,0.01864989829404976,0.018156932786400813,0.018704794815800733,0.17474562500137836,0.17709483299404383,3.785801291000098,3.8300754162482917
free,10.0,0.0888858741621725,0.08,4.799999999999999,1.0,0.0,0.0,735471,8 9 12 14 15 16 18 22,0 1 2 4 8 10 11 12,5.115153920101683,5.116256906667084,4.905635448755005,4.906664250529102,0.04249112205916661,5.115153920101683,0.04249112205916661,0.0,0.0,5.116256906667085,5.110000660331725,0.005153259769958396,1,0.00021563115844225322,1.000215631158442,1,1,0,1,9.998851992021947,9.99546902843368,0.00033833519997761297,0.49650148859604415,0.01230333774335064,0.5054888283220399,0.009914643001719023,0.009556488728475662,0.009922751561337328,0.18214229098521173,0.20226712501607835,3.9490439999790397,3.999611364240991
free,10.0,0.0888858741621725,0.08,6.0,1.0,0.0,0.0,735471,6 7 8 9 13 14 18 20,0 2 3 4 5 6 12 19,5.315520732475665,5.316534723782356,5.233925500313938,5.2607623675490505,0.010408826915351943,5.294921921711883,0.006493270704174936,0.003890295469573646,0.003890295469573646,5.316534723782358,5.306756692804434,0.008764039671230961,1,0.00019076048382205002,1.0001907604838216,9,9,0,1,9.998859530352652,9.995939462048087,0.00029204013674766216,0.499109148510202,0.0059880459352169586,0.5050512354221801,0.006110446121967426,0.005976995047704738,0.006115067106002774,0.24872699999832548,0.23293795899371617,3.981625917018391,4.039861281773483
free,10.0,0.0888858741621725,0.08,-6.0,2.0,0.0,0.0,735471,8 11 12 13 14 15 17 21,0 1 3 4 5 12 17 23,3.0353128454419345,3.3457095064035522,2.9509136995903344,3.1975370961416987,-0.050734126242197974,3.0353128454419345,-0.050734126242197974,0.0,0.0,3.4115834038281174,3.4115834038281174,-0.37627055838618295,0,0.12396434158384051,1.1022618348641504,91832,91832,0,1,9.999098859527768,9.992471245849968,0.0006628210972716708,0.49693337966627094,0.06652542044513465,0.5030852018393271,0.06148139498550527,0.059138025686085074,0.07683560114800277,3.1443974589928985,0.19663004198810086,6.760630666976795,6.809789135484607
free,10.0,0.0888858741621725,0.08,-4.8,2.0,0.0,0.0,735471,7 8 9 10 12 13 15 18,0 1 4 6 7 10 12 20,2.6549163431085168,2.8848971788225155,2.437038136676587,2.716818592097681,-0.022784829715615684,2.6549163431085168,-0.022784829715615684,0.0,0.0,2.9947985634071808,2.9947985634071808,-0.339882220298664,0,0.12801993598815686,1.0866245131644054,59633,59633,0,1,9.999046297876536,9.948210929135907,0.0050840217382955855,0.4995535042103972,0.09498856841689098,0.5038290801224199,0.0857578129060994,0.07836727542713304,0.10086061004543069,1.989483332989039,0.19543712501763366,5.672870667011011,5.721730406243296
free,10.0,0.0888858741621725,0.08,-3.6,2.0,0.0,0.0,735471,7 8 9 10 11 12 14 15,0 7 8 9 20 21 22 23,1.9632042275390367,1.9869813061188446,1.5380752935494202,1.538546576221054,0.2760122169073478,1.9027646771835882,0.2367286805558524,0.03176406997680292,0.03176406997680292,2.2745461160521687,2.2745461160521687,-0.31134188851313205,0,0.15858864001297146,1.0121113627641347,50073,28258,0,1,9.999560267499652,9.919500156071273,0.008006363208649114,0.5003902378108893,0.2363498031612514,0.49691727649968925,0.1612006641305878,0.15768478213677603,0.164194342481793,1.0275506670004688,0.17868191600427963,4.711626000003889,4.75629768800718
free,10.0,0.0888858741621725,0.08,-2.4000000000000004,2.0,0.0,0.0,735471,7 9 10 13 14 16 17 21,6 14 15 16 17 18 20 21,2.040366966816408,2.240662584304703,1.688612315822488,1.78276104852683,0.14449828736299164,2.026462227962021,0.13669873460415305,0.006861583039902364,0.006861583039902364,2.2710257162169802,2.2710257162169802,-0.2306587494005723,0,0.11304767875186195,1.0981664674765919,14410,13093,0,1,9.998928950964379,9.996504635897429,0.00024245747507944948,0.4974732739993171,0.19016064999786572,0.49469486809327257,0.13189474294568207,0.1297012670825897,0.1535335248984914,0.7703733750095125,0.1691942919860594,4.459294125001179,4.501593281005626
free,10.0,0.0888858741621725,0.08,-1.2000000000000002,2.0,0.0,0.0,735471,4 7 9 10 12 13 15 20,0 1 2 3 15 21 22 23,1.9536449032994785,2.085622065212525,1.7170888280790664,1.8688368747068895,0.045380113021309176,1.9536449032994785,0.045380113021309176,0.0,0.0,2.187442438737201,2.187442438737201,-0.23379753543772264,0,0.11967248246744622,1.067554324580763,3828,3828,0,1,9.998611985495465,9.987854980413477,0.0010758498377168024,0.499801931856158,0.1785542318313201,0.5000010801414081,0.1508512711630799,0.1440689608496134,0.16701047519931192,0.30623891699360684,0.19169825001154095,4.003602832992328,4.051528145500924
free,10.0,0.0888858741621725,0.08,0.0,2.0,0.0,0.0,735471,0 1 10 11 12 13 14 23,0 1 2 3 4 5 6 7,0.7216963575115986,1.1079181792913582,0.7107584300326556,1.0827590080766791,-0.33346538599243936,0.7216963575115986,-0.33346538599243936,0.0,,1.143431462573527,1.143431462573527,-0.42173510506192835,0,0.5843664037824252,1.535158335995277,735471,199936,1,0,1.265525897563779,1.263366836569002,0.0017060583263711626,0.5253718014836776,0.39632994723921516,0.5082004893867303,0.36981270023235846,0.6133585054801393,0.6151862117400224,6.621483124996303,0.20324320899089798,10.332660625019344,10.383472802248434
free,10.0,0.0888858741621725,0.08,1.1999999999999993,2.0,0.0,0.0,735471,3 7 9 10 12 13 15 19,0 1 2 5 8 11 12 13,3.10095374837327,3.1724988743774998,2.7309997768447634,2.7557330209605917,0.12527364762365178,3.0619817764224764,0.11113150407985928,0.012727695589464627,0.012727695589464627,3.210812433157492,3.210812433157492,-0.10985868478422178,0,0.035427385797628386,1.0230719745632328,146,133,0,1,9.99894285927349,9.984050883985011,0.0014893549746277657,0.5000802814846852,0.09258318604104253,0.5049463101814895,0.0702777158581924,0.0702777158581924,0.0739269585919084,0.28067995799938217,0.1848492089775391,4.053878666018136,4.100091927262838
free,10.0,0.0888858741621725,0.08,2.4000000000000004,2.0,0.0,0.0,735471,6 8 12 13 17 18 19 20,0 1 2 3 4 5 6 7,4.056184268611495,4.061215668902985,3.869689371317734,4.009582196752344,0.011622675274470584,4.056184268611495,0.011622675274470584,0.0,0.0,4.148937916993089,4.148937916993089,-0.09275364838159383,0,0.022867217621093117,1.001240426952598,68,68,0,1,9.998539537280918,9.964426303352203,0.003411821676707727,0.4966246310457715,0.03497357220309327,0.5081955144697694,0.03624796651540056,0.03624796651540056,0.03638611206224728,0.21806091701728292,0.22184300000662915,3.7964145409932826,3.851876541004458
free,10.0,0.0888858741621725,0.08,3.5999999999999996,2.0,0.0,0.0,735471,8 9 11 12 13 14 16 17,0 1 2 3 17 20 21 22,4.264663206701508,4.265719307813846,3.8963605082507704,3.897159420597144,0.09430042408890027,4.236657069618533,0.08711412913392436,0.006610432853725534,0.006610432853725534,4.265719307813846,4.2620937427303085,0.0025694639711995038,1,0.0002476399802635587,1.0002476399802636,14,14,0,1,9.99976509599525,9.978098463507786,0.0021667141457294425,0.49846404938325223,0.039018580233197035,0.500151761090397,0.02836322850949899,0.028267416044754634,0.028375925328932124,0.10157308398629539,0.19696562498575076,3.6737507910002023,3.722992947223247
free,10.0,0.0888858741621725,0.08,4.799999999999999,2.0,0.0,0.0,735471,4 6 7 8 12 13 14 16,0 1 4 5 6 8 9 14,5.042507160791611,5.04350188468695,4.798696947196078,4.799640801209989,0.05060094487079003,5.042507160791611,0.05060094487079003,0.0,0.0,5.055542927530421,5.055542927530421,-0.013035766738810572,0,0.0025851756523365133,1.0001972677209214,4,4,0,1,9.998790080813064,9.989247333754435,0.0009543901793619414,0.5011839498961868,0.015535262888299766,0.505630617812829,0.011368002880685683,0.011191359090256876,0.011374263846559084,0.27126516701537184,0.18400991699309088,3.9889004589931574,4.034903938249045
free,10.0,0.0888858741621725,0.08,6.0,2.0,0.0,0.0,735471,6 7 8 11 12 15 16 17,0 4 5 6 7 8 9 18,5.293225806681159,5.311527171552809,5.0725432128129855,5.0734852866788005,0.043311551642678525,5.293225806681159,0.043311551642678525,0.0,0.0,5.311527171552811,5.307624610801559,-0.0143988041204004,0,0.0034575069230093902,1.0034575069230092,5,5,0,1,9.999316563820562,9.995626597505117,0.00036902185183296243,0.49954513503834463,0.009576052267372017,0.5042772507825084,0.006054287959804264,0.006090715665530551,0.006368951612822364,0.22494520799955353,0.17962020900449716,3.865890458022477,3.9107963022761396
free,10.0,0.0888858741621725,0.08,-6.0,4.0,0.0,0.0,735471,5 7 8 12 13 14 15 17,0 2 3 6 7 10 16 23,3.4217824342457144,3.6286331711232624,3.18493883180253,3.3940542895897137,0.008169623196967901,3.4200284470689812,0.007652840898549007,0.000512857481707929,0.000512857481707929,3.7283030899522944,3.7283030899522944,-0.30652065570658005,0,0.08957923585055405,1.0604511656870275,40123,39474,0,1,9.999097457621536,9.989657461957554,0.000944084774049947,0.4996840343867214,0.0583374734193198,0.5028398293593469,0.04968967361183691,0.04578030232320126,0.058046438850646837,1.5001692920050118,0.2032803329930175,5.051062334008748,5.101883292263665
free,10.0,0.0888858741621725,0.08,-4.8,4.0,0.0,0.0,735471,6 9 13 14 15 16 18 19,3 4 13 14 18 19 21 22,3.146892493845573,3.404688867470738,2.646039798505777,2.6862155156631493,0.17149665598171326,3.146892493845573,0.17149665598171326,0.0,0.0,3.411484600752075,3.411484600752075,-0.2645921069065018,0,0.08408044044210872,1.0819209344231941,13989,13989,0,1,9.998969091807549,9.994907440788209,0.0004062069781441968,0.4970596115890996,0.09615497929533195,0.49641976543578464,0.056918862998601605,0.056889996594471214,0.06884167577174592,0.7019092090195045,0.19062354101333767,4.4487664589833,4.496423802251229
free,10.0,0.0888858741621725,0.08,-3.6,4.0,0.0,0.0,735471,7 8 9 12 13 16 17 18,1 2 4 5 7 8 10 11,2.990137989190839,3.1142679529652084,2.444863594150947,2.5537921374193133,0.1708619293551692,2.990137989190839,0.1708619293551692,0.0,0.0,3.293773238839444,3.293773238839444,-0.3036352496486052,0,0.10154556436733952,1.0415131222114469,12051,12051,0,1,9.998831389803478,9.986027316358806,0.0012805569916629622,0.4984459826905135,0.10629288584223755,0.5055162835938762,0.07343679403102382,0.06626898939969944,0.08015273977343827,0.6992993330059107,0.17859116700128652,4.1726443329826,4.217292708730383
free,10.0,0.0888858741621725,0.08,-2.4000000000000004,4.0,0.0,0.0,735471,8 9 11 12 13 14 16 17,0 2 3 4 5 7 11 19,2.8474332372106828,2.9623702867289627,2.5607944843614394,2.6337720382090004,0.08112364923844151,2.838407578877615,0.07769675495824968,0.003179831677533995,0.003179831677533995,3.107226705964057,3.107226705964057,-0.25979346875337406,0,0.09123777350013129,1.0403651429000216,7012,6261,0,1,9.999576976122077,9.995710581375107,0.0003866558311619306,0.4984640445481342,0.10037273945994506,0.5050563160900732,0.08160473545292536,0.0738967230915278,0.0884609545986043,0.4377959160192404,0.2029385829810053,4.292711667018011,4.343447187740821
free,10.0,0.0888858741621725,0.08,-1.2000000000000002,4.0,0.0,0.0,735471,6 7 10 14 15 16 17 19,1 5 8 13 15 18 22 23,2.8765534947618097,2.9929132370857006,2.5819791632931,2.652135884324549,0.08461768937394232,2.835537136729,0.06915228344386293,0.014465110508171675,0.014465110508171675,3.1242573680046153,3.1242573680046153,-0.24770387324280563,0,0.08611133903606283,1.0404510962635602,4795,2954,0,1,9.998791256579032,9.991551617665996,0.0007240514105415485,0.4978829505932497,0.09884317604825875,0.497654814321279,0.07739185422458891,0.0759575116565595,0.08408938164295768,0.3527062079811003,0.2218467079801485,3.961379875021521,4.01684213601402
free,10.0,0.0888858741621725,0.08,0.0,4.0,0.0,0.0,735471,0 1 10 11 12 13 14 23,0 1 2 3 4 5 6 7,1.2428701355639773,1.7304743273275018,1.2241017593788546,1.654468161085678,-0.248779659350837,1.2428701355639773,-0.248779659350837,0.0,,1.840700570438918,1.840700570438918,-0.5978304348749408,0,0.4810079651673851,1.3923211104772941,735471,199936,1,0,2.204595719580204,2.186041522266043,0.008416145032565936,0.5253718014836776,0.22866136781008978,0.5082004893867303,0.2047911144884373,0.3143384437846607,0.31994707248404725,6.537469083996257,0.1729932090092916,10.057223166018957,10.100472760248522
free,10.0,0.0888858741621725,0.08,1.1999999999999993,4.0,0.0,0.0,735471,5 8 9 12 13 14 16 17,0 1 5 8 10 16 18 21,3.7135183976919013,3.723658575793443,3.5499596833284905,3.5695889316870066,0.04032101980349667,3.7078482708498424,0.038732566076591146,0.0015292229961609838,0.0015292229961609838,3.8600030776253416,3.8600030776253416,-0.14648467993344028,0,0.039446332088858505,1.002730612054553,156,154,0,1,9.99939285107737,9.99210858812377,0.0007284705243694178,0.499271739387438,0.05098225881959343,0.5012211416449818,0.04571860996085985,0.043826371133294746,0.04606375182088951,0.2008065000118222,0.1715771669987589,3.5536678330099676,3.5965634167660028
free,10.0,0.0888858741621725,0.08,2.4000000000000004,4.0,0.0,0.0,735471,7 9 10 11 12 14 15 16,0 2 6 8 11 14 22 23,4.259028333366416,4.267232248428217,3.9910065142643654,3.991785873421858,0.06694809501779986,4.242516701002315,0.06281169269370768,0.0038919428084278618,0.0038919428084278618,4.292529758952581,4.292529758952581,-0.03350142558616476,0,0.007865978566919951,1.001926241015475,66,66,0,1,9.999738965205188,9.992188151879336,0.0007551010433497485,0.49929202166940106,0.03619398670756788,0.5002276993331616,0.02833945368760984,0.028284367358109578,0.028548583799894348,0.23109795898199081,0.19071033300133422,3.3474209169798996,3.395099708242924
free,10.0,0.0888858741621725,0.08,3.5999999999999996,4.0,0.0,0.0,735471,6 7 8 11 12 15 16 17,0 3 5 6 7 9 14 23,4.776687361760262,4.7862935559354876,4.367726703296749,4.368493200916515,0.0934404935683788,4.757239310954385,0.08898860365773498,0.004088095959581928,0.004088095959581928,4.814417203894836,4.814417203894836,-0.0377298421345742,0,0.007898746406687751,1.0020110577577523,32,32,0,1,9.999251837151373,9.99626926988188,0.00029827904307910824,0.49954513503834463,0.025465942828990364,0.5028745727792566,0.016179677480735278,0.01607148153942947,0.01637383860973616,0.18569945901981555,0.17006937498808838,3.4500431249907706,3.4925615097527043
free,10.0,0.0888858741621725,0.08,4.799999999999999,4.0,0.0,0.0,735471,8 9 11 12 13 14 16 17,0 1 5 8 10 13 19 20,5.073288790457787,5.0800460630659785,4.570310001269005,4.5710882503990256,0.10986454702880066,5.043583057082565,0.10336593406226502,0.00588980751164736,0.00588980751164736,5.080046063065978,5.080023750892187,-0.00673496043440025,0,0.0013319313934778698,1.001331931393478,37,37,0,1,9.999542561077043,9.99667704829572,0.00028656438670271456,0.49846404938325223,0.020161254678479314,0.5016259922913858,0.009858504543054774,0.00985850454305478,0.009976671171525266,0.14265037499717437,0.18503037499613129,3.4144285840156954,3.460687052742287
free,10.0,0.0888858741621725,0.08,6.0,4.0,0.0,0.0,735471,6 7 8 11 12 14 15 22,0 2 5 7 8 11 12 14,5.2784751552083735,5.2883381799389,5.079433131404122,5.080299757214091,0.03900860332362699,5.2784751552083735,0.03900860332362699,0.0,0.0,5.2883381799389,5.279857212274854,-0.0013820570664808685,0,0.0018685367346655823,1.0018685367346656,2,2,0,1,9.998795121006417,9.995611242793744,0.00031842618776967146,0.49911282519402955,0.009358884817902039,0.5040159411518217,0.006421181476550856,0.00647193013983865,0.006585582413069155,0.21060445901821367,0.14948729201569222,4.268872749991715,4.3062455730032525
free,20.0,0.008888587416217252,0.0,0.0,0.0,0.0,0.0,735471,9 10 11 12 13 14 15 16,9 10 11 12 13 14 15 16,0.9900990115625721,0.9900990115625721,0.9900990115625721,0.9900990115625721,0.0,0.9900990115625721,0.0,0.0,0.0,0.9900990115625721,0.9900990099009901,1.6615819831145018e-09,1,0.0,1.0,0,0,0,1,0.9900990115625721,0.9900990115625721,0.0,0.888858892281503,0.888858892281503,0.888858892281503,0.888858892281503,0.8883314216468101,0.888858892281503,0.08054329201695509,0.18649212500895374,1.1870099999941885,1.2336343232527724
free,20.0,0.008888587416217252,0.0,-6.0,1.0,0.0,0.0,735471,7 10 11 12 14 15 16 21,7 10 11 12 14 15 16 21,99.99144766020896,99.99144766020896,99.99144766020896,99.99144766020896,0.0,99.99144766020896,0.0,0.0,0.0,99.99144766020896,99.98300948894216,0.008438171266803352,1,0.0,1.0,0,0,0,1,99.99144766020896,99.99144766020896,0.0,0.888794027535612,1.1305100583321123e-07,0.888794027535612,1.1305100583321123e-07,2.9989325569673225e-08,1.1305100583321123e-07,0.022524166997754946,0.21611987499636598,0.5843235839856789,0.6383539687449229
free,20.0,0.008888587416217252,0.0,-4.8,1.0,0.0,0.0,735471,5 11 12 13 14 16 17 20,5 11 12 13 14 16 17 20,99.98648819363915,99.98648819363915,99.98648819363915,99.98648819363915,0.0,99.98648819363915,0.0,0.0,0.0,99.98648819363915,99.98129093603613,0.0051972576030152595,1,0.0,1.0,0,0,0,1,99.98648819363915,99.98648819363915,0.0,0.8887799730716243,4.1337907386611574e-07,0.8887799730716243,4.1337907386611574e-07,2.9026340416908032e-08,4.1337907386611574e-07,0.025261167000280693,0.2538966660213191,0.5754691670008469,0.6389441245191847
free,20.0,0.008888587416217252,0.0,-3.6,1.0,0.0,0.0,735471,7 8 10 11 12 13 17 22,7 8 10 11 12 13 17 22,99.98412611139779,99.98412611139779,99.98412611139779,99.98412611139779,0.0,99.98412611139779,0.0,0.0,0.0,99.98412611139779,99.98399160408076,0.00013450731702846497,1,0.0,1.0,0,0,0,1,99.98412611139779,99.98412611139779,0.0,0.8887724355718888,5.479909538707114e-07,0.8887724355718888,5.479909538707114e-07,2.0195434275646523e-08,5.479909538707114e-07,0.03591912498814054,0.10911133300396614,0.6770785420085303,0.7043575422358117
free,20.0,0.008888587416217252,0.0,-2.4000000000000004,1.0,0.0,0.0,735471,5 6 8 11 14 17 18 19,5 6 8 11 14 17 18 19,99.97935387594235,99.97935387594235,99.97935387594235,99.97935387594235,0.0,99.97935387594235,0.0,0.0,0.0,99.97935387594235,99.97580854740906,0.003545328533292036,1,0.0,1.0,0,0,0,1,99.97935387594235,99.97935387594235,0.0,0.8887413516830814,6.61385949050394e-07,0.8887413516830814,6.61385949050394e-07,4.947148949559672e-08,6.61385949050394e-07,0.030991666979389265,0.10666954101179726,0.6110990839952137,0.6377666772532393
free,20.0,0.008888587416217252,0.0,-1.2000000000000002,1.0,0.0,0.0,735471,1 6 7 8 10 12 17 19,1 6 7 8 10 12 17 19,99.97932802073356,99.97932802073356,99.97932802073356,99.97932802073356,0.0,99.97932802073356,0.0,0.0,0.0,99.97932802073356,99.97930469085077,2.332988279363235e-05,1,0.0,1.0,0,0,0,1,99.97932802073356,99.97932802073356,0.0,0.8886987739112263,2.3781900466586632e-07,0.8886987739112263,2.3781900466586632e-07,9.581586495173375e-08,2.3781900466586632e-07,0.03584662498906255,0.13005933398380876,0.7464598339865915,0.7789750424853992
free,20.0,0.008888587416217252,0.0,0.0,1.0,0.0,0.0,735471,0 1 10 11 12 13 14 23,0 1 10 11 12 13 14 23,1.0991894577163885,1.0991894577163885,1.0991894577163885,1.0991894577163885,0.0,1.0991894577163885,0.0,0.0,0.0,1.0991894577163885,1.0991844768768186,4.980839569901363e-06,1,0.0,1.0,0,0,0,1,1.0991894577163885,1.0991894577163885,0.0,0.8886162561116422,0.7995400686935121,0.8886162561116422,0.7995400686935121,0.7994629520702349,0.7995400686935121,0.04041812501964159,0.18811558399465866,0.8428217500040773,0.8898515209803008
free,20.0,0.008888587416217252,0.0,1.1999999999999993,1.0,0.0,0.0,735471,7 8 9 10 13 14 15 16,7 8 9 10 13 14 15 16,99.98496588715685,99.98496588715685,99.98496588715685,99.98496588715685,0.0,99.98496588715685,0.0,0.0,0.0,99.98496588715685,99.98442937089497,0.0005365162618744534,1,0.0,1.0,0,0,0,1,99.98496588715685,99.98496588715685,0.0,0.8888313336167335,1.0623999348046537e-06,0.8888313336167335,1.0623999348046537e-06,2.332316106927085e-08,1.0623999348046537e-06,0.04144445798010565,0.16031541701522656,0.9011487909883726,0.9412286872466211
free,20.0,0.008888587416217252,0.0,2.4000000000000004,1.0,0.0,0.0,735471,4 10 12 13 16 17 20 21,4 10 12 13 16 17 20 21,99.98356180257319,99.98356180257319,99.98356180257319,99.98356180257319,0.0,99.98356180257319,0.0,0.0,0.0,99.98356180257319,99.98285066000858,0.0007111425646115777,1,0.0,1.0,0,0,0,1,99.98356180257319,99.98356180257319,0.0,0.8887156953554868,3.066592647324096e-08,0.8887156953554868,3.066592647324096e-08,1.902194844264195e-09,3.066592647324096e-08,0.045659499999601394,0.1576470409927424,1.0932597079954576,1.1326721352452296
free,20.0,0.008888587416217252,0.0,3.5999999999999996,1.0,0.0,0.0,735471,3 7 8 9 12 14 17 23,3 7 8 9 12 14 17 23,99.98127754850896,99.98127754850896,99.98127754850896,99.98127754850896,0.0,99.98127754850896,0.0,0.0,0.0,99.98127754850896,99.97376146367148,0.0075160848374764555,1,0.0,1.0,0,0,0,1,99.98127754850896,99.98127754850896,0.0,0.8886974698783676,5.145366705203255e-08,0.8886974698783676,5.145366705203255e-08,5.145366705202342e-08,5.145366705203255e-08,0.03894145801314153,0.20043100000475533,1.0964890419854783,1.1465980839930126
free,20.0,0.008888587416217252,0.0,4.799999999999999,1.0,0.0,0.0,735471,8 9 12 14 15 16 18 22,8 9 12 14 15 16 18 22,99.98468991177299,99.98468991177299,99.98468991177299,99.98468991177299,0.0,99.98468991177299,0.0,0.0,0.0,99.98468991177299,99.9834732163776,0.001216695395385159,1,0.0,1.0,0,0,0,1,99.98468991177299,99.98468991177299,0.0,0.8887604826861448,3.783191407489392e-07,0.8887604826861448,3.783191407489392e-07,2.6948042187921765e-08,3.783191407489392e-07,0.04580295897903852,0.19543770799646154,1.0816743339819368,1.1305348019959638
free,20.0,0.008888587416217252,0.0,6.0,1.0,0.0,0.0,735471,6 7 8 9 13 14 18 20,6 7 8 9 13 14 18 20,99.98723305558752,99.98723305558752,99.98723305558752,99.98723305558752,0.0,99.98723305558752,0.0,0.0,0.0,99.98723305558752,99.98655247714156,0.0006805784459658071,1,0.0,1.0,0,0,0,1,99.98723305558752,99.98723305558752,0.0,0.8887587153849636,1.3455582553527906e-07,0.8887587153849636,1.3455582553527906e-07,3.5055989265535155e-09,1.3455582553527906e-07,0.04735954100033268,0.20461229200009257,1.0783327500103042,1.1294864059891552
free,20.0,0.008888587416217252,0.0,-6.0,2.0,0.0,0.0,735471,5 8 9 11 15 16 17 19,5 8 9 11 15 16 17 19,99.98347132645802,99.98347132645802,99.98347132645802,99.98347132645802,0.0,99.98347132645802,0.0,0.0,0.0,99.98347132645802,99.98286057941007,0.0006107470479435051,1,0.0,1.0,0,0,0,1,99.98347132645802,99.98347132645802,0.0,0.8887701196270019,5.830420183995054e-07,0.8887701196270019,5.830420183995054e-07,5.908690113083146e-09,5.830420183995054e-07,0.04604729200946167,0.20736370800295845,1.0583218329993542,1.1101633439975558
free,20.0,0.008888587416217252,0.0,-4.8,2.0,0.0,0.0,735471,6 9 10 11 12 14 19 22,6 9 10 11 12 14 19 22,99.98697472651338,99.98697472651338,99.98697472651338,99.98697472651338,0.0,99.98697472651338,0.0,0.0,0.0,99.98697472651338,99.98585691428146,0.001117812231925086,1,0.0,1.0,0,0,0,1,99.98697472651338,99.98697472651338,0.0,0.8887514522928681,8.488058741791382e-08,0.8887514522928681,8.488058741791382e-08,3.484330283557111e-08,8.488058741791382e-08,0.05066504201386124,0.2031579589820467,1.1004312919976655,1.1512215727270814
free,20.0,0.008888587416217252,0.0,-3.6,2.0,0.0,0.0,735471,4 5 7 8 9 10 12 13,4 5 7 8 9 10 12 13,99.98706755684763,99.98706755684763,99.98706755684763,99.98706755684763,0.0,99.98706755684763,0.0,0.0,0.0,99.98706755684763,99.98649519980063,0.0005723570470053119,1,0.0,1.0,0,0,0,1,99.98706755684763,99.98706755684763,0.0,0.8887728065280613,2.9019810771706083e-07,0.8887728065280613,2.9019810771706083e-07,4.68790108546979e-09,2.9019810771706083e-07,0.08637279100366868,0.17351204200531356,1.0922148329846095,1.1355936764957733
free,20.0,0.008888587416217252,0.0,-2.4000000000000004,2.0,0.0,0.0,735471,4 8 9 10 12 13 21 22,4 8 9 10 12 13 21 22,99.97884356708478,99.97884356708478,99.97884356708478,99.97884356708478,0.0,99.97884356708478,0.0,0.0,0.0,99.97884356708478,99.97777259502173,0.001070972063047293,1,0.0,1.0,0,0,0,1,99.97884356708478,99.97884356708478,0.0,0.8887022751762791,3.1591041473658694e-07,0.8887022751762791,3.1591041473658694e-07,5.838769426040064e-08,3.1591041473658694e-07,0.04549229200347327,0.20707950001815334,1.065895083011128,1.117665833022329
free,20.0,0.008888587416217252,0.0,-1.2000000000000002,2.0,0.0,0.0,735471,5 6 8 9 11 12 15 22,5 6 8 9 11 12 15 22,99.97963889310803,99.97963889310803,99.97963889310803,99.97963889310803,0.0,99.97963889310803,0.0,0.0,0.0,99.97963889310803,99.97665943615189,0.002979456956140325,1,0.0,1.0,0,0,0,1,99.97963889310803,99.97963889310803,0.0,0.8887389837230447,6.123604815712055e-07,0.8887389837230447,6.123604815712055e-07,1.5279810753526877e-07,6.123604815712055e-07,0.03964420800912194,0.19430850000935607,1.0677006249898113,1.1162781249950058
free,20.0,0.008888587416217252,0.0,0.0,2.0,0.0,0.0,735471,0 1 10 11 12 13 14 23,0 1 10 11 12 13 14 23,1.4282433985896414,1.4282433985896414,1.4282433985896414,1.4282433985896414,0.0,1.4282433985896414,0.0,0.0,0.0,1.4282433985896414,1.4281788916573532,6.45069322882108e-05,1,0.0,1.0,0,0,0,1,1.4282433985896414,1.4282433985896414,0.0,0.8886162561116422,0.6132856561259766,0.8886162561116422,0.6132856561259766,0.6132856561259764,0.6132856561259766,0.05715662500006147,0.19498445899807848,1.0821227499982342,1.1308693227547337
free,20.0,0.008888587416217252,0.0,1.1999999999999993,2.0,0.0,0.0,735471,3 7 9 10 12 13 15 19,3 7 9 10 12 13 15 19,99.98754925143606,99.98754925143606,99.98754925143606,99.98754925143606,0.0,99.98754925143606,0.0,0.0,0.0,99.98754925143606,99.97964914712975,0.007900104306315825,1,0.0,1.0,0,0,0,1,99.98754925143606,99.98754925143606,0.0,0.8887666328595016,1.8563116031311994e-07,0.8887666328595016,1.8563116031311994e-07,7.872232070147648e-08,1.8563116031311994e-07,0.048891040991293266,0.1991492079978343,1.0243253749795258,1.0741135099888197
free,20.0,0.008888587416217252,0.0,2.4000000000000004,2.0,0.0,0.0,735471,6 8 12 13 17 18 19 20,6 8 12 13 17 18 19 20,99.97941460692086,99.97941460692086,99.97941460692086,99.97941460692086,0.0,99.97941460692086,0.0,0.0,0.0,99.97941460692086,99.97424375011876,0.005170856802095614,1,0.0,1.0,0,0,0,1,99.97941460692086,99.97941460692086,0.0,0.888734834237796,5.907984377008196e-07,0.888734834237796,5.907984377008196e-07,8.933353510832775e-08,5.907984377008196e-07,0.04646762501215562,0.22186737501760945,1.1106116250157356,1.1660792187758489
free,20.0,0.008888587416217252,0.0,3.5999999999999996,2.0,0.0,0.0,735471,8 9 11 12 13 14 16 17,8 9 11 12 13 14 16 17,99.99568302271176,99.99568302271176,99.99568302271176,99.99568302271176,0.0,99.99568302271176,0.0,0.0,0.0,99.99568302271176,99.99537082034816,0.0003122023636024096,1,0.0,1.0,0,0,0,1,99.99568302271176,99.99568302271176,0.0,0.8888398055922181,1.9436639568668536e-07,0.8888398055922181,1.9436639568668536e-07,9.216844822335971e-08,1.9436639568668536e-07,0.037477416975889355,0.1987297080049757,1.063020041998243,1.1127033020093222
free,20.0,0.008888587416217252,0.0,4.799999999999999,2.0,0.0,0.0,735471,4 5 6 10 11 12 14 20,4 5 6 10 11 12 14 20,99.98500418918519,99.98500418918519,99.98500418918519,99.98500418918519,0.0,99.98500418918519,0.0,0.0,0.0,99.98500418918519,99.98231894602203,0.0026852431631567697,1,0.0,1.0,0,0,0,1,99.98500418918519,99.98500418918519,0.0,0.888736514472057,1.1066085085658086e-07,0.888736514472057,1.1066085085658086e-07,1.6348747950469767e-08,1.1066085085658086e-07,0.04495149999274872,0.18820374997449107,1.177130041003693,1.2241817704998539
free,20.0,0.008888587416217252,0.0,6.0,2.0,0.0,0.0,735471,6 7 8 11 12 15 16 17,6 7 8 11 12 15 16 17,99.98993371041811,99.98993371041811,99.98993371041811,99.98993371041811,0.0,99.98993371041811,0.0,0.0,0.0,99.98993371041811,99.98821643473948,0.0017172756786294485,1,0.0,1.0,0,0,0,1,99.98993371041811,99.98993371041811,0.0,0.8888011858333009,3.1922519894584e-07,0.8888011858333009,3.1922519894584e-07,1.0346702174723974e-08,3.1922519894584e-07,0.0392592909920495,0.1831764579983428,1.1342002089950256,1.179995239508571
free,20.0,0.008888587416217252,0.0,-6.0,4.0,0.0,0.0,735471,6 10 11 13 14 17 18 22,6 10 11 13 14 17 18 22,99.9870185959695,99.9870185959695,99.9870185959695,99.9870185959695,0.0,99.9870185959695,0.0,0.0,0.0,99.9870185959695,99.98404594949747,0.002972646472031215,1,0.0,1.0,0,0,0,1,99.9870185959695,99.9870185959695,0.0,0.8887487489388926,5.394361941654814e-08,0.8887487489388926,5.394361941654814e-08,5.970909750039858e-09,5.394361941654814e-08,0.049010332993930206,0.17856104200473055,1.1596977089939173,1.204339052506839
free,20.0,0.008888587416217252,0.0,-4.8,4.0,0.0,0.0,735471,8 11 13 14 17 18 20 21,8 11 13 14 17 18 20 21,99.98542091141576,99.98542091141576,99.98542091141576,99.98542091141576,0.0,99.98542091141576,0.0,0.0,0.0,99.98542091141576,99.98268856606438,0.0027323453513758977,1,0.0,1.0,0,0,0,1,99.98542091141576,99.98542091141576,0.0,0.8887348691151945,5.715830115095475e-08,0.8887348691151945,5.715830115095475e-08,1.9321697342643537e-09,5.715830115095475e-08,0.04633629202726297,0.1773243750212714,1.0018705000111368,1.0462025937449653
free,20.0,0.008888587416217252,0.0,-3.6,4.0,0.0,0.0,735471,0 7 8 9 11 12 13 18,0 7 8 9 11 12 13 18,99.98253273681989,99.98253273681989,99.98253273681989,99.98253273681989,0.0,99.98253273681989,0.0,0.0,0.0,99.98253273681989,99.98046080856246,0.002071928257436184,1,0.0,1.0,0,0,0,1,99.98253273681989,99.98253273681989,0.0,0.8887283139538974,2.4835966034349094e-07,0.8887283139538974,2.4835966034349094e-07,2.34698110535519e-08,2.4835966034349094e-07,0.04574058298021555,0.20517929198103957,1.0501271249959245,1.1014230319924536
free,20.0,0.008888587416217252,0.0,-2.4000000000000004,4.0,0.0,0.0,735471,5 10 13 15 16 17 21 22,5 10 13 15 16 17 21 22,99.98052581430021,99.98052581430021,99.98052581430021,99.98052581430021,0.0,99.98052581430021,0.0,0.0,0.0,99.98052581430021,99.97980782090815,0.0007179933920582471,1,0.0,1.0,0,0,0,1,99.98052581430021,99.98052581430021,0.0,0.8886960007135608,1.0359111140411582e-07,0.8886960007135608,1.0359111140411582e-07,5.762373454629538e-08,1.0359111140411582e-07,0.04121820899308659,0.19576125001185574,1.0139584999997169,1.0628994375074399
free,20.0,0.008888587416217252,0.0,-1.2000000000000002,4.0,0.0,0.0,735471,5 7 8 11 13 17 21 22,5 7 8 11 13 17 21 22,99.9787655559105,99.9787655559105,99.9787655559105,99.9787655559105,0.0,99.9787655559105,0.0,0.0,0.0,99.9787655559105,99.97812686290541,0.0006386930050865658,1,0.0,1.0,0,0,0,1,99.9787655559105,99.9787655559105,0.0,0.8886867956876291,1.6801846206792172e-07,0.8886867956876291,1.6801846206792172e-07,5.483927067419375e-08,1.6801846206792172e-07,0.04737191597814672,0.1875213339808397,1.0913061249884777,1.1381877084932057
free,20.0,0.008888587416217252,0.0,0.0,4.0,0.0,0.0,735471,0 1 10 11 12 13 14 23,0 1 10 11 12 13 14 23,2.7504766541423478,2.7504766541423478,2.7504766541423478,2.7504766541423478,0.0,2.7504766541423478,0.0,0.0,0.0,2.7504766541423478,2.7497902945222363,0.0006863596201114319,1,0.0,1.0,0,0,0,1,2.7504766541423478,2.7504766541423478,0.0,0.8886162561116422,0.31418859805028876,0.8886162561116422,0.31418859805028876,0.3141885980502886,0.31418859805028876,0.05417587500414811,0.20102475001476705,1.039021500007948,1.089278021507198
free,20.0,0.008888587416217252,0.0,1.1999999999999993,4.0,0.0,0.0,735471,6 8 9 10 11 13 16 19,6 8 9 10 11 13 16 19,99.99310390851245,99.99310390851245,99.99310390851245,99.99310390851245,0.0,99.99310390851245,0.0,0.0,0.0,99.99310390851245,99.99208083786961,0.0010230706428444591,1,0.0,1.0,0,0,0,1,99.99310390851245,99.99310390851245,0.0,0.8887987846667668,1.339649442372021e-08,0.8887987846667668,1.339649442372021e-08,1.3396494423723785e-08,1.339649442372021e-08,0.040316208003787324,0.20005766599206254,1.0032624159939587,1.0532772914884845
free,20.0,0.008888587416217252,0.0,2.4000000000000004,4.0,0.0,0.0,735471,5 6 8 10 11 12 13 17,5 6 8 10 11 12 13 17,99.99144176675266,99.99144176675266,99.99144176675266,99.99144176675266,0.0,99.99144176675266,0.0,0.0,0.0,99.99144176675266,99.99128250180902,0.00015926494363327492,1,0.0,1.0,0,0,0,1,99.99144176675266,99.99144176675266,0.0,0.8887980811477186,1.5411449288612123e-07,0.8887980811477186,1.5411449288612123e-07,6.339262277807757e-09,1.5411449288612123e-07,0.04535804101033136,0.19391283299773932,0.9681225420208648,1.0166015832510311
free,20.0,0.008888587416217252,0.0,3.5999999999999996,4.0,0.0,0.0,735471,1 6 7 10 12 13 16 17,1 6 7 10 12 13 16 17,99.98349066305948,99.98349066305948,99.98349066305948,99.98349066305948,0.0,99.98349066305948,0.0,0.0,0.0,99.98349066305948,99.98346183892971,2.882412977101012e-05,1,0.0,1.0,0,0,0,1,99.98349066305948,99.98349066305948,0.0,0.8887313237596153,1.9330013726745138e-07,0.8887313237596153,1.9330013726745138e-07,6.926512543963829e-09,1.9330013726745138e-07,0.037334583001211286,0.20170933302142657,0.9209365000133403,0.9713642082715523
free,20.0,0.008888587416217252,0.0,4.799999999999999,4.0,0.0,0.0,735471,10 11 13 14 15 16 18 19,10 11 13 14 15 16 18 19,99.975400133886,99.975400133886,99.975400133886,99.975400133886,0.0,99.975400133886,0.0,0.0,0.0,99.975400133886,99.97520128273406,0.00019885115193574165,1,0.0,1.0,0,0,0,1,99.975400133886,99.975400133886,0.0,0.8888076424144143,1.67600082466577e-06,0.8888076424144143,1.67600082466577e-06,1.0902754301398118e-07,1.67600082466577e-06,0.03528866599663161,0.20876683300593868,0.9031525829923339,0.9553450412495295
free,20.0,0.008888587416217252,0.0,6.0,4.0,0.0,0.0,735471,2 4 7 9 12 14 17 18,2 4 7 9 12 14 17 18,99.98230265335165,99.98230265335165,99.98230265335165,99.98230265335165,0.0,99.98230265335165,0.0,0.0,0.0,99.98230265335165,99.98069386260005,0.0016087907516038058,1,0.0,1.0,0,0,0,1,99.98230265335165,99.98230265335165,0.0,0.8887076100060355,6.173889643882809e-08,0.8887076100060355,6.173889643882809e-08,2.54436468693011e-08,6.173889643882809e-08,0.03877541600377299,0.15730750001966953,0.9422603340062778,0.9815879590169061
free,20.0,0.008888587416217252,0.01,0.0,0.0,0.0,0.0,735471,9 10 11 12 13 14 15 16,0 1 2 3 4 5 6 7,0.9822397054916785,0.9900162444038562,0.9819965097222907,0.9900181864617735,-0.00785690715227616,0.9822397054916785,-0.00785690715227616,0.0,,0.9900186533468575,0.9900186533468575,-0.007778947855178964,0,0.007919602324857111,1.0079171498247315,735471,199936,1,0,0.9900990115625721,0.9900945903644363,4.465410109677492e-06,0.8815896189916046,0.8815896189916046,0.8814164015851542,0.8814164015851542,0.8883297724483357,0.8884637654565105,5.89302904100623,0.19113525000284426,9.27501970899175,9.322804312505468
free,20.0,0.008888587416217252,0.01,-6.0,1.0,0.0,0.0,735471,7 10 11 12 14 15 16 21,0 1 2 5 11 14 15 22,83.64307314522937,83.68868218707301,75.69864542812302,75.70030805644491,0.10492381461462541,83.64307314522937,0.10492381461462541,0.0,0.0,83.68868218707303,83.66634325341695,-0.02327010818758879,0,0.0005452817564997048,1.0005452817564995,2,2,0,1,99.99144766020896,99.95562817568442,0.00035822548190578285,0.8815072846055592,0.0027561113602827766,0.881805929630477,0.0016481531153081123,0.001648153115308112,0.0016484470755660965,0.1469475420017261,0.3778966669924557,3.6437233750184532,3.738197999773547
free,20.0,0.008888587416217252,0.01,-4.8,1.0,0.0,0.0,735471,5 11 12 13 14 16 17 20,2 5 6 8 9 17 20 23,78.7443571519059,78.78024973556428,74.84497225035545,74.84813330757846,0.05205505698206814,76.98465533594562,0.028544760356111976,0.022857825475496307,0.022857825475496307,78.78024973556428,78.61003426597539,0.13432288593051567,1,0.00045581150137707915,1.000455811501377,69,69,0,1,99.98648819363915,99.86082292216278,0.0012568225341907935,0.881486464738969,0.0028884125674245244,0.8813666973965579,0.002299073201196058,0.002303667931374857,0.002304154058217205,0.159713874978479,0.22779575001914054,3.7528757090040017,3.8098258124955464
free,20.0,0.008888587416217252,0.01,-3.6,1.0,0.0,0.0,735471,7 8 10 11 12 13 17 22,2 4 5 8 9 11 16 18,72.8671671826003,72.87113596784218,62.62305856025687,62.625590529978304,0.1635366080535312,71.06948420825384,0.13483136217667324,0.025294723809711872,0.025294723809711872,72.87113596784219,72.79611562792964,0.07105155467066027,1,5.446602901337805e-05,1.0000544660290132,38,38,0,1,99.98412611139779,99.73141679943235,0.0025274943312888487,0.8815040408738442,0.005187192682844267,0.881504245924889,0.003208167138479059,0.003208167138479057,0.00320881557474925,0.15021408401662484,0.1476365000125952,3.326408082997659,3.3633178750023944
free,20.0,0.008888587416217252,0.01,-2.4000000000000004,1.0,0.0,0.0,735471,5 6 8 11 14 17 18 19,2 6 12 13 15 16 19 22,68.01726818880007,68.02257512433027,60.17485077736191,60.17857488389229,0.13025721064401496,66.25716040146422,0.10100913039731951,0.026564793550931665,0.026564793550931665,68.02257512433029,67.84647302019134,0.17079516860873412,1,7.802335600248789e-05,1.0000780233560023,52,52,0,1,99.97935387594235,99.96063989355312,0.00018717846899118928,0.8814797794630386,0.005759146950436554,0.8813932015002486,0.004068775634053283,0.004068775634053284,0.004069776386681254,0.21938629099167883,0.12137929198797792,3.6990409580175765,3.7293863640225027
free,20.0,0.008888587416217252,0.01,-1.2000000000000002,1.0,0.0,0.0,735471,1 6 7 8 10 12 17 19,2 3 4 5 6 11 12 13,65.98286396397862,65.98725058121128,63.06516845700847,63.069157411768266,0.04619859645796809,65.9112651750335,0.04506335394192096,0.001086290617468455,0.001086290617468455,65.98725058121127,65.9156520014821,0.06721196249651484,1,6.648115842700086e-05,1.0000664811584272,2,2,0,1,99.97932802073356,99.97543464350139,3.8941822367188905e-05,0.8814932549865294,0.005088026370318746,0.881528632469464,0.004470487627901407,0.004470487627901404,0.004471356215666799,0.21012379199964926,0.1366275000036694,3.3270872499851976,3.3612451249937294
free,20.0,0.008888587416217252,0.01,0.0,1.0,0.0,0.0,735471,0 1 10 11 12 13 14 23,0 1 2 3 4 5 6 7,1.0901255327706096,1.097020668892851,1.089932440620866,1.0958457664913615,-0.005219925919928148,1.0901255327706096,-0.005219925919928148,0.0,,1.0985678957144027,1.0985678957144027,-0.00844236294379308,0,0.0077443952003732885,1.0063250845108793,735471,199936,1,0,1.0991894577163885,1.098977904298422,0.00019246310677512035,0.8818629826961847,0.7958441675586924,0.8814170344572698,0.7945757952073341,0.799469253723146,0.799656010716267,6.574592334014596,0.13633312500314787,9.764962667017244,9.799046698273742
free,20.0,0.008888587416217252,0.01,1.1999999999999993,1.0,0.0,0.0,735471,7 8 9 10 13 14 15 16,0 1 2 3 6 7 8 9,83.97735639972817,83.98193387072092,83.35793028241002,83.36235372024001,0.0073774629918930135,83.35793028241002,-5.306277513261737e-05,0.007430920072266423,0.007430920072266423,83.98193387072092,83.8973280271173,0.08002837261086881,1,5.450839594156598e-05,1.0000545083959416,15,15,0,1,99.98496588715685,99.95362686220439,0.000313437372052805,0.8815874381651245,0.0016867790270538793,0.881452248121828,0.0016071490772851151,0.0016071490772851151,0.0016077050214748398,0.16937437499291264,0.1735931670118589,3.5063755410083104,3.549775207771745
free,20.0,0.008888587416217252,0.01,2.4000000000000004,1.0,0.0,0.0,735471,4 10 12 13 16 17 20 21,2 4 5 12 13 16 20 22,92.30699480765297,92.36021161719918,91.93087429769196,91.98228854986472,0.0035300954445400823,91.93087429769196,-0.0005589581753544515,0.004091340508119767,0.004091340508119767,92.36021161719913,92.13097140735051,0.176023400302455,1,0.0005765197930780452,1.0005765197930785,6,6,0,1,99.98356180257319,99.9684489781478,0.00015115309109736685,0.8818663532722074,0.0006987621396066063,0.8818453802103279,0.0006593051748615674,0.0006593051748615687,0.0006596575657520549,0.20395920798182487,0.1944897080247756,3.897762500011595,3.9463858020244516
free,20.0,0.008888587416217252,0.01,3.5999999999999996,1.0,0.0,0.0,735471,3 7 8 9 12 14 17 23,0 3 8 9 11 14 18 21,95.80982945857237,95.81222322885284,94.81191557647607,94.81394244249495,0.01050359251416455,94.81191557647607,-2.1377299231128966e-05,0.010525194813634675,0.010525194813634675,95.81222322885282,95.71954260548965,0.09028685308271633,1,2.4984600160316006e-05,1.0000249846001605,100,100,0,1,99.98127754850896,99.97376146367148,7.517492296327255e-05,0.8814513006619262,0.00040805480701410564,0.881415388894713,0.0003108169936919429,0.0003108169936919429,0.00031103595731294244,0.15915441699326038,0.2248401249817107,3.8302816250070464,3.886492406229081
free,20.0,0.008888587416217252,0.01,4.799999999999999,1.0,0.0,0.0,735471,8 9 12 14 15 16 18 22,3 7 9 10 11 18 19 20,97.32053692952721,97.32206057818168,96.836477735717,96.83782383258878,0.004984757792295458,96.836477735717,-1.3900527898180748e-05,0.004998727805148873,0.004998727805148873,97.32206057818168,97.22564764854675,0.09488928098045335,1,1.565598282282643e-05,1.0000156559828228,61,61,0,1,99.98468991177299,99.97592064040485,8.770614156905499e-05,0.8814486425844643,0.00021373033214824744,0.8814473223358676,0.00016842717121819437,0.00016842717121819437,0.0001685538325381138,0.2114121249760501,0.16472004202660173,3.923725165979704,3.9649063854885753
free,20.0,0.008888587416217252,0.01,6.0,1.0,0.0,0.0,735471,6 7 8 9 13 14 18 20,6 7 8 9 13 14 18 20,98.00733388466318,98.05801868081932,98.00733388466318,98.05801868081932,-0.0005168857869860544,98.00733388466318,-0.0005168857869860544,0.0,0.0,98.05801868081932,98.00196665071415,0.005367233949030492,1,0.0005171530960712545,1.0005171530960713,1,1,0,1,99.98723305558752,99.98723305558752,0.0,0.8819538742980371,0.00010561709824283951,0.8819538742980371,0.00010561709824283951,0.00010561709824283963,0.00010569061815767086,0.21458550001261756,0.1887540000025183,4.084358749998501,4.1315488749824
free,20.0,0.008888587416217252,0.01,-6.0,2.0,0.0,0.0,735471,5 8 9 11 15 16 17 19,2 3 4 5 6 15 19 23,84.13473267071623,84.18102749290253,81.9070536763664,81.90922640567545,0.027170397801322244,83.7017823184121,0.02188466417517576,0.005172534446842958,0.005172534446842958,84.18102749290253,84.08080340144018,0.053929269276054015,1,0.0005502462623550031,1.000550246262355,17,17,0,1,99.98347132645802,99.96378054128445,0.00019694040337203678,0.8815020299299593,0.0018733507513355129,0.8818049849420999,0.0015865161932801103,0.0015865161932801112,0.0015867961919786857,0.18397729098796844,0.19879045800189488,3.8542282079870347,3.903926822495123
free,20.0,0.008888587416217252,0.01,-4.8,2.0,0.0,0.0,735471,6 9 10 11 12 14 19 22,4 8 13 14 16 19 20 23,80.47190363585938,80.47498152299089,76.01415430909685,76.01668601972192,0.05860841677551676,78.009151973243,0.026210902603727604,0.03157003505769551,0.03157003505769551,80.47498152299087,80.4615122479297,0.010391387929672646,1,3.8247972179439316e-05,1.0000382479721797,221,129,0,1,99.98697472651338,99.95378952248704,0.0003318952705300138,0.8814738360616975,0.002707206641853185,0.8813418207015871,0.0020631618606657344,0.0020631618606657353,0.0020635644831143293,0.20315100002335384,0.209291667008074,3.9827396670007147,4.035063791765424
free,20.0,0.008888587416217252,0.01,-3.6,2.0,0.0,0.0,735471,4 5 7 8 9 10 12 13,5 6 7 8 19 20 22 23,69.80054781276358,69.80413665827642,60.87202193681639,60.872852792374566,0.14666135413169545,67.7860210469355,0.11356734467728002,0.029718911579619256,0.029718911579619256,69.80413665827643,69.43065824160601,0.3698895711575716,1,5.14157212989641e-05,1.0000514157212987,105,105,0,1,99.98706755684763,99.6597691294815,0.003273407605238976,0.8816041543231612,0.005594127191066575,0.881279519928392,0.0037364454560129923,0.003736445456012991,0.0037370763900600127,0.1597906660172157,0.1877998749841936,3.876043333992129,3.922994343753089
free,20.0,0.008888587416217252,0.01,-2.4000000000000004,2.0,0.0,0.0,735471,4 8 9 10 12 13 21 22,15 16 17 18 19 20 21 22,74.87365501056404,74.87777766213405,62.940021398722344,62.94267611382557,0.18955309232741357,71.32898667476653,0.1332372736388765,0.04969464030044146,0.04969464030044146,74.87777766213406,73.71895471932854,1.1547002912354998,1,5.506144410127867e-05,1.0000550614441013,68,68,0,1,99.97884356708478,99.97098000051446,7.865230572556836e-05,0.8814375557874228,0.005115227009998605,0.8812160691390181,0.0028801388554847477,0.002880138855484749,0.0028807709737588925,0.14919445899431594,0.19609895901521668,3.8717927090183366,3.920818239756045
free,20.0,0.008888587416217252,0.01,-1.2000000000000002,2.0,0.0,0.0,735471,5 6 8 9 11 12 15 22,1 9 11 14 17 20 21 22,73.76115431376984,73.80511493967853,70.20173305977089,70.20430117049094,0.050664319478675335,73.02120756673753,0.040124413309175155,0.010133312933178207,0.010133312933178207,73.80511493967853,73.2601296425854,0.5010246711844388,1,0.0005959861436237723,1.0005959861436238,3,3,0,1,99.97963889310803,99.90828953683834,0.0007136388674695571,0.8815086519378623,0.003667746558208633,0.8817877769455483,0.0030589283849062885,0.0030589283849062885,0.0030594148153723494,0.1905924160091672,0.212724499986507,3.926288457994815,3.97947037499398
free,20.0,0.008888587416217252,0.01,0.0,2.0,0.0,0.0,735471,0 1 10 11 12 13 14 23,1 2 3 4 5 6 7 8,1.4123707116402189,1.4180581523480387,1.412166886933787,1.4143541276988334,-0.0014023475590526635,1.4123707116402189,-0.0014023475590526635,0.0,,1.4227281116806418,1.4227281116806418,-0.01035740004042296,0,0.007333343827552685,1.0040268752820674,735471,199936,1,0,1.4282433985896414,1.4251570204033719,0.002160960932371392,0.8818629826961847,0.6146207342067793,0.8814808268315774,0.6127226105251438,0.6137101665914906,0.6152245119017115,7.208103917015251,0.18588337500113994,10.909050624992233,10.955522552743787
free,20.0,0.008888587416217252,0.01,1.1999999999999993,2.0,0.0,0.0,735471,3 7 9 10 12 13 15 19,0 4 5 6 7 15 17 21,86.25205364477979,86.25473280223046,83.87452335879495,83.87683700232387,0.028317909059805357,83.87452335879495,-2.7583819462106973e-05,0.02834627477779339,0.02834627477779339,86.25473280223046,86.1823952446607,0.06965840011909563,1,3.106195548352453e-05,1.0000310619554835,144,128,0,1,99.98754925143606,99.93076419987929,0.0005679212260115696,0.8815361824091641,0.001621300818895149,0.8814013208848724,0.0013299976080479935,0.0013299976080479942,0.0013303036044441023,0.18225041701225564,0.19088812498375773,3.9657855840050615,4.013508448260836
free,20.0,0.008888587416217252,0.01,2.4000000000000004,2.0,0.0,0.0,735471,6 8 12 13 17 18 19 20,3 7 8 9 11 15 22 23,92.47359629090776,92.52621101324901,92.21387840926675,92.26504300446744,0.0022603716385871664,92.21387840926675,-0.0005545393307648805,0.0028164728143016404,0.0028164728143016404,92.52621101324898,92.49983016598438,-0.026233875076613344,0,0.0005689702190849744,1.0005689702190854,12,12,0,1,99.97941460692086,99.97424375011876,5.1719214624545984e-05,0.8818884345917825,0.000669620176544416,0.881858432343909,0.0006423165588480849,0.0006423165588480849,0.0006425772327307548,0.18327900001895614,0.22314583300612867,3.9161188340221997,3.971906042250339
free,20.0,0.008888587416217252,0.01,3.5999999999999996,2.0,0.0,0.0,735471,8 9 11 12 13 14 16 17,0 1 3 4 18 19 21 22,94.06843083040934,94.07030578120323,92.45890859757267,92.45967760490957,0.017399511518676913,93.74597167945237,0.013911946351784499,0.0034397120770113254,0.0034397120770113254,94.07030578120319,93.90709639651553,0.1613344338938134,1,1.993177495673848e-05,1.0000199317749572,9,9,0,1,99.99568302271176,99.92434168101848,0.0007134442161575993,0.8815709161188878,0.0006460652989472751,0.8811964506984095,0.00047883669684954016,0.00047883669684953994,0.0004790065514858104,0.12157379102427512,0.1909999159979634,3.69251950000762,3.7402701880055247
free,20.0,0.008888587416217252,0.01,4.799999999999999,2.0,0.0,0.0,735471,4 5 6 10 11 12 14 20,1 3 6 9 11 13 16 19,96.99798108950505,96.99940202160181,96.38572364087393,96.38696484889549,0.006339199927785311,96.64237579248775,0.0026498494271780526,0.0036796001143519774,0.0036796001143519774,96.99940202160177,96.94473550680124,0.05324558270380919,1,1.4649089401297388e-05,1.0000146490894017,31,31,0,1,99.98500418918519,99.96002385311236,0.0002498408263859053,0.88152454130912,0.0002570947067863494,0.8814736081636438,0.00019882539038272487,0.00019882539038272451,0.00019894264592454028,0.19797437501256354,0.17942791600944474,3.982799833000172,4.027657729006023
free,20.0,0.008888587416217252,0.01,6.0,2.0,0.0,0.0,735471,6 7 8 11 12 15 16 17,1 5 8 11 12 14 19 20,97.97117011968389,97.97206660895316,97.35544835124412,97.35622592725048,0.006316434173330832,97.86595676258658,0.005235729204591255,0.0010750761610858195,0.0010750761610858195,97.97206660895318,97.94667899878023,0.024491120903661567,1,9.150541615543517e-06,1.000009150541615,9,9,0,1,99.98993371041811,99.97773517660802,0.0001219976187345484,0.8815577634610784,0.00016638318340134054,0.881443668143037,0.0001083001523714718,0.000108300152371472,0.00010837266549933394,0.16365741699701175,0.2523224589822348,3.929938667017268,3.99302023974451
free,20.0,0.008888587416217252,0.01,-6.0,4.0,0.0,0.0,735471,6 10 11 13 14 17 18 22,1 3 6 8 9 11 15 22,87.4902312717801,87.49170510827338,84.62270062340565,84.62409147834123,0.03386907609132139,86.62918337487118,0.02369410248904269,0.009939466855908297,0.009939466855908297,87.49170510827336,87.47758498329928,0.012646288480823387,1,1.684572633808834e-05,1.0000168457263383,29,29,0,1,99.9870185959695,99.93835177193976,0.0004867314248702126,0.8814461133913785,0.0015274312138554471,0.8814429683171622,0.001186001565976574,0.0011860015659765747,0.0011861601134160267,0.16951383298146538,0.2065992499992717,3.7198580839904025,3.771509104502911
free,20.0,0.008888587416217252,0.01,-4.8,4.0,0.0,0.0,735471,8 11 13 14 17 18 20 21,7 9 14 16 17 20 21 23,85.71118084108299,85.75734722308033,82.1194265498622,82.12109587905405,0.043716963632783656,83.17754958304309,0.012864583608881208,0.03046051814150119,0.03046051814150119,85.75734722308033,85.2132675165665,0.49791332451648884,1,0.0005386273009462261,1.0005386273009462,158,129,0,1,99.98542091141576,99.9127667940722,0.0007266471119617979,0.8813983584651631,0.001844322916144425,0.8817602084706255,0.0013934494823461482,0.0013934494823461482,0.0013936609534934575,0.19673458399483934,0.17993383400607854,3.9992984590062406,4.0442830425163265
free,20.0,0.008888587416217252,0.01,-3.6,4.0,0.0,0.0,735471,0 7 8 9 11 12 13 18,0 1 3 7 14 16 20 21,84.13136102442772,84.13329982280653,77.63776926487532,77.63902834427857,0.08362202385325945,83.16014402423554,0.07111263236673193,0.011678875879641781,0.011678875879641781,84.1332998228065,84.13084489979666,0.0005161246310620982,1,2.304489497362283e-05,1.0000230448949738,52,52,0,1,99.98253273681989,99.94893856597679,0.0003360003985048987,0.8815285859926425,0.002465606534840931,0.8813093204225758,0.0015865671572834286,0.0015865671572834286,0.0015867924911316998,0.1679678330256138,0.21158283299882896,3.861241999984486,3.914138458239904
free,20.0,0.008888587416217252,0.01,-2.4000000000000004,4.0,0.0,0.0,735471,5 10 13 15 16 17 21 22,1 3 4 6 10 12 15 18,83.80097007020154,83.80284857230147,79.53276780045346,79.53432386203767,0.05364534456299541,81.86632021873287,0.02932062842126304,0.02363181643317569,0.02363181643317569,83.8028485723015,83.73308546424997,0.0678846059515763,1,2.2416233348865333e-05,1.0000224162333486,65,65,0,1,99.98052581430021,99.94672587910688,0.00033806518737566904,0.8813692642714971,0.002193033970296871,0.881475319865266,0.001629853601987125,0.0016298536019871256,0.0016300759671621834,0.1681643750052899,0.19522654201136902,3.852353458001744,3.9011610105080763
free,20.0,0.008888587416217252,0.01,-1.2000000000000002,4.0,0.0,0.0,735471,5 7 8 11 13 17 21 22,1 8 10 12 14 18 22 23,84.16858861973577,84.2111924512673,80.7532393407903,80.75438380899779,0.04227887886326198,84.16858861973577,0.04227887886326198,0.0,0.0,84.21119245126727,84.04264173370889,0.1259468860268811,1,0.0005061725785135973,1.0005061725785138,1,1,0,1,99.9787655559105,99.95202485024599,0.000267463851106986,0.8814066131644981,0.00202607221698882,0.8817566956444728,0.0015821905169505059,0.0015821905169505085,0.0015823319186316761,0.17930029198760167,0.18307733300025575,3.7936607080046088,3.839431166263239
free,20.0,0.008888587416217252,0.01,0.0,4.0,0.0,0.0,735471,0 1 10 11 12 13 14 23,0 1 10 11 12 13 14 23,2.6865750294047994,2.688005101523244,2.6865750294047994,2.688005101523244,-0.0005320198676833643,2.6865750294047994,-0.0005320198676833643,0.0,,2.698243972324857,2.698243972324857,-0.011668942920057379,0,0.004343427148819412,1.0005323030634887,395259,199936,1,0,2.7504766541423478,2.7504766541423478,0.0,0.8818629826961847,0.3191848162378342,0.8818629826961847,0.3191848162378342,0.31868363930199634,0.31918639237801427,7.226662999979453,0.1722650000010617,10.822460583993234,10.86552741700143
free,20.0,0.008888587416217252,0.01,1.1999999999999993,4.0,0.0,0.0,735471,6 8 9 10 11 13 16 19,1 5 6 7 11 15 16 21,90.83413833915235,90.87820606460738,89.02542009239215,89.02621032571379,0.02030781729137998,89.77561611777547,0.00841781076965864,0.011790754184167529,0.011790754184167529,90.87820606460734,90.42540379759886,0.40873454155348554,1,0.00048514497149132474,1.0004851449714918,26,26,0,1,99.99310390851245,99.96301873620065,0.0003008724715588551,0.881555157058343,0.0010136105301297908,0.8818624466531536,0.0008151961952926149,0.0008151961952926149,0.0008152982333168624,0.15422229198156856,0.18546879099449143,3.703605416987557,3.7499736147437943
free,20.0,0.008888587416217252,0.01,2.4000000000000004,4.0,0.0,0.0,735471,5 6 8 10 11 12 13 17,0 6 7 11 15 16 21 22,93.68619724292846,93.68767098231592,92.75622592111776,92.75752946360126,0.01001177785455809,93.18964704816494,0.004658571515030019,0.005328383683080862,0.005328383683080862,93.72133948662189,93.72133948662189,-0.035142243693428554,0,0.0003751058824845721,1.0000157305924549,29,29,0,1,99.99144176675266,99.97054748762763,0.0002089606745921957,0.8815858379354616,0.0006156096342378553,0.8813468212268457,0.0005186997111701386,0.0005186997111701386,0.0005188297243343571,0.16796504199737683,0.1963197499862872,3.609865875012474,3.658946603522054
free,20.0,0.008888587416217252,0.01,3.5999999999999996,4.0,0.0,0.0,735471,1 6 7 10 12 13 16 17,0 5 8 9 11 12 14 23,96.10982053381653,96.11100682118182,94.15200005910488,94.15292598720596,0.020784213831830156,95.20679673099524,0.011193181016301956,0.009484866982477858,0.009484866982477858,96.11100682118186,95.95476710278803,0.15505343102850588,1,1.2343040063367283e-05,1.000012343040063,98,98,0,1,99.98349066305948,99.9718408062213,0.00011651780469890127,0.8815192153128211,0.0004740447704086525,0.8814425237318009,0.0002825008169104927,0.00028250081691049285,0.0002825939056012637,0.13110779199632816,0.18946900000446476,3.3561508340062574,3.4035186669862014
free,20.0,0.008888587416217252,0.01,4.799999999999999,4.0,0.0,0.0,735471,10 11 13 14 15 16 18 19,1 2 6 9 11 14 22 23,97.12661825087625,97.12757703628178,95.19731828101615,95.19795399404524,0.02025951373862145,96.9398127832405,0.018297229258773973,0.0019270252569338897,0.0019270252569338897,97.15647701959497,97.15647701959497,-0.02985876871872506,0,0.0003074210680495959,1.0000098714999328,22,22,0,1,99.975400133886,99.96382116479313,0.00011581818204642325,0.8814891715957331,0.00037095162441036034,0.8813232897982727,0.00018528549084658258,0.00018528549084658252,0.00018536195989222144,0.131880375003675,0.21420520800165832,3.6604001669911668,3.7139525520033203
free,20.0,0.008888587416217252,0.01,6.0,4.0,0.0,0.0,735471,2 4 7 9 12 14 17 18,3 4 8 10 11 15 16 22,97.87547593565816,97.87613924861623,97.7866728790912,97.8387348461437,0.0003755270299869995,97.7866728790912,-0.0005321201989617608,0.0009081304635116805,0.0009081304635116805,97.87613924861627,97.84370675908282,0.031769176575338065,1,6.777110933775532e-06,1.0000067771109333,4,4,0,1,99.98230265335165,99.98069386260005,1.6090755152742275e-05,0.8819569734192834,0.0001258072895831125,0.8814561488880915,0.00011724542164219183,0.0001172454216421918,0.00011729867560905504,0.1575714169885032,0.16684620900196023,3.6690950420161244,3.710807635252422
free,20.0,0.008888587416217252,0.03,0.0,0.0,0.0,0.0,735471,9 10 11 12 13 14 15 16,0 1 2 3 4 5 6 7,0.9209377391333984,0.9893588693258892,0.9187952919056022,0.9893389583156873,-0.06913830553962963,0.9209377391333984,-0.06913830553962963,0.0,,0.9893588712193311,0.9893586033409218,-0.06842086420752347,0,0.07429506814469011,1.0742950660886967,735471,199936,1,0,0.9900990115625721,0.9900945903644363,4.465410109677492e-06,0.8248561515520576,0.8248561515520576,0.8264162019369115,0.8264162019369115,0.8883132083989573,0.8884664519115897,6.155523749999702,0.2329883750062436,9.524177459010389,9.582425510772737
free,20.0,0.008888587416217252,0.03,-6.0,1.0,0.0,0.0,735471,7 10 11 12 14 15 16 21,6 7 8 9 10 11 18 22,36.45922865566659,36.488944560980876,25.64147859986918,25.643575249001195,0.42176854442660683,36.45922865566659,0.42176854442660683,0.0,0.0,36.56425873490728,36.56425873490728,-0.10503007924068442,0,0.0028807542867301805,1.0008150448160857,3,3,0,1,99.99144766020896,99.9312682321528,0.0006018457524553655,0.8246372783418117,0.023269068851854452,0.824983039791941,0.01372053569539308,0.013720535695393084,0.013738775131824421,0.20744270901195705,0.285821917001158,3.8094677919871174,3.880923896242166
free,20.0,0.008888587416217252,0.03,-4.8,1.0,0.0,0.0,735471,5 11 12 13 14 16 17 20,1 5 7 8 9 17 20 23,29.47316462617889,29.781523205214704,24.876243658745388,24.87989364601366,0.18461778999208778,28.47827018866923,0.1446299005073166,0.03493521309119041,0.03493521309119041,29.959249694203304,29.824512615769557,-0.3513479895906677,0,0.016492462692406784,1.0104623505126396,78,78,0,1,99.98648819363915,99.8757262325667,0.0011077692903658232,0.8245684090034109,0.024253371337112306,0.8333074092942202,0.019092097236887033,0.018779911830398354,0.019098653862385247,0.20819620799738914,0.1260522079828661,3.760922125016805,3.7924359269891283
free,20.0,0.008888587416217252,0.03,-3.6,1.0,0.0,0.0,735471,7 8 10 11 12 13 17 22,3 4 6 7 11 12 19 22,23.937701605818667,23.942113939327022,15.664651043649515,15.666452635196,0.5279592747142139,23.065590567253242,0.47229185217299663,0.037810045921979674,0.037810045921979674,24.139567783114853,24.139567783114853,-0.2018661772961856,0,0.008432980769010667,1.0001843256959675,10,10,0,1,99.98412611139779,99.68906468815452,0.002951082684010453,0.8247762222120371,0.04375742259112213,0.8250879107687018,0.02557319456592521,0.025305245521754855,0.025579237488763857,0.16230858297785744,0.16195020801387727,3.3587031670031138,3.3991917190141976
free,20.0,0.008888587416217252,0.03,-2.4000000000000004,1.0,0.0,0.0,735471,5 6 8 11 14 17 18 19,8 10 14 18 19 21 22 23,19.72629320462197,19.933968866084086,14.261685030165003,14.263901565144046,0.382952140726075,18.467779556935533,0.2947214668155229,0.0681464517056034,0.0681464517056034,20.020652166129565,19.865285159366188,-0.13899195474421688,0,0.014922162945373962,1.010527860419993,154,131,0,1,99.97935387594235,99.70779076905347,0.0027161918572292665,0.8248021475243252,0.04893585449803792,0.8318631856527943,0.03284234891870083,0.032463152819401125,0.032866956598624555,0.20179970801109448,0.14394954199087806,3.821737457998097,3.857725802496134
free,20.0,0.008888587416217252,0.03,-1.2000000000000002,1.0,0.0,0.0,735471,1 6 7 8 10 12 17 19,1 6 7 16 20 21 22 23,17.763983677457222,17.76694670729353,15.611151791147195,15.61346038701392,0.13773521289565904,17.763983677457222,0.13773521289565904,0.0,0.0,17.766946707293542,17.754891458828464,0.00909221862875853,1,0.00016679985132395103,1.0001667998513233,1,1,0,1,99.97932802073356,99.84352059615968,0.001358355044612014,0.8252442306416744,0.043966078377667195,0.824100156606491,0.037495305673763635,0.03749530567376362,0.03750258419981576,0.23106062502483837,0.14471254200907424,3.3878205830114894,3.4239994265226414
free,20.0,0.008888587416217252,0.03,0.0,1.0,0.0,0.0,735471,0 1 10 11 12 13 14 23,0 1 2 3 4 5 6 7,1.0220906783526398,1.0924716732214153,1.020255595351714,1.088468964151261,-0.06098316808727755,1.0220906783526398,-0.06098316808727755,0.0,,1.0973020538636031,1.0973020538636031,-0.07521137551096335,0,0.07358581494176786,1.0688598344152913,735471,199936,1,0,1.0991894577163885,1.098977904298422,0.00019246310677512035,0.8291426033913503,0.7528626711857019,0.8264181332721486,0.7475778304591829,0.7994690280698049,0.7996581869761292,6.6145447499875445,0.14910683399648406,10.037028457998531,10.074306250498921
free,20.0,0.008888587416217252,0.03,1.1999999999999993,1.0,0.0,0.0,735471,7 8 9 10 13 14 15 16,0 1 2 3 6 7 8 9,35.82009622546806,35.8278652726937,34.88780988298541,34.89509205756385,0.0265081452250735,35.34695227619701,0.012949105217655132,0.013385707078051867,0.013385707078051867,35.8278652726937,35.74834769196221,0.07174853350585408,1,0.00021689074135178288,1.0002168907413518,20,20,0,1,99.98496588715685,99.95362686220439,0.000313437372052805,0.8250455041022814,0.014755009876527097,0.8262583828467832,0.014173305235157602,0.014173305235157608,0.014178086660065148,0.18993420799961314,0.1653060000098776,3.5317314580024686,3.573059291979007
free,20.0,0.008888587416217252,0.03,2.4000000000000004,1.0,0.0,0.0,735471,4 10 12 13 16 17 20 21,2 4 5 12 13 16 20 22,56.38433832863564,56.68257557124256,54.648834331986265,54.928800470831945,0.02649862813910553,54.648834331986265,-0.005096891547710869,0.0317573836270022,0.0317573836270022,56.68257557124253,55.9813958995612,0.402942429074443,1,0.00528936317153561,1.005289363171536,41,41,0,1,99.98356180257319,99.9684489781478,0.00015115309109736685,0.8284165488654975,0.006193055397107967,0.8289658537084659,0.005736115949044699,0.005736115949044701,0.005739374092997152,0.19353191700065508,0.19653579100850038,3.9082838329777587,3.9574185307355947
free,20.0,0.008888587416217252,0.03,3.5999999999999996,1.0,0.0,0.0,735471,3 7 8 9 12 14 17 23,5 6 10 13 15 18 22 23,70.96286408569213,70.97444557756724,66.01082034465702,66.02029228815505,0.07486443374053109,68.68419324251026,0.04034972978805107,0.03317605893886433,0.03317605893886433,70.97444557756724,70.90256767377336,0.06029641191877033,1,0.00016320496677124652,1.0001632049667712,120,120,0,1,99.98127754850896,99.847317383454,0.0013398525037846554,0.8248947242226833,0.0036059759314018684,0.8243393697207392,0.0027260065832501647,0.0027260065832501647,0.002727799635487913,0.1326638750033453,0.21073604197590612,3.631995082978392,3.684679760473955
free,20.0,0.008888587416217252,0.03,4.799999999999999,1.0,0.0,0.0,735471,8 9 12 14 15 16 18 22,3 7 9 10 11 18 19 20,80.07392729056272,80.08349627483905,77.04816329841124,77.05617892719411,0.03916296402680319,77.76252971670262,0.009166698885703761,0.029723796052941953,0.029723796052941953,80.08349627483905,79.79355840203493,0.2803688885277893,1,0.00011950187283304992,1.000119501872833,140,128,0,1,99.98468991177299,99.97592064040485,8.770614156905499e-05,0.8243897832338003,0.001809967777036207,0.8247965582982344,0.0014106202440928087,0.0014106202440928078,0.0014117391889133348,0.19512200000463054,0.19292299999506213,3.8192414160002954,3.8674731660066755
free,20.0,0.008888587416217252,0.03,6.0,1.0,0.0,0.0,735471,6 7 8 9 13 14 18 20,0 2 6 13 14 16 17 20,84.50622084379991,84.51303999799585,83.98439400223862,84.3923142522281,0.0013497270762283797,83.98439400223862,-0.004833618482961821,0.006213378661128255,0.006213378661128255,84.51303999799585,84.39231425222812,0.11390659157179073,1,8.069410899991247e-05,1.000080694109,10,10,0,1,99.98723305558752,99.96597871662645,0.0002125705283718693,0.828842538801659,0.0009327161722167644,0.824956192913716,0.0008727014089543333,0.0008727014089543333,0.0008734039811185684,0.17887033300939947,0.23642479197587818,4.117012457980309,4.176119363983162
free,20.0,0.008888587416217252,0.03,-6.0,2.0,0.0,0.0,735471,5 8 9 11 15 16 17 19,2 8 9 10 11 12 13 21,37.68720154141416,38.02972817538062,33.69621175022252,33.699847767545485,0.11831963756550512,36.90505833670914,0.09511053555115523,0.02119338757221345,0.02119338757221345,38.267557467014065,38.267557467014065,-0.5803559255999033,0,0.01539928415651004,1.0090886725455075,44,44,0,1,99.98347132645802,99.88529414578251,0.000981934107438076,0.8247749512352084,0.015585557301715418,0.8318601535059889,0.012985356822082924,0.012718561759658588,0.013005285793585356,0.16194583399919793,0.20038162500713952,3.7727235420024954,3.8228198642391362
free,20.0,0.008888587416217252,0.03,-4.8,2.0,0.0,0.0,735471,6 9 10 11 12 14 19 22,3 5 7 13 15 18 19 22,31.934412068771547,32.165395670419954,25.797360358018214,25.80037368044051,0.23774998239584821,31.857275331547196,0.23476022968219534,0.002421322489810196,0.002421322489810196,32.23484209214024,32.15138900547732,-0.21697693670577323,0,0.009407720509202022,1.0072330626019035,3,3,0,1,99.98697472651338,99.82293400469284,0.0016406209135663152,0.8246762377346001,0.02307514489048939,0.8290099233595304,0.016884760185469715,0.016692875834525046,0.01693315021890211,0.2495385840011295,0.16504195900051855,4.043500500003574,4.084762322767347
free,20.0,0.008888587416217252,0.03,-3.6,2.0,0.0,0.0,735471,4 5 7 8 9 10 12 13,5 6 7 8 19 20 22 23,20.25966094256316,20.262201089268302,14.551645340773753,14.552901420286258,0.3921389527398207,19.33666428321208,0.32871540353165707,0.04773298257820069,0.04773298257820069,20.262201089268295,20.1037238835613,0.1559370590018574,1,0.0001253795269495761,1.0001253795269498,131,128,0,1,99.98706755684763,99.6597691294815,0.003273407605238976,0.8256352101231272,0.047844787343830214,0.8243274572159501,0.03179442888513354,0.031794428885133556,0.03179914911622072,0.14756104099797085,0.19833549999748357,3.8343738749972545,3.8839588750051917
free,20.0,0.008888587416217252,0.03,-2.4000000000000004,2.0,0.0,0.0,735471,4 8 9 10 12 13 21 22,15 16 17 18 19 20 21 22,24.52869936728247,24.533308176377382,15.685329072089312,15.687361410131999,0.5635962432433101,24.52869936728247,0.5635962432433101,0.0,0.0,24.533308176377393,24.12431385383898,0.40438551344348994,1,0.00018789455673573485,1.0001878945567353,1,1,0,1,99.97884356708478,99.97098000051446,7.865230572556836e-05,0.8247379988106754,0.0436848172022294,0.8233605580390262,0.02467233930918145,0.024672339309181442,0.024678314877759313,0.22967570801847614,0.1893088750075549,3.8406547920021694,3.8879826777556445
free,20.0,0.008888587416217252,0.03,-1.2000000000000002,2.0,0.0,0.0,735471,5 6 8 9 11 12 15 22,1 9 11 14 17 20 21 22,23.68064097993344,23.903641879185955,20.288330944432868,20.290760047403325,0.1670652516027329,23.095145491377853,0.13820997525094758,0.025351452701355415,0.025351452701355415,23.915390658591953,23.62600910797875,0.054631871954690325,1,0.009913147150764967,1.009417012801363,13,13,0,1,99.97963889310803,99.90828953683834,0.0007136388674695571,0.8250685892099668,0.03177369370496498,0.8306543488757804,0.025861529451918684,0.02575493879938975,0.0259170234031235,0.22581779200118035,0.16050450000329874,3.9271217079949565,3.9672487910065684
free,20.0,0.008888587416217252,0.03,0.0,2.0,0.0,0.0,735471,0 1 10 11 12 13 14 23,0 1 2 3 4 5 6 7,1.324220047224361,1.400471538832999,1.3218908279312331,1.3855725959578664,-0.04427956276884326,1.324220047224361,-0.04427956276884326,0.0,,1.419384712827188,1.419384712827188,-0.09516466560282688,0,0.07186469182542377,1.0575821909421061,735471,199936,1,0,1.4282433985896414,1.4255265823412169,0.0019022081608129904,0.8291426033913503,0.5895229327092598,0.8264181332721486,0.5812113256179283,0.6133376812741151,0.6151830106922012,7.111015292000957,0.16171750001376495,11.02576908399351,11.066199374981807
free,20.0,0.008888587416217252,0.03,1.1999999999999993,2.0,0.0,0.0,735471,3 7 9 10 12 13 15 19,0 1 11 12 15 18 21 22,40.71044997246305,40.911582326107506,35.56443474235582,35.56902382228439,0.1445478564682312,37.99313790413117,0.06815239276620355,0.07152112771491881,0.07152112771491881,40.91158232610751,40.794785130365845,-0.08433515790279245,0,0.004940558352474866,1.0049405583524746,198,128,0,1,99.98754925143606,99.81870465962302,0.001688656168464031,0.8250946842209151,0.014308413669429188,0.828538948411798,0.011363353508665294,0.01136335350866529,0.011365760717490915,0.17080662498483434,0.16915454098489136,4.046627208008431,4.088916927255923
free,20.0,0.008888587416217252,0.03,2.4000000000000004,2.0,0.0,0.0,735471,6 8 12 13 17 18 19 20,1 2 3 4 5 9 10 16,56.83112241088352,57.11169104531186,56.02929795158133,56.3159645906046,0.009147633784201803,56.324412703265,0.0001500127489924008,0.008996271479793982,0.008996271479793982,57.111691045311865,57.109367834837116,-0.2782454239535923,0,0.004936883568827932,1.004936883568828,29,29,0,1,99.97941460692086,99.96413791624036,0.0001527983609481698,0.8284588442025819,0.00582231827855614,0.8298779986262327,0.00564220275015719,0.005639856307401986,0.0056445121216162535,0.1943652500049211,0.22144470902276225,4.051406208978733,4.106768344245211
free,20.0,0.008888587416217252,0.03,3.5999999999999996,2.0,0.0,0.0,735471,8 9 11 12 13 14 16 17,0 1 3 4 19 20 22 23,62.94626943599149,62.955546971123745,56.443087767339044,56.44645819726256,0.11515002794354512,62.19992507615804,0.10192786337078807,0.011999119917260659,0.011999119917260659,62.955546971123745,62.946982250758985,-0.0007128147674961838,0,0.00014738816478532257,1.0001473881647853,12,12,0,1,99.99568302271176,99.91450947495699,0.0008117705214967241,0.8248387290975706,0.005724175818900522,0.8246260368530622,0.004209957136676543,0.004209957136676541,0.004211748043598321,0.12251020799158141,0.19714591701631434,3.798635374987498,3.8479226462441147
free,20.0,0.008888587416217252,0.03,4.799999999999999,2.0,0.0,0.0,735471,4 5 6 10 11 12 14 20,0 2 4 7 10 17 19 23,78.08732552974918,78.09623778839816,74.13164982351785,74.13858535922279,0.05326160664374169,77.0194616645596,0.038857988608470784,0.01386485755821587,0.01386485755821587,78.09623778839818,78.07199824485704,0.015327284892137527,1,0.00011413194892440082,1.000114131948924,58,58,0,1,99.98500418918519,99.90708287510257,0.0007793300076797127,0.825225847275505,0.0022422676341866394,0.825030093232049,0.0016756870814540578,0.0016756614864279758,0.0016767660622984924,0.15935658302623779,0.19665883400011808,3.829722333990503,3.8788885425019544
free,20.0,0.008888587416217252,0.03,6.0,2.0,0.0,0.0,735471,6 7 8 11 12 15 16 17,0 4 10 12 13 14 16 23,84.13160546981153,84.47901875121909,80.13043776484012,80.13573044974468,0.049863837237657416,84.10757123303364,0.04956391812987593,0.0002857559245326158,0.0002857559245326158,84.47901875121909,84.26477311074308,-0.13316764093154632,0,0.004129402731203324,1.0041294027312033,4,4,0,1,99.98993371041811,99.96460213931823,0.0002533412130589774,0.8250183643182161,0.0014066748804883065,0.8248734855354134,0.0008756534299574672,0.0009146330263307669,0.0009158929210625783,0.15137995799886994,0.2068430420185905,3.954762084002141,4.0064737604916445
free,20.0,0.008888587416217252,0.03,-6.0,4.0,0.0,0.0,735471,6 10 11 13 14 17 18 22,0 2 6 7 10 14 18 21,43.7772258310155,43.84092522095996,37.739999997747304,37.743103619306154,0.15987350358285868,42.74910603626457,0.1326335657886326,0.024050088763932553,0.024050088763932553,44.034939304341215,44.034939304341215,-0.25771347332571537,0,0.005886930211624453,1.0014550805523939,55,55,0,1,99.9870185959695,99.8515931369485,0.0013544304142945052,0.8244592260525354,0.012955382660234343,0.8251994062255238,0.009933994499344219,0.009844032484897642,0.00996121213965265,0.20240099998773076,0.19983570798649453,3.7634686669916846,3.8134285519990954
free,20.0,0.008888587416217252,0.03,-4.8,4.0,0.0,0.0,735471,8 11 13 14 17 18 20 21,1 9 14 16 17 20 21 23,39.8705366663661,39.874779928279956,33.37248303920469,33.375011941057565,0.19462239404678128,39.8705366663661,0.19462239404678128,0.0,0.0,40.131212566385216,40.131212566385216,-0.2606759000191161,0,0.006538058471608599,1.0001064260044796,4,4,0,1,99.98542091141576,99.93299322696147,0.0005243532904736226,0.8241516297891041,0.015805085540203236,0.8240464164804933,0.011777267491638025,0.011672439799744461,0.011779198763204095,0.23227870801929384,0.2244239579886198,4.029662959015695,4.085769698518561
free,20.0,0.008888587416217252,0.03,-3.6,4.0,0.0,0.0,735471,0 7 8 9 11 12 13 18,3 7 11 12 16 18 19 20,37.19813175888996,37.29154989497906,27.527597470305633,27.52912467758362,0.3512282789426866,36.97294069609293,0.34304817639912843,0.006090699267013555,0.006090699267013555,37.520108579878624,37.520108579878624,-0.32197682098866665,0,0.008655725590619667,1.0025113663421223,24,24,0,1,99.98253273681989,99.82171406651858,0.0016084676582921453,0.8253255991895263,0.021091501266426962,0.8245514242850953,0.013222358001905823,0.013199981264298584,0.01327769827755562,0.23724783401121385,0.18434216600144282,3.819858665985521,3.8659447494865162
free,20.0,0.008888587416217252,0.03,-2.4000000000000004,4.0,0.0,0.0,735471,5 10 13 15 16 17 21 22,0 4 6 8 10 12 21 22,36.247489543884505,36.25110368401058,29.66112353487188,29.677346158030318,0.22138581229158816,33.95015449426842,0.1439754186066915,0.06766788204171292,0.06766788204171292,36.50358168478643,36.50358168478643,-0.2560921409019272,0,0.007065100069671759,1.000099707322398,167,128,0,1,99.98052581430021,99.9305265926355,0.0005000896050254555,0.8241964416785862,0.018883317702582225,0.8250602689870734,0.013871002917331298,0.01369807132413376,0.013872987972225534,0.17133054201258346,0.1836525830149185,4.01587308300077,4.06178743676719
free,20.0,0.008888587416217252,0.03,-1.2000000000000002,4.0,0.0,0.0,735471,5 7 8 11 13 17 21 22,0 2 4 8 9 18 19 23,36.645951897926906,36.82111402876354,31.080187859719267,31.082074749943875,0.1790059766841361,36.307971100638404,0.16813215954008887,0.009308721667528275,0.009308721667528275,37.080589414842834,37.080589414842834,-0.43463751691592734,0,0.01186045100224331,1.00477984939031,5,5,0,1,99.9787655559105,99.86960732210846,0.0010918141786916413,0.8245895094545185,0.017640835606163436,0.8288882678912728,0.0136226344670688,0.013356862901495747,0.013623831976809699,0.23175262499717064,0.17532974999630824,3.8620492499903776,3.9058825624961173
free,20.0,0.008888587416217252,0.03,0.0,4.0,0.0,0.0,735471,0 1 10 11 12 13 14 23,0 1 2 3 4 5 6 7,2.5131407506490144,2.6120258928915647,2.5088669749393837,2.5630201425084316,-0.01946117825301208,2.5131407506490144,-0.01946117825301208,0.0,,2.6841567904618397,2.6841567904618397,-0.17101603981282532,0,0.06804873136081246,1.0393472360101652,735471,199936,1,0,2.7504766541423478,2.721775159091247,0.010435098588411962,0.8291426033913503,0.3146135925470925,0.8264181332721486,0.30750112966935395,0.31435536751045884,0.31994620661793854,7.346347707993118,0.20017450000159442,11.02897358298651,11.079018040996743
free,20.0,0.008888587416217252,0.03,1.1999999999999993,4.0,0.0,0.0,735471,6 8 9 10 11 13 16 19,1 5 6 7 11 15 16 21,51.898947312471904,51.902208251912725,46.2012100581311,46.20364334827695,0.12326525683839495,50.94290822794476,0.10257340192728659,0.018766872912895582,0.018766872912895582,51.90220825191268,51.20090065323292,0.6980466592389831,1,6.283247752869592e-05,1.0000628324775296,7,7,0,1,99.99310390851245,99.96301873620065,0.0003008724715588551,0.8250153481428343,0.008967479516080224,0.825151301734269,0.007009605156424592,0.007009605156424596,0.007010470810583476,0.1583283749932889,0.18440304102841765,3.7073764170054346,3.7534778852714226
free,20.0,0.008888587416217252,0.03,2.4000000000000004,4.0,0.0,0.0,735471,5 6 8 10 11 12 13 17,1 2 6 7 11 15 16 20,61.958298129473754,61.964381386199534,57.66277662390285,57.66754595379219,0.07440497258405365,59.41550138762629,0.030310903731445515,0.042796857427126245,0.042796857427126245,61.964381386199555,61.86970642933792,0.0885917001358365,1,9.818308296805078e-05,1.0000981830829676,161,128,0,1,99.99144176675266,99.96643400676945,0.0002500990038881712,0.8252837965537506,0.005422474081267545,0.8252362383678958,0.004429325550984407,0.004429325550984407,0.004430515960891413,0.1668502079846803,0.1543043330020737,3.5161334589938633,3.5547105832301895
free,20.0,0.008888587416217252,0.03,3.5999999999999996,4.0,0.0,0.0,735471,1 6 7 10 12 13 16 17,0 3 5 6 7 9 14 23,72.57943621875043,72.58613992478546,63.30442781455672,63.309104427975704,0.14642967823563535,72.2009541684613,0.14045135878681547,0.005242064383332856,0.005242064383332856,72.58613992478546,72.55210258327521,0.027333635475216056,1,9.236371049814451e-05,1.0000923637104981,9,9,0,1,99.98349066305948,99.92310238658386,0.0006039824782586578,0.8252206294004873,0.004146198604793498,0.8254721905013213,0.002483724038237888,0.002483724038237888,0.0024846431481124675,0.13978229198255576,0.16202770901145414,3.3690548749873415,3.4095628022478195
free,20.0,0.008888587416217252,0.03,4.799999999999999,4.0,0.0,0.0,735471,10 11 13 14 15 16 18 19,0 1 5 8 10 13 19 20,79.57807357991243,79.58398368312473,68.89867868574137,68.90198912398574,0.15494595427013858,77.87904315531101,0.13028729860282406,0.021816272462581665,0.021816272462581665,79.58398368312467,79.32596421008483,0.25210936982759335,1,7.426798546839031e-05,1.0000742679854693,55,55,0,1,99.975400133886,99.9502757668224,0.00025130549145035985,0.8243797544273634,0.003075940239783107,0.825241172939219,0.0014808504373216898,0.0014808504373216907,0.0014815251282841123,0.13560962499468587,0.1710741249844432,3.3983349169720896,3.4411046142340638
free,20.0,0.008888587416217252,0.03,6.0,4.0,0.0,0.0,735471,2 4 7 9 12 14 17 18,0 4 5 12 13 16 22 23,83.51410207047739,83.51889404462985,82.43439680790516,82.84642907572301,0.008059164434765398,82.77128853833736,-0.0009069858317848345,0.0089742898202676,0.0089742898202676,83.51889404462989,83.40962289075786,0.10447917971953302,1,5.737922139736895e-05,1.0000573792213967,23,23,0,1,99.98230265335165,99.9335170054949,0.0004879428315017753,0.8292561910067762,0.0011209712365621244,0.8247043248721985,0.0009858767311588209,0.000985876731158821,0.0009863549995712626,0.1540560830035247,0.17745520899188705,3.6278195829945616,3.67218405224412
free,20.0,0.008888587416217252,0.05,0.0,0.0,0.0,0.0,735471,9 10 11 12 13 14 15 16,0 1 2 3 4 5 6 7,0.8060449129322127,0.9878608332559665,0.8005891170071491,0.9877843734245834,-0.18398697669440944,0.8060449129322127,-0.18398697669440944,0.0,,0.9878608472262751,0.9878598014768256,-0.18181488854461292,0,0.22556551300926442,1.2255654956773412,735471,199936,1,0,0.9900990115625721,0.9900945903644363,4.465410109677492e-06,0.7187521407397223,0.7187521407397223,0.7233352631694152,0.7233352631694152,0.888278380991337,0.8884691293221293,6.056631999992533,0.21841608299291693,9.447588125010952,9.502193145737692
free,20.0,0.008888587416217252,0.05,-6.0,1.0,0.0,0.0,735471,7 10 11 12 14 15 16 21,6 7 8 9 10 11 18 22,15.991891943613238,16.586599457620856,10.806383156502086,10.829877433046235,0.476645700053415,15.991891943613238,0.476645700053415,0.0,0.0,17.05562146238993,17.05562146238993,-1.0637295187766913,0,0.06651680254765102,1.0371880648083749,351,351,0,1,99.99144766020896,99.9312682321528,0.0006018457524553655,0.7182958756059393,0.057436805465343424,0.7414158227312921,0.035811100704040706,0.03365587211412298,0.036086893214664656,0.2469026250182651,0.28998324999702163,3.831015750009101,3.9035123545108945
free,20.0,0.008888587416217252,0.05,-4.8,1.0,0.0,0.0,735471,5 11 12 13 14 16 17 20,7 8 10 11 14 16 17 20,11.992672119451452,12.082712643540324,10.155448088130626,10.407577110168296,0.15230201924081865,11.992672119451452,0.15230201924081865,0.0,0.0,13.29007659263846,13.29007659263846,-1.297404473187008,0,0.10818310216975657,1.0075079617946723,637,637,0,1,99.98648819363915,99.24464378660781,0.007419446571567123,0.729886178071168,0.06124168117031694,0.7184876985398659,0.050575518015768234,0.046037505619394105,0.051020150531916574,0.30951962497783825,0.11786937501165085,3.878343041986227,3.907811010743899
free,20.0,0.008888587416217252,0.05,-3.6,1.0,0.0,0.0,735471,7 8 10 11 12 13 17 22,3 4 6 7 11 12 19 20,9.596515733594426,9.820484676783838,6.080870570204048,6.0820228013985576,0.577849351598569,9.299738011529849,0.5290534605347714,0.031912482017948385,0.031912482017948385,9.967354870668867,9.967354870668867,-0.3708391370744408,0,0.03864310207675148,1.0233385688521686,120,120,0,1,99.98412611139779,99.6563498174606,0.0032782833304157988,0.7186831134306748,0.10927655876926139,0.7237469600332935,0.06480909491348189,0.06339308097805531,0.06611803437844475,0.21262629100237973,0.11669566601631232,3.7693756250082515,3.7985511664955993
free,20.0,0.008888587416217252,0.05,-2.4000000000000004,1.0,0.0,0.0,735471,5 6 8 11 14 17 18 19,8 10 14 18 19 21 22 23,7.534982975520291,7.849575045774582,5.412630707385127,5.413821817482147,0.3918047600289605,7.534982975520291,0.3918047600289605,0.0,0.0,8.13024598002124,8.08269982849582,-0.5477168529755287,0,0.07899991366070025,1.041750866760594,112,112,0,1,99.97935387594235,99.70779076905347,0.0027161918572292665,0.7187960334189621,0.12388195022834432,0.7401369070349648,0.08540147322004352,0.0805691817435993,0.08615507011076375,0.25354520897963084,0.30216420799843036,3.45178199998918,3.5273238439913257
free,20.0,0.008888587416217252,0.05,-1.2000000000000002,1.0,0.0,0.0,735471,1 6 7 8 10 12 17 19,6 7 13 16 20 21 22 23,6.80134896830268,6.80541433681379,5.866338526383103,5.867372201884635,0.1591814417565065,6.80134896830268,0.1591814417565065,0.0,0.0,6.80541433681379,6.790803278419396,0.010545689883283416,1,0.0005977297342125709,1.0005977297342126,1,1,0,1,99.97932802073356,99.9294612202223,0.0004987711109732951,0.719984718511764,0.11382132321132069,0.716633325737721,0.09641482105681332,0.09641482105681332,0.09647423361276436,0.2642908330017235,0.15010666599846445,3.518783417006489,3.5563115005134023
free,20.0,0.008888587416217252,0.05,0.0,1.0,0.0,0.0,735471,0 1 10 11 12 13 14 23,0 1 2 3 4 5 6 7,0.8945786505932353,1.086661652428459,0.8898797053881579,1.079705690348715,-0.17146065025895052,0.8945786505932353,-0.17146065025895052,0.0,,1.0949122426995115,1.0949122426995115,-0.20033359210627621,0,0.2239418434292233,1.2147189648532801,735471,199936,1,0,1.0991894577163885,1.098977904298422,0.00019246310677512035,0.730486269604985,0.6676719569382894,0.723338714399168,0.6567636078026524,0.7994554528606352,0.799660355907827,6.8340629170124885,0.16406345900031738,10.299349707987858,10.340366364740476
free,20.0,0.008888587416217252,0.05,1.1999999999999993,1.0,0.0,0.0,735471,7 8 9 10 13 14 15 16,0 1 2 3 6 7 8 9,15.293525146911437,15.29814282686736,14.754363991517165,14.758570278502079,0.03624706582781889,15.096129390321316,0.022872074018642552,0.013075918434872325,0.013075918434872325,15.29814282686736,15.220811653093888,0.07271349381754888,1,0.00030193692504276726,1.0003019369250428,16,16,0,1,99.98496588715685,99.95362686220439,0.000313437372052805,0.7192747346783698,0.0398474839718151,0.7228388689194442,0.03836151850186573,0.03836151850186573,0.038374199664595654,0.1889759170007892,0.15510062500834465,3.579961417010054,3.6187375312438235
free,20.0,0.008888587416217252,0.05,2.4000000000000004,1.0,0.0,0.0,735471,4 10 12 13 16 17 20 21,2 4 5 12 13 16 20 22,29.341179965598112,29.804767767896305,27.795368564765663,28.225039132922056,0.03954435022816938,27.795368564765663,-0.015223028252783544,0.05561399185013771,0.05561399185013771,29.804767767896298,29.59973177268007,-0.25855180708195746,0,0.01579990316823432,1.0157999031682345,112,112,0,1,99.98356180257319,99.9684489781478,0.00015115309109736685,0.7284905691028959,0.01692149439348961,0.7300305617895907,0.01560516363310079,0.01560516363310078,0.015614340369478421,0.19806141598382965,0.20945870902505703,3.6934197499940637,3.745785385261115
free,20.0,0.008888587416217252,0.05,3.5999999999999996,1.0,0.0,0.0,735471,3 7 8 9 12 14 17 23,4 5 9 12 14 17 21 22,44.16232140134115,44.17723525619274,38.29076888246486,38.30126062442232,0.1530252707447859,42.588890065353404,0.11194486476502896,0.0369446429238538,0.0369446429238538,44.17723525619274,44.026185589317,0.13613581202415048,1,0.00033770540991384657,1.0003377054099138,79,79,0,1,99.98127754850896,99.86151095009522,0.001197890258559875,0.7191007354576963,0.009886270740779562,0.7183236103980796,0.007371452539483357,0.007371452539483357,0.007376416370480643,0.15517554199323058,0.2342369160032831,3.7650537500157952,3.8236139789951267
free,20.0,0.008888587416217252,0.05,4.799999999999999,1.0,0.0,0.0,735471,8 9 12 14 15 16 18 22,3 7 9 10 11 18 19 20,56.48254091359564,56.49820016354677,51.922986130969214,51.93553288794675,0.08755100357705525,53.90163424686068,0.03785657428712397,0.04788178879539773,0.04788178879539773,56.49820016354678,56.253919952094044,0.22862096150159772,1,0.0002772405365949471,1.000277240536595,117,117,0,1,99.98468991177299,99.97592064040485,8.770614156905499e-05,0.7177214177303156,0.004930880254959472,0.7188372685676352,0.003834601401953925,0.0038346014019539237,0.003837652990998675,0.1602429159975145,0.19952991700847633,3.6535386670148,3.7034220632413053
free,20.0,0.008888587416217252,0.05,6.0,1.0,0.0,0.0,735471,6 7 8 9 13 14 18 20,0 2 6 13 14 16 17 20,63.74732074946215,63.76025970371445,62.755742847626394,63.68363154719799,0.0010000874748632427,62.755742847626394,-0.014570285598174637,0.015800592214219256,0.015800592214219256,63.892938753024865,63.892938753024865,-0.14561800356271704,0,0.0022842999807790587,1.0002029725186907,37,37,0,1,99.98723305558752,99.96597871662645,0.0002125705283718693,0.7295037376731287,0.0025665340953829477,0.719376980881187,0.0023939416108607007,0.0023939416108607,0.002395852318974672,0.18019433302106336,0.1888355829869397,3.7113360830117017,3.758545978766051
free,20.0,0.008888587416217252,0.05,-6.0,2.0,0.0,0.0,735471,5 8 9 11 15 16 17 19,0 1 3 4 5 12 17 23,16.70888199700485,17.2541041390958,14.879307935826425,15.167863679654777,0.10159758486075376,16.70888199700485,0.10159758486075376,0.0,0.0,18.135295129767986,18.135295129767986,-1.4264131327631375,0,0.08536855625761364,1.0326306776353251,413,413,0,1,99.98347132645802,99.63989044089192,0.0034363768431711073,0.7240398050183432,0.038846533383261245,0.7345180988957578,0.03368204348842792,0.031120890921984144,0.034250090066797995,0.2505927500023972,0.1779212919936981,4.004427832987858,4.048909280994849
free,20.0,0.008888587416217252,0.05,-4.8,2.0,0.0,0.0,735471,6 9 10 11 12 14 19 22,2 5 6 15 16 19 22 23,13.539293105163553,13.861353290564123,10.68026575147576,10.81827149421022,0.25152092110182145,13.539293105163553,0.25152092110182145,0.0,0.0,14.465705999005129,14.465705999005129,-0.9264128938415759,0,0.06842402233601574,1.0237870753590337,91,91,0,1,99.98697472651338,99.84546817774194,0.0014152498278751091,0.7219740320828694,0.05784795478179092,0.7301678430506439,0.043787931805588674,0.040832620870305494,0.044138274347830506,0.25329287501517683,0.18541962502058595,4.080340250016889,4.126695865270449
free,20.0,0.008888587416217252,0.05,-3.6,2.0,0.0,0.0,735471,4 5 7 8 9 10 12 13,5 6 7 8 19 20 22 23,8.07510142342317,8.082775183599873,5.577348621914137,5.578307038110132,0.4475899889079833,7.638840480099815,0.3693832963858814,0.05711088540988296,0.05711088540988296,8.08277518359987,8.059279144795374,0.015822278627796393,1,0.0009502989218737046,1.000950298921874,386,138,0,1,99.98706755684763,99.6597691294815,0.003273407605238976,0.7208621723471959,0.12033738874866161,0.7178469319125497,0.07992335100922315,0.07992335100922318,0.08000476616672783,0.15996920800535008,0.2259360000025481,3.6852699579903856,3.741754749993561
free,20.0,0.008888587416217252,0.05,-2.4000000000000004,2.0,0.0,0.0,735471,4 8 9 10 12 13 21 22,15 16 17 18 19 20 21 22,9.614564125781246,9.90260819387853,5.985761569513161,5.98690481303846,0.6059323516957147,9.614564125781246,0.6059323516957147,0.0,0.0,9.96723541055014,9.869574114329358,-0.2550099885481121,0,0.03668094363458585,1.0299591395230179,12,12,0,1,99.97884356708478,99.97098000051446,7.865230572556836e-05,0.7186949040450542,0.11115589742006393,0.7296500826736532,0.06479402916197868,0.06287759382045624,0.0655074595955307,0.26782712500425987,0.1791209999937564,4.089522709022276,4.134304000006523
free,20.0,0.008888587416217252,0.05,-1.2000000000000002,2.0,0.0,0.0,735471,5 6 8 9 11 12 15 22,4 8 9 10 16 19 20 21,9.244236706163317,9.354173156490058,7.6461521153944805,7.839427228880561,0.179197974069766,8.81127122246224,0.12396874991088525,0.04913768658004014,0.04913768658004014,9.661651316323331,9.661651316323331,-0.417414610160014,0,0.04515403742114432,1.011892431340864,199,139,0,1,99.97963889310803,99.71408111952564,0.0026561185509612617,0.7306818904252556,0.08431744270463304,0.7181407016978496,0.06788363923425837,0.06655306052081764,0.06879355630999313,0.14679600001545623,0.1851084170048125,3.889156459015794,3.935434604252805
free,20.0,0.008888587416217252,0.05,0.0,2.0,0.0,0.0,735471,0 1 10 11 12 13 14 23,0 1 2 3 4 5 6 7,1.1590162684083205,1.3809949087610125,1.1529701528484997,1.3540541884191084,-0.14403996655296303,1.1590162684083205,-0.14403996655296303,0.0,,1.4142921374324104,1.4142921374324104,-0.25527586902408994,0,0.22025218798236623,1.1915233171468211,735471,199936,1,0,1.4282433985896414,1.4255265823412169,0.0019022081608129904,0.730486269604985,0.5305922368023804,0.723338714399168,0.5148922823106132,0.6133498093072172,0.6151842943654455,6.948255291994428,0.22901070798980072,10.959588375000749,11.016842217984959
free,20.0,0.008888587416217252,0.05,1.1999999999999993,2.0,0.0,0.0,735471,3 7 9 10 12 13 15 19,0 1 11 12 15 18 21 22,18.407051559098647,18.691810647340834,15.132167942656677,15.135349226285431,0.21616298929735156,17.414109484592693,0.15055881593731302,0.057019400009197696,0.057019400009197696,18.691810647340834,18.619725423158137,-0.2126738640594894,0,0.015470108687853923,1.015470108687854,115,115,0,1,99.98754925143606,99.81870465962302,0.001688656168464031,0.7194986105068364,0.038649041200722045,0.7290551740055751,0.030115401430058225,0.030115401430058225,0.030144347981795286,0.2364079170220066,0.20010020799236372,3.984607833001064,4.034634135008673
free,20.0,0.008888587416217252,0.05,2.4000000000000004,2.0,0.0,0.0,735471,6 8 12 13 17 18 19 20,0 1 2 7 11 12 13 19,29.959484400302156,30.394455578136178,29.04756763613097,29.494105309852237,0.01577871529110131,29.449561819808867,-0.0015102505933106691,0.017315116048697732,0.017315116048697732,30.394455578136178,30.268550273854178,-0.3090658735520222,0,0.01451864698411276,1.0145186469841128,67,67,0,1,99.97941460692086,99.84933671460654,0.00130104674873055,0.7285665123319878,0.015813518468263222,0.731166772150806,0.015167338516430824,0.015167338516430824,0.01517356107577559,0.19327729201177135,0.18464966700412333,3.709731707989704,3.755895083741052
free,20.0,0.008888587416217252,0.05,3.5999999999999996,2.0,0.0,0.0,735471,8 9 11 12 13 14 16 17,0 1 3 4 19 20 22 23,35.374882924749976,35.38446608268814,29.239169015111514,29.24310062655117,0.20968304204484656,34.649389657438924,0.1848740015612138,0.02093812544704643,0.02093812544704643,35.38446608268814,35.267545317837474,0.10733760691250183,1,0.00027090288775100113,1.000270902887751,11,11,0,1,99.99568302271176,99.91450947495699,0.0008117705214967241,0.7187370695979338,0.01568941745325815,0.7189111272628437,0.011428551906525593,0.011428551906525593,0.011433331780035492,0.12556483299704269,0.21854787500342354,3.7975130419945344,3.8521509687270736
free,20.0,0.008888587416217252,0.05,4.799999999999999,2.0,0.0,0.0,735471,4 5 6 10 11 12 14 20,0 2 4 7 10 17 19 23,53.71958406972819,53.8266472601304,47.885214662360504,47.894877409264986,0.1216143975208599,53.71958406972819,0.1216143975208599,0.0,0.0,53.82664726013038,53.778816235373704,-0.05923216564551126,0,0.0019930011048339136,1.0019930011048344,2,2,0,1,99.98500418918519,99.90708287510257,0.0007793300076797127,0.7198793220393401,0.006141815854009799,0.719711571361532,0.004482328440446647,0.004505805182700059,0.004508451993033655,0.2001031249819789,0.17313650000141934,3.792302665999159,3.8355879580049077
free,20.0,0.008888587416217252,0.05,6.0,2.0,0.0,0.0,735471,6 7 8 11 12 15 16 17,0 4 10 12 13 14 16 23,63.36651371313293,63.72538918466106,56.528148842427704,56.53782240287428,0.12078093955580949,63.035790576970655,0.11493134857217324,0.005246592977341091,0.005246592977341091,63.725389184661026,63.71133928176909,-0.34482556863616054,0,0.0056634877082359925,1.0056634877082364,10,10,0,1,99.98993371041811,99.96460213931823,0.0002533412130589774,0.7192519695793432,0.003833019801940794,0.7191255184288596,0.0023961693758519894,0.002458053783004956,0.0024597214768120788,0.14832412500982173,0.1959454579919111,3.7910732089949306,3.840060448499571
free,20.0,0.008888587416217252,0.05,-6.0,4.0,0.0,0.0,735471,6 10 11 13 14 17 18 22,0 1 3 4 8 9 19 22,20.691956077644495,20.813200742180985,17.281459385626086,17.4136130904245,0.18826322660302508,20.14592976813779,0.15690693617258278,0.02710355470266168,0.02710355470266168,21.783934888097683,21.783934888097683,-1.0919788104531882,0,0.052773106919212776,1.0058595071476826,506,250,0,1,99.9870185959695,99.75877453371895,0.0022827369538124254,0.7179165661995968,0.03233873068667369,0.7207670555128138,0.02574169672129526,0.024122815676447983,0.025943429638740707,0.2740502090018708,0.22300525000900961,4.038652124989312,4.094404062496324
free,20.0,0.008888587416217252,0.05,-4.8,4.0,0.0,0.0,735471,8 11 13 14 17 18 20 21,4 5 13 14 18 19 21 22,18.26888751679258,18.813239735440796,14.631736565817068,14.728736955017137,0.2403566967478188,18.26888751679258,0.2403566967478188,0.0,0.0,19.03503011641626,19.03503011641626,-0.7661425996236773,0,0.04193701444159892,1.0297966812783674,44,44,0,1,99.98542091141576,99.69892651450775,0.0028653617127024633,0.7171572138485807,0.039802431782431084,0.7321564897977568,0.030028499704003963,0.028805333002990072,0.030383411293925387,0.2802307920064777,0.2144912910007406,4.299972084001638,4.353595822736679
free,20.0,0.008888587416217252,0.05,-3.6,4.0,0.0,0.0,735471,0 7 8 9 11 12 13 18,2 6 10 11 14 15 17 18,16.405739744769154,16.852839774044362,11.504875375992164,11.528534711241148,0.42305506776783885,16.330791452987608,0.4165539560776892,0.004589385149966763,0.004589385149966763,17.391164825160853,17.391164825160853,-0.9854250803916997,0,0.06006587302507316,1.0272526589005389,428,402,0,1,99.98253273681989,99.90723341860985,0.0007531247323795398,0.7201463571529108,0.053577838299681955,0.736373400381163,0.034805734149414486,0.03274506234242824,0.03494432609455657,0.37061549999634735,0.22636483400128782,4.159842750028474,4.216434625501279
free,20.0,0.008888587416217252,0.05,-2.4000000000000004,4.0,0.0,0.0,735471,5 10 13 15 16 17 21 22,0 4 6 8 10 12 21 22,15.799464137516017,16.19137818389973,12.189739089867981,12.451989701022825,0.2688304854780137,15.251203796197517,0.22480054693144824,0.03594866009561781,0.03594866009561781,16.30197187312542,16.30197187312542,-0.5025077356094041,0,0.031805365753905024,1.0248055277680657,215,138,0,1,99.98052581430021,99.9305265926355,0.0005000896050254555,0.7268132993239049,0.04948066254101676,0.7340323834920943,0.03644618119674717,0.03521775994752031,0.03666136442871422,0.1424787500000093,0.221722292015329,3.836879125010455,3.8923108230228536
free,20.0,0.008888587416217252,0.05,-1.2000000000000002,4.0,0.0,0.0,735471,5 7 8 11 13 17 21 22,0 2 4 8 9 18 19 23,16.050080417395648,16.492290582676365,12.846065732168107,13.047296916187149,0.2301460233868895,15.482711389683951,0.18666046225063693,0.03664532738688986,0.03664532738688986,16.686414152887078,16.686414152887078,-0.63633373549143,0,0.03964676306554504,1.0275518971731403,118,118,0,1,99.9787655559105,99.86960732210846,0.0010918141786916413,0.7183423124634551,0.04616820458276322,0.7299919086015472,0.03537402758817375,0.034653298902820186,0.03594679800705729,0.24827695899875835,0.1815564589924179,3.9267273329896852,3.972117572746356
free,20.0,0.008888587416217252,0.05,0.0,4.0,0.0,0.0,735471,0 1 10 11 12 13 14 23,0 1 2 3 4 5 6 7,2.1996147366821854,2.530958367265253,2.188267266518665,2.4327855323092065,-0.09584519166623562,2.1996147366821854,-0.09584519166623562,0.0,,2.664151420722428,2.664151420722428,-0.4645366840402425,0,0.21119002173122903,1.1506371206999884,735471,199936,1,0,2.7504766541423478,2.721775159091247,0.010435098588411962,0.730486269604985,0.29137884672607867,0.723338714399168,0.27690778274721173,0.3142841969535322,0.3199465538451219,7.311358083010418,0.21776925001177005,10.960640500008594,11.015084187522007
free,20.0,0.008888587416217252,0.05,1.1999999999999993,4.0,0.0,0.0,735471,6 8 9 10 11 13 16 19,1 5 6 7 11 15 16 21,25.912926703317805,25.91602816379092,21.771090289556373,21.77333038847843,0.1901223304373263,25.57813230569545,0.1747459781912999,0.013089086944311656,0.013089086944311656,25.979089876745437,25.979089876745437,-0.06616317342763267,0,0.0025532883330836587,1.0001196877723857,14,14,0,1,99.99310390851245,99.96301873620065,0.0003008724715588551,0.719248668611285,0.02414488315436126,0.7198145145386002,0.018886290353992266,0.01886258510019029,0.018888727990039142,0.3767590420029592,0.1597853339917492,4.136041417019442,4.17598875049589
free,20.0,0.008888587416217252,0.05,2.4000000000000004,4.0,0.0,0.0,735471,5 6 8 10 11 12 13 17,0 2 6 8 11 14 22 23,34.75465633073931,34.77652240074839,30.506211163416943,30.510813123203008,0.13909308776529872,33.71439881605327,0.10499837155811442,0.030854992264928605,0.030854992264928605,34.77652240074839,34.73277470026202,0.02188163047728864,1,0.0006291551210000357,1.000629155121,43,43,0,1,99.99144176675266,99.55178593131778,0.0043969346542722665,0.7199303109544072,0.014707319649494845,0.7194430635538829,0.011799020598849843,0.011808507259994954,0.011811316297456527,0.17238508301670663,0.16800366598181427,3.3977682089898735,3.439770208497066
free,20.0,0.008888587416217252,0.05,3.5999999999999996,4.0,0.0,0.0,735471,1 6 7 10 12 13 16 17,4 5 7 8 10 11 19 23,46.440026581403394,46.448519120675,35.66333230778385,35.6690382274487,0.3019702489669598,46.02953880825455,0.29046201119134873,0.008917920617428132,0.008917920617428132,46.682142494687895,46.682142494687895,-0.24211591328450055,0,0.00521351797377001,1.00018287111134,7,7,0,1,99.98349066305948,99.89962314974596,0.0008388136157013726,0.7198746856033462,0.011293473031080564,0.719481460989479,0.0066012812515058045,0.006601281251505806,0.0066036204800702224,0.1631849170080386,0.1696197090204805,3.3357400829845574,3.3781460522441193
free,20.0,0.008888587416217252,0.05,4.799999999999999,4.0,0.0,0.0,735471,10 11 13 14 15 16 18 19,0 1 5 8 10 13 19 20,55.90835462416658,55.91759704916263,41.71210404480954,41.71698632666855,0.340182010904893,53.56755519120115,0.28407058869822666,0.04369808225539318,0.04369808225539318,55.91759704916263,55.60262093451084,0.30573368965573877,1,0.00016531384366769153,1.0001653138436677,114,114,0,1,99.975400133886,99.9502757668224,0.00025130549145035985,0.7176229924839365,0.008313589818363555,0.7201609661663883,0.003990380997486653,0.003990380997486653,0.0039920887441669455,0.18282454198924825,0.20269804101553746,3.5323145409929566,3.5829903432531864
free,20.0,0.008888587416217252,0.05,6.0,4.0,0.0,0.0,735471,2 4 7 9 12 14 17 18,0 5 12 13 16 19 22 23,62.35894970079142,62.36792816946357,60.12475766603427,61.03835879494793,0.021635426179787753,61.2050595180252,0.0027310813457039895,0.01885285615033827,0.01885285615033827,62.36792816946357,62.345505263185935,0.01344443760548586,1,0.0001439804344882667,1.0001439804344883,30,30,0,1,99.98230265335165,99.91727316909186,0.0006504099479011094,0.7306319016025106,0.0030814575854347915,0.7178336563127176,0.0026210727149041393,0.0026210727149041393,0.0026223492616575597,0.16757679200964049,0.1720348329981789,4.238213792006718,4.281223292258801
free,20.0,0.008888587416217252,0.08,0.0,0.0,0.0,0.0,735471,9 10 11 12 13 14 15 16,0 1 2 3 4 5 6 7,0.5662446378317532,0.9828101657503087,0.5551735477928703,0.9824807971963865,-0.4236583153099862,0.5662446378317532,-0.4236583153099862,0.0,,0.9828102378005961,0.9828057492505285,-0.4165611114187754,0,0.735663655136662,1.7356635278943313,735471,199936,1,0,0.9900990115625721,0.9900945903644363,4.465410109677492e-06,0.4984739630295087,0.4984739630295087,0.5081953638951119,0.5081953638951119,0.8881933200451229,0.8884731284790698,6.108933333016466,0.20271404201048426,9.4596346670005,9.510313844504708
free,20.0,0.008888587416217252,0.08,-6.0,1.0,0.0,0.0,735471,7 10 11 12 14 15 16 21,5 6 7 8 9 10 11 22,5.611453395342694,6.417216749745666,3.957155725047947,4.2136819000169625,0.3317221205806029,5.611453395342694,0.3317221205806029,0.0,0.0,7.003911075011652,7.003911075011652,-1.3924576796689587,0,0.24814563742517204,1.143592630577976,57896,57896,0,1,99.99144766020896,99.90144502926867,0.0009001032892946847,0.5024305820928315,0.11034931283695777,0.5656501797091894,0.0792571308551202,0.06385294035503535,0.08045790990659779,2.194098917010706,0.27678304197615944,5.787871167005505,5.857068594479642
free,20.0,0.008888587416217252,0.08,-4.8,1.0,0.0,0.0,735471,5 11 12 13 14 16 17 20,6 7 9 10 13 15 16 19,4.206031548676998,4.6705283433333875,3.4531633412758707,3.889760922420907,0.08130850007595103,4.206031548676998,0.08130850007595103,0.0,0.0,5.319441184342456,5.319441184342456,-1.113409635665458,0,0.2647173761727202,1.1104358798265543,56477,56477,0,1,99.98648819363915,97.82177731453923,0.02165003410168398,0.5440949222425584,0.13099016942622768,0.5327088468164093,0.10516892549381282,0.08759200792431064,0.10976416000697664,2.153792208991945,0.11495474999537691,5.701648582995404,5.7303879794926615
free,20.0,0.008888587416217252,0.08,-3.6,1.0,0.0,0.0,735471,7 8 10 11 12 13 17 22,3 4 6 7 11 12 20 23,3.1122252056496276,3.555522684934349,2.1638632576036896,2.2273017795472816,0.3973073762291046,3.086333468720568,0.38568266638205273,0.008389157293425376,0.008389157293425376,3.8166834340973166,3.8166834340973166,-0.704458228447689,0,0.22635194495850897,1.1424374683682925,19582,18774,0,1,99.98412611139779,99.16056813762887,0.008236887251995784,0.4984289023243877,0.214892898730531,0.562735762552522,0.1493823089943094,0.12259106539645136,0.15183434563114984,1.0032779590110295,0.12434424998355098,4.504644083004678,4.535730645504373
free,20.0,0.008888587416217252,0.08,-2.4000000000000004,1.0,0.0,0.0,735471,5 6 8 11 14 17 18 19,3 9 12 13 15 16 18 19,2.4530093612164436,2.6724214403485917,1.8385151486206224,1.9084410189571819,0.2853472215540762,2.4199631382010134,0.2680314005844098,0.013655672061185564,0.013655672061185564,3.009918676484882,3.009918676484882,-0.5569093152684386,0,0.2270310599190979,1.0894460830852035,20496,18844,0,1,99.97935387594235,98.46701200210843,0.015126541782921277,0.4986894081523648,0.2524186278441531,0.5143844064116828,0.18359018806636018,0.16195089542533905,0.19399041272689224,0.7859537499898579,0.15069908398436382,4.290801499999361,4.328477271003067
free,20.0,0.008888587416217252,0.08,-1.2000000000000002,1.0,0.0,0.0,735471,1 6 7 8 10 12 17 19,2 3 4 5 6 11 12 13,2.221641632621456,2.2473363176084638,1.9507378137091431,1.967400244073989,0.12922707990571225,2.2123181804930985,0.12448810919731623,0.004214335989536355,0.004214335989536355,2.307298561872614,2.307298561872614,-0.08565692925115798,0,0.03855569142809312,1.0115656299421654,312,273,0,1,99.97932802073356,99.97543464350139,3.8941822367188905e-05,0.5011400410739607,0.24583336994017013,0.5044291727648729,0.21556788080909434,0.20630554784118732,0.2181333619581797,0.32476975000463426,0.18643475000862963,3.838918082998134,3.8855278535120306
free,20.0,0.008888587416217252,0.08,0.0,1.0,0.0,0.0,735471,0 1 10 11 12 13 14 23,0 1 2 3 4 5 6 7,0.6284396610591216,1.0733501975634472,0.6188846058958416,1.0618436227491326,-0.40816175979653213,0.6284396610591216,-0.40816175979653213,0.0,,1.0875305694339674,1.0875305694339674,-0.4590909083748458,0,0.7305250397486545,1.7079606270465315,735471,199936,1,0,1.0991894577163885,1.098977904298422,0.00019246310677512035,0.5253718014836776,0.48588464493929695,0.5082004893867303,0.4645826902156015,0.7994095674549302,0.7996635955648065,6.644261915993411,0.168483457993716,10.062816291989293,10.104938072501682
free,20.0,0.008888587416217252,0.08,1.1999999999999993,1.0,0.0,0.0,735471,7 8 9 10 13 14 15 16,0 1 2 3 6 7 8 9,5.003525840919766,5.005607790409985,4.771538567101206,4.773451720037124,0.04819869025109824,4.946349355535057,0.03622067334884216,0.011559330179686356,0.011559330179686356,5.005607790409984,4.971919366144398,0.03160647477536749,1,0.0004160964800445921,1.0004160964800446,6,6,0,1,99.98496588715685,99.95362686220439,0.000313437372052805,0.4995590899457877,0.09576505092453098,0.507119642544068,0.09242171570334305,0.0922433051916899,0.09245016648095933,0.2690669579897076,0.18948579099378549,4.563985042012064,4.61135765574727
free,20.0,0.008888587416217252,0.08,2.4000000000000004,1.0,0.0,0.0,735471,4 10 12 13 16 17 20 21,0 3 7 9 10 18 20 23,10.53197448706814,10.604647135745035,9.57184430964878,10.023592936681167,0.05071849521408245,10.211146058249499,0.01871116701896236,0.03141943391941271,0.03141943391941271,10.906280257475851,10.906280257475851,-0.3743057704077106,0,0.03553994275881589,1.0069001922446856,81,81,0,1,99.98356180257319,99.85438748234102,0.0012919555765300572,0.4966145115495988,0.04065597356971889,0.49968925378984264,0.03823125046179591,0.037768550336664694,0.03854983481849022,0.23471712501486763,0.2007917080190964,3.841023166984087,3.89122171899362
free,20.0,0.008888587416217252,0.08,3.5999999999999996,1.0,0.0,0.0,735471,3 7 8 9 12 14 17 23,3 4 8 11 13 16 20 21,18.384155036971688,18.447509950619356,14.88523719226865,14.892410400467039,0.2344647066934944,18.187426719829393,0.2212547351810168,0.010816720813385139,0.010816720813385139,18.637767457288334,18.637767457288334,-0.2536124203166459,0,0.013795163270034161,1.0034461694606174,21,21,0,1,99.98127754850896,99.87320428438804,0.0010809350187437339,0.4993545840978815,0.024642222618551955,0.49892250305747354,0.018156932786400813,0.018156932786400813,0.018246469911429097,0.22720504199969582,0.17709483299404383,3.866883374983445,3.9111580832395703
free,20.0,0.008888587416217252,0.08,4.799999999999999,1.0,0.0,0.0,735471,8 9 12 14 15 16 18 22,3 7 9 10 11 18 19 20,27.02779684705843,27.043054229714116,23.41713938940299,23.4288053047356,0.15361395920582321,25.516383839770132,0.08910307238809878,0.059233040887737065,0.059233040887737065,27.053658250330628,27.053658250330628,-0.025861403272198658,0,0.0009568446669383501,1.0005645070792126,115,115,0,1,99.98468991177299,99.97592064040485,8.770614156905499e-05,0.49650148859604415,0.01230333774335064,0.4988111944521365,0.009556488728475658,0.009556488728475662,0.009564197349925719,0.19446687499294057,0.20226712501607835,3.8489570830133744,3.899524781270884
free,20.0,0.008888587416217252,0.08,6.0,1.0,0.0,0.0,735471,6 7 8 9 13 14 18 20,0 1 2 4 8 15 16 22,33.66778406987697,33.87385762486412,32.51030957521837,33.54987225399922,0.003514523542297532,33.66778406987697,0.003514523542297532,0.0,0.0,33.89338276993569,33.89338276993569,-0.2255987000587183,0,0.00670072908839181,1.0061207935324596,5,5,0,1,99.98723305558752,99.86121486195906,0.001260342843554918,0.499109148510202,0.0059880459352169586,0.5026858460449198,0.005951347604231612,0.005976995047704738,0.006040069593202724,0.19891266702325083,0.23293795899371617,3.9355368329852354,3.9937719067311264
free,20.0,0.008888587416217252,0.08,-6.0,2.0,0.0,0.0,735471,5 8 9 11 15 16 17 19,12 13 15 16 18 19 21 22,5.906669685544726,6.627014869116248,5.3052253904733,5.936738359534219,-0.005064847424378072,5.875207420346904,-0.010364435058604071,0.005355090117986849,0.005355090117986849,7.523811476671288,7.523811476671288,-1.6171417911265618,0,0.273782330351765,1.1219545398542277,75504,75115,0,1,99.98347132645802,98.4552937654,0.01528430190294483,0.5391321912645066,0.08192427288083069,0.5273196624337513,0.07068263323868261,0.059138025686085074,0.07464199237404237,2.7625736669870093,0.19663004198810086,6.830098040984012,6.879256468484527
free,20.0,0.008888587416217252,0.08,-4.8,2.0,0.0,0.0,735471,6 9 10 11 12 14 19 22,2 5 6 11 15 16 19 23,4.617069622754056,5.2516436585489865,3.7897687825688084,4.080002709553191,0.13163395993422777,4.617069622754056,0.13163395993422777,0.0,0.0,5.736273307254646,5.736273307254646,-1.1192036845005902,0,0.2424056329982287,1.137440863500865,48631,48631,0,1,99.98697472651338,99.69898795079061,0.002880242916744713,0.5208777228326161,0.11877743633739406,0.5571048242529191,0.09719340528449188,0.07836727542713304,0.09912296918752822,1.9123752499872353,0.19543712501763366,5.895468083996093,5.944328490259068
free,20.0,0.008888587416217252,0.08,-3.6,2.0,0.0,0.0,735471,4 5 7 8 9 10 12 13,0 7 8 9 20 21 22 23,2.870578580537653,2.921508984140293,2.020327518208557,2.021058775631882,0.4203340423091704,2.870578580537653,0.4203340423091704,0.0,0.0,3.2344899072935185,3.2344899072935185,-0.36391132675586535,0,0.12677281479878721,1.017742208469033,6638,6638,0,1,99.98706755684763,92.7986601829546,0.07189337130830509,0.5028335110567419,0.23990848722577654,0.49691727649968925,0.1612006641305878,0.15768478213677603,0.164194342481793,0.4948359999980312,0.17868191600427963,4.279835458000889,4.324506854005449
free,20.0,0.008888587416217252,0.08,-2.4000000000000004,2.0,0.0,0.0,735471,4 8 9 10 12 13 21 22,6 15 16 17 18 20 21 22,3.047407460646245,3.4468700166850375,2.0368480259205444,2.0935772547972493,0.45559828454544826,3.047407460646245,0.45559828454544826,0.0,0.0,3.556461141576819,3.556461141576819,-0.5090536809305739,0,0.16704483647310564,1.1310827518792255,9780,9780,0,1,99.97884356708478,99.82106540641742,0.0015781154796163932,0.4985293179564773,0.2292346138242151,0.5410514351330569,0.1480803242381314,0.1297012670825897,0.15305115725085477,0.6641785419778898,0.1691942919860594,4.608279042004142,4.650578823013348
free,20.0,0.008888587416217252,0.08,-1.2000000000000002,2.0,0.0,0.0,735471,5 6 8 9 11 12 15 22,0 1 2 3 15 21 22 23,2.8421447577337493,3.1210999026892394,2.3541802881294394,2.6311272717813945,0.08020040999745559,2.8421447577337493,0.08020040999745559,0.0,0.0,3.342209951292166,3.342209951292166,-0.5000651935584166,0,0.17594641940657363,1.0981495204269334,3521,3521,0,1,99.97963889310803,99.28468732439674,0.006950930973598446,0.5316591643978965,0.19317657685762601,0.5160172690622973,0.1564432780000997,0.1440689608496134,0.16701047519931192,0.3910896250163205,0.19169825001154095,4.350657415983733,4.398582853493281
free,20.0,0.008888587416217252,0.08,0.0,2.0,0.0,0.0,735471,0 1 10 11 12 13 14 23,0 1 2 3 4 5 6 7,0.8142073041696336,1.3419560639527752,0.8018565457656022,1.2965147360063738,-0.3720030466621469,0.8142073041696336,-0.3720030466621469,0.0,,1.3997174907459387,1.3997174907459387,-0.585510186576305,0,0.7191168435579629,1.6481749268036403,735471,199936,1,0,1.4282433985896414,1.4255265823412169,0.0019022081608129904,0.5253718014836776,0.39632994723921516,0.5082004893867303,0.36981270023235846,0.6133585054801393,0.6151862117400224,7.186653875018237,0.20324320899089798,11.014788542001043,11.065600427260506
free,20.0,0.008888587416217252,0.08,1.1999999999999993,2.0,0.0,0.0,735471,3 7 9 10 12 13 15 19,0 1 2 5 8 11 12 13,6.096380309591878,6.378298459020157,4.850260569865128,4.928269847331688,0.23702242337493762,5.956703085845814,0.2086803828469237,0.02344874702215094,0.02344874702215094,6.484352067424283,6.484352067424283,-0.3879717578324051,0,0.06363969078864407,1.0462435306053195,150,134,0,1,99.98754925143606,98.69361261945545,0.01294097756838486,0.5000802814846852,0.09258318604104253,0.5049463101814895,0.0702777158581924,0.0702777158581924,0.0739269585919084,0.2564236659964081,0.1848492089775391,3.7627686250198167,3.8089823442714987
free,20.0,0.008888587416217252,0.08,2.4000000000000004,2.0,0.0,0.0,735471,6 8 12 13 17 18 19 20,0 1 2 3 4 5 6 7,11.223183492645907,11.25906765588904,10.275895389082384,10.953792977530215,0.024593354618651198,11.223183492645907,0.024593354618651198,0.0,0.0,11.485500803661477,11.485500803661477,-0.2623173110155701,0,0.02337280783010054,1.0031973248291493,17,17,0,1,99.97941460692086,96.93274298416408,0.03047298921218,0.5213560368021006,0.038707349248969965,0.5081955144697694,0.03624796651540056,0.03624796651540056,0.03638611206224728,0.2560857920034323,0.22184300000662915,3.8508149159897584,3.9062767079958576
free,20.0,0.008888587416217252,0.08,3.5999999999999996,2.0,0.0,0.0,735471,8 9 11 12 13 14 16 17,0 1 3 4 19 20 22 23,13.432406475952492,13.438428749628274,10.401365650632892,10.404790636570777,0.2909828698273127,13.069937490041179,0.2561461298512764,0.027733031331443003,0.027733031331443003,13.438428749628269,13.42623839030421,0.0061680856482819735,1,0.0004483391480565313,1.000448339148057,18,18,0,1,99.99568302271176,99.91450947495699,0.0008117705214967241,0.49846404938325223,0.039018580233197035,0.49931830513121217,0.028267416044754627,0.028267416044754634,0.028278865963588126,0.163949165988015,0.19696562498575076,3.834168667002814,3.883411198257818
free,20.0,0.008888587416217252,0.08,4.799999999999999,2.0,0.0,0.0,735471,4 5 6 10 11 12 14 20,0 1 4 5 6 8 9 14,24.95021343712484,24.961289654465478,20.657214137066408,20.665237080433847,0.20735190890928967,24.95021343712484,0.20735190890928967,0.0,0.0,25.590455096196543,25.590455096196543,-0.6402416590717017,0,0.02566076882208357,1.0004439327690944,12,12,0,1,99.98500418918519,99.21094840299888,0.007741718795367447,0.5008846490847055,0.015349443201827314,0.505630617812829,0.011368002880685683,0.011191359090256876,0.011374263846559084,0.23444958301843144,0.18400991699309088,3.855578541988507,3.901581813239318
free,20.0,0.008888587416217252,0.08,6.0,2.0,0.0,0.0,735471,6 7 8 11 12 15 16 17,0 4 10 12 13 14 16 23,33.291899095818415,33.53862049449284,27.043297103697157,27.054150181025364,0.230565324471657,32.87810736629215,0.21527037982333153,0.012585631068000591,0.012585631068000591,34.33979273375834,34.33979273375834,-1.0478936379399215,0,0.0314759345786777,1.0074108538525943,34,34,0,1,99.98993371041811,99.96460213931823,0.0002533412130589774,0.49954513503834463,0.009576052267372017,0.4994600502028847,0.006003499462695906,0.006090715665530551,0.006111856192155221,0.2852371660119388,0.17962020900449716,3.9843349590082653,4.029241302247101
free,20.0,0.008888587416217252,0.08,-6.0,4.0,0.0,0.0,735471,6 10 11 13 14 17 18 22,0 2 6 7 10 14 18 23,7.513456110044006,8.57022273505436,6.236843138714676,6.844336505673835,0.09776252289984311,7.513456110044006,0.09776252289984311,0.0,0.0,9.101934625024365,9.101934625024365,-1.588478514980359,0,0.2114178204697139,1.1406498699842893,29850,29850,0,1,99.9870185959695,99.72649593889811,0.002605564809609162,0.5188203294038288,0.06691427951964073,0.550735864505059,0.05537297048383722,0.04578030232320126,0.0577918562480574,1.2344653329928406,0.2032803329930175,5.246766833995935,5.297588083260052
free,20.0,0.008888587416217252,0.08,-4.8,4.0,0.0,0.0,735471,8 11 13 14 17 18 20 21,3 4 13 14 18 19 21 22,6.385564934463809,7.254180632289601,5.175941321728881,5.594778602953896,0.14134363263139638,6.241638967303125,0.11561858122637836,0.023059002277229013,0.023059002277229013,7.544449185521187,7.544449185521187,-1.158884251057378,0,0.18148499983184152,1.136028011106386,16379,12307,0,1,99.98542091141576,99.74725779739244,0.0023819784109758713,0.5046874428619748,0.08131827842750228,0.5508405428037131,0.06704563186029586,0.056889996594471214,0.06884167577174592,0.7556782920146361,0.19062354101333767,4.598252208001213,4.645909051265335
free,20.0,0.008888587416217252,0.08,-3.6,4.0,0.0,0.0,735471,0 7 8 9 11 12 13 18,1 2 4 5 7 8 10 11,5.676563873452178,6.133489006704483,3.9655140569316814,4.222477647983392,0.3443680101333968,5.676563873452178,0.3443680101333968,0.0,0.0,6.833809408466501,6.833809408466501,-1.1572455350143231,0,0.20386373884146036,1.0804932602607056,12766,12766,0,1,99.98253273681989,98.85064099121404,0.011320894906566181,0.5014344433094817,0.10986501772103226,0.5147683889328237,0.07503891100599126,0.06626898939969944,0.08015273977343827,0.8478068750118837,0.17859116700128652,4.708185333001893,4.752833916754753
free,20.0,0.008888587416217252,0.08,-2.4000000000000004,4.0,0.0,0.0,735471,5 10 13 15 16 17 21 22,3 5 7 9 11 12 20 21,5.210136722990142,5.7115634449621515,4.075812895242768,4.4096912198958345,0.1815196264724439,5.177837769202531,0.17419508781951443,0.006237923092091258,0.006237923092091258,6.1514055554951605,6.1514055554951605,-0.9412688325050187,0,0.18066106180123742,1.0962406072300224,6628,6204,0,1,99.98052581430021,99.79304567999215,0.0018751665164902231,0.5190869032398169,0.10882643555359484,0.5243478244365982,0.0829160173105491,0.0738967230915278,0.08707062562510198,0.4940425830136519,0.2029385829810053,4.19999574997928,4.250731228734367
free,20.0,0.008888587416217252,0.08,-1.2000000000000002,4.0,0.0,0.0,735471,5 7 8 11 13 17 21 22,1 5 8 13 15 18 22 23,5.351510488219955,5.767800685906013,4.208591336274731,4.490682732884185,0.19169195566458885,5.351510488219955,0.19169195566458885,0.0,0.0,6.146347656707593,6.146347656707593,-0.7948371684876374,0,0.1485257611355295,1.077789289323532,1466,1466,0,1,99.9787655559105,99.43960786520218,0.005392722021625773,0.49783456068995857,0.10197084984583567,0.4988596154899897,0.07760185194812917,0.0759575116565595,0.08408938164295768,0.34370491601293907,0.2218467079801485,4.128876709000906,4.184339302009903
free,20.0,0.008888587416217252,0.08,0.0,4.0,0.0,0.0,735471,0 1 10 11 12 13 14 23,0 1 2 3 4 5 6 7,1.5452285800613035,2.3783283337482994,1.521876307354097,2.211626607056907,-0.30131579393612185,1.5452285800613035,-0.30131579393612185,0.0,,2.6100066481052604,2.6100066481052604,-1.064778068043957,0,0.6890747956536722,1.5391433762207172,735471,199936,1,0,2.7504766541423478,2.721775159091247,0.010435098588411962,0.5253718014836776,0.22866136781008978,0.5082004893867303,0.2047911144884373,0.3143384437846607,0.31994707248404725,7.000105041981442,0.1729932090092916,10.674179249996087,10.717428927229776
free,20.0,0.008888587416217252,0.08,1.1999999999999993,4.0,0.0,0.0,735471,6 8 9 10 11 13 16 19,0 1 5 8 10 16 18 21,9.119501113272838,9.17866445670005,7.439038537794051,7.5500255534006016,0.2078768540280409,9.085932466101655,0.2034306906430623,0.003694573704616788,0.003694573704616788,9.707891451278876,9.707891451278876,-0.5883903380060378,0,0.06452001383602823,1.00648756359502,102,102,0,1,99.99310390851245,99.50829331755699,0.004848440262430809,0.4995419845628069,0.05727568991365331,0.5012211416449818,0.04571860996085985,0.043826371133294746,0.04606375182088951,0.21746120901661925,0.1715771669987589,3.5863063750148285,3.629201582749374
free,20.0,0.008888587416217252,0.08,2.4000000000000004,4.0,0.0,0.0,735471,5 6 8 10 11 12 13 17,0 2 6 8 11 14 22 23,13.359895193115467,13.436852557942876,11.240299248738143,11.243724124137085,0.188209088520374,12.788863041125763,0.13742234333833436,0.04465073635970662,0.04465073635970662,13.532327773910424,13.532327773910424,-0.1724325807949576,0,0.012906731550095918,1.0057603269872257,271,134,0,1,99.99144176675266,99.55178593131778,0.0043969346542722665,0.5009195248976016,0.03566244561938254,0.5002276993331616,0.02833945368760984,0.028284367358109578,0.028548583799894348,0.19125733300461434,0.19071033300133422,3.5000110419932753,3.547689416227513
free,20.0,0.008888587416217252,0.08,3.5999999999999996,4.0,0.0,0.0,735471,1 6 7 10 12 13 16 17,0 3 5 6 7 9 14 23,19.90278919307061,20.060206593731564,13.657649184453843,13.662226626019322,0.4567749268019252,19.8220464318064,0.450864999857042,0.00407338170364957,0.00407338170364957,20.389105433655356,20.389105433655356,-0.48631624058474543,0,0.024434577277945735,1.0079093135707713,21,21,0,1,99.98349066305948,99.92310238658386,0.0006039824782586578,0.5008814942445523,0.02777318873165002,0.5028745727792566,0.016179677480735278,0.01607148153942947,0.01637383860973616,0.21803512499900535,0.17006937498808838,3.594876875024056,3.6373950107736164
free,20.0,0.008888587416217252,0.08,4.799999999999999,4.0,0.0,0.0,735471,10 11 13 14 15 16 18 19,0 1 5 8 10 13 19 20,26.586343394383967,26.75753622914776,16.886248458639187,16.890936279257527,0.5740005737297482,25.61448938578717,0.5164635614215403,0.037941572598205076,0.037941572598205076,26.75753622914775,26.637062242286394,-0.0507188479024272,0,0.006439126743542634,1.0064391267435429,65,65,0,1,99.975400133886,99.9502757668224,0.00025130549145035985,0.4962517084295085,0.020491175802646904,0.5016259922913858,0.009858504543054774,0.00985850454305478,0.009976671171525266,0.20502362499246374,0.18503037499613129,3.613442792004207,3.6597013437349233
free,20.0,0.008888587416217252,0.08,6.0,4.0,0.0,0.0,735471,2 4 7 9 12 14 17 18,0 2 5 7 8 11 12 14,32.566768823372,32.921198528993095,30.165022959106025,31.225198574222386,0.04296434643836444,31.286420664484815,0.001960662959977766,0.040923446392849616,0.040923446392849616,32.921198528993095,32.65669768477815,-0.08992886140615042,0,0.010883170742033599,1.0108831707420336,91,91,0,1,99.98230265335165,99.7694238843059,0.002129164496079139,0.5007342954998477,0.007147637119220076,0.5040159411518217,0.006421181476550856,0.00647193013983865,0.006585582413069155,0.19738962498377077,0.14948729201569222,4.209574166015955,4.246946781022416
free,30.0,0.000888858741621725,0.0,0.0,0.0,0.0,0.0,735471,9 10 11 12 13 14 15 16,9 10 11 12 13 14 15 16,0.9990009991701585,0.9990009991701585,0.9990009991701585,0.9990009991701585,0.0,0.9990009991701585,0.0,0.0,0.0,0.9990009991701585,0.999000999000999,1.6915946421391936e-10,1,0.0,1.0,0,0,0,1,0.9990009991701585,0.9990009991701585,0.0,0.888858892281503,0.888858892281503,0.888858892281503,0.888858892281503,0.8883314216468101,0.888858892281503,0.08158220801851712,0.18649212500895374,1.3244840410188772,1.3711072392688948
free,30.0,0.000888858741621725,0.0,-6.0,1.0,0.0,0.0,735471,7 10 11 12 14 15 16 21,7 10 11 12 14 15 16 21,999.8000329218312,999.8000329218312,999.8000329218312,999.8000329218312,0.0,999.8000329218312,0.0,0.0,0.0,999.8000329218312,999.6765024413316,0.12353048049953941,1,0.0,1.0,0,0,0,1,999.8000329218312,999.8000329218312,0.0,0.888794027535612,1.1305100583321123e-07,0.888794027535612,1.1305100583321123e-07,2.9989325569673225e-08,1.1305100583321123e-07,0.02968550001969561,0.21611987499636598,0.5887508750020061,0.6427812607507803
free,30.0,0.000888858741621725,0.0,-4.8,1.0,0.0,0.0,735471,3 4 5 8 14 17 18 23,3 4 5 8 14 17 18 23,999.6472701680337,999.6472701680337,999.6472701680337,999.6472701680337,0.0,999.6472701680337,0.0,0.0,0.0,999.6472701680337,999.6134733211456,0.03379684688809448,1,0.0,1.0,0,0,0,1,999.6472701680337,999.6472701680337,0.0,0.888618313029001,7.312419493486022e-08,0.888618313029001,7.312419493486022e-08,2.9026340416908032e-08,7.312419493486022e-08,0.02368945800117217,0.2538966660213191,0.5901981669885572,0.6536730834995979
free,30.0,0.000888858741621725,0.0,-3.6,1.0,0.0,0.0,735471,3 5 6 7 8 12 19 23,3 5 6 7 8 12 19 23,999.6527834769365,999.6527834769365,999.6527834769365,999.6527834769365,0.0,999.6527834769365,0.0,0.0,0.0,999.6527834769365,999.592423939721,0.06035953721550413,1,0.0,1.0,0,0,0,1,999.6527834769365,999.6527834769365,0.0,0.8886314898998684,8.140298436500784e-08,0.8886314898998684,8.140298436500784e-08,2.0195434275646523e-08,8.140298436500784e-08,0.030266999994637445,0.10911133300396614,0.6422638340154663,0.6695426672449685
free,30.0,0.000888858741621725,0.0,-2.4000000000000004,1.0,0.0,0.0,735471,5 6 7 8 15 19 21 23,5 6 7 8 15 19 21 23,999.6837396669644,999.6837396669644,999.6837396669644,999.6837396669644,0.0,999.6837396669644,0.0,0.0,0.0,999.6837396669644,999.6634593572436,0.02028030972076067,1,0.0,1.0,0,0,0,1,999.6837396669644,999.6837396669644,0.0,0.8886270867037039,4.947148949560325e-08,0.8886270867037039,4.947148949560325e-08,4.947148949559672e-08,4.947148949560325e-08,0.028817332990001887,0.10666954101179726,0.654292124992935,0.6809602602515952
free,30.0,0.000888858741621725,0.0,-1.2000000000000002,1.0,0.0,0.0,735471,1 2 4 7 14 16 17 19,1 2 4 7 14 16 17 19,999.6123505443348,999.6123505443348,999.6123505443348,999.6123505443348,0.0,999.6123505443348,0.0,0.0,0.0,999.6123505443348,999.6097916418615,0.002558902473310809,1,0.0,1.0,0,0,0,1,999.6123505443348,999.6123505443348,0.0,0.8886099547363561,9.581586495174219e-08,0.8886099547363561,9.581586495174219e-08,9.581586495173375e-08,9.581586495174219e-08,0.037176832993282005,0.13005933398380876,0.7615388330013957,0.7940548754995689
free,30.0,0.000888858741621725,0.0,0.0,1.0,0.0,0.0,735471,0 1 10 11 12 13 14 23,0 1 10 11 12 13 14 23,1.11017508944747,1.11017508944747,1.11017508944747,1.11017508944747,0.0,1.11017508944747,0.0,0.0,0.0,1.11017508944747,1.1101700506982985,5.038749171459855e-06,1,0.0,1.0,0,0,0,1,1.11017508944747,1.11017508944747,0.0,0.8886162561116422,0.7995400686935121,0.8886162561116422,0.7995400686935121,0.7994629520702349,0.7995400686935121,0.04367824998917058,0.18811558399465866,0.8585512500139885,0.9055810619975091
free,30.0,0.000888858741621725,0.0,1.1999999999999993,1.0,0.0,0.0,735471,2 4 8 10 12 14 18 20,2 4 8 10 12 14 18 20,999.7589445099067,999.7589445099067,999.7589445099067,999.7589445099067,0.0,999.7589445099067,0.0,0.0,0.0,999.7589445099067,999.7587435824214,0.00020092748525257775,1,0.0,1.0,0,0,0,1,999.7589445099067,999.7589445099067,0.0,0.8886910765410753,4.6610434636712825e-08,0.8886910765410753,4.6610434636712825e-08,2.332316106927085e-08,4.6610434636712825e-08,0.040762417018413544,0.16031541701522656,0.9157815419894177,0.9558619372619432
free,30.0,0.000888858741621725,0.0,2.4000000000000004,1.0,0.0,0.0,735471,4 10 12 13 16 17 20 21,4 10 12 13 16 17 20 21,999.804573897229,999.804573897229,999.804573897229,999.804573897229,0.0,999.804573897229,0.0,0.0,0.0,999.804573897229,999.7791360511641,0.025437846064960468,1,0.0,1.0,0,0,0,1,999.804573897229,999.804573897229,0.0,0.8887156953554868,3.066592647324096e-08,0.8887156953554868,3.066592647324096e-08,1.902194844264195e-09,3.066592647324096e-08,0.10654641699511558,0.1576470409927424,1.332103749999078,1.3715162192747812
free,30.0,0.000888858741621725,0.0,3.5999999999999996,1.0,0.0,0.0,735471,3 7 8 9 12 14 17 23,3 7 8 9 12 14 17 23,999.7606896494867,999.7606896494867,999.7606896494867,999.7606896494867,0.0,999.7606896494867,0.0,0.0,0.0,999.7606896494867,999.6638572286494,0.09683242083735877,1,0.0,1.0,0,0,0,1,999.7606896494867,999.7606896494867,0.0,0.8886974698783676,5.145366705203255e-08,0.8886974698783676,5.145366705203255e-08,5.145366705202342e-08,5.145366705203255e-08,0.036033084004884586,0.20043100000475533,1.068655375012895,1.1187643329976709
free,30.0,0.000888858741621725,0.0,4.799999999999999,1.0,0.0,0.0,735471,2 3 7 8 13 14 15 16,2 3 7 8 13 14 15 16,999.8074516821902,999.8074516821902,999.8074516821902,999.8074516821902,0.0,999.8074516821902,0.0,0.0,0.0,999.8074516821902,999.7256539673325,0.08179771485765741,1,0.0,1.0,0,0,0,1,999.8074516821902,999.8074516821902,0.0,0.8887145362196429,2.6948042187920335e-08,0.8887145362196429,2.6948042187920335e-08,2.6948042187921765e-08,2.6948042187920335e-08,0.047924499987857416,0.19543770799646154,1.0430177499947604,1.0918778019986348
free,30.0,0.000888858741621725,0.0,6.0,1.0,0.0,0.0,735471,3 6 10 11 12 13 17 20,3 6 10 11 12 13 17 20,999.8207317155427,999.8207317155427,999.8207317155427,999.8207317155427,0.0,999.8207317155427,0.0,0.0,0.0,999.8207317155427,999.7361261744377,0.08460554110502017,1,0.0,1.0,0,0,0,1,999.8207317155427,999.8207317155427,0.0,0.8887436362149577,4.424670699926374e-08,0.8887436362149577,4.424670699926374e-08,3.5055989265535155e-09,4.424670699926374e-08,0.04633116599870846,0.20461229200009257,1.0784128329833038,1.1295662809861824
free,30.0,0.000888858741621725,0.0,-6.0,2.0,0.0,0.0,735471,1 10 13 14 17 18 21 22,1 10 13 14 17 18 21 22,999.7422545106303,999.7422545106303,999.7422545106303,999.7422545106303,0.0,999.7422545106303,0.0,0.0,0.0,999.7422545106303,999.7204729437235,0.021781566906838634,1,0.0,1.0,0,0,0,1,999.7422545106303,999.7422545106303,0.0,0.8886355494575601,5.908690113083146e-09,0.8886355494575601,5.908690113083146e-09,5.908690113083146e-09,5.908690113083146e-09,0.044885208015330136,0.20736370800295845,1.0998144579934888,1.15165596800216
free,30.0,0.000888858741621725,0.0,-4.8,2.0,0.0,0.0,735471,6 7 11 12 13 16 17 23,6 7 11 12 13 16 17 23,999.8232954745631,999.8232954745631,999.8232954745631,999.8232954745631,0.0,999.8232954745631,0.0,0.0,0.0,999.8232954745631,999.7838221553384,0.039473319224725856,1,0.0,1.0,0,0,0,1,999.8232954745631,999.8232954745631,0.0,0.8887365134054726,3.484330283557563e-08,0.8887365134054726,3.484330283557563e-08,3.484330283557111e-08,3.484330283557563e-08,0.0524844579922501,0.2031579589820467,1.068683790974319,1.1194738227204653
free,30.0,0.000888858741621725,0.0,-3.6,2.0,0.0,0.0,735471,3 4 6 7 8 9 11 12,3 4 6 7 8 9 11 12,999.8411453692424,999.8411453692424,999.8411453692424,999.8411453692424,0.0,999.8411453692424,0.0,0.0,0.0,999.8411453692424,999.7938292965265,0.04731607271594385,1,0.0,1.0,0,0,0,1,999.8411453692424,999.8411453692424,0.0,0.8887283703242497,1.0829750076506141e-08,0.8887283703242497,1.0829750076506141e-08,4.68790108546979e-09,1.0829750076506141e-08,0.04320362501312047,0.17351204200531356,1.0906098329869565,1.1339884274857468
free,30.0,0.000888858741621725,0.0,-2.4000000000000004,2.0,0.0,0.0,735471,2 8 12 14 15 16 21 22,2 8 12 14 15 16 21 22,999.7186234277896,999.7186234277896,999.7186234277896,999.7186234277896,0.0,999.7186234277896,0.0,0.0,0.0,999.7186234277896,999.5979260910594,0.12069733673013161,1,0.0,1.0,0,0,0,1,999.7186234277896,999.7186234277896,0.0,0.8886670088611593,5.838769426040555e-08,0.8886670088611593,5.838769426040555e-08,5.838769426040064e-08,5.838769426040555e-08,0.04705549997743219,0.20707950001815334,1.0432012079982087,1.0949719580094097
free,30.0,0.000888858741621725,0.0,-1.2000000000000002,2.0,0.0,0.0,735471,0 3 9 10 15 20 21 22,0 3 9 10 15 20 21 22,999.4835646594854,999.4835646594854,999.4835646594854,999.4835646594854,0.0,999.4835646594854,0.0,0.0,0.0,999.4835646594854,999.2653705092205,0.21819415026493516,1,0.0,1.0,0,0,0,1,999.4835646594854,999.4835646594854,0.0,0.8885524227520188,1.5279810753526546e-07,0.8885524227520188,1.5279810753526546e-07,1.5279810753526877e-07,1.5279810753526546e-07,0.04816083301557228,0.19430850000935607,1.0686512909887824,1.1172299160025432
free,30.0,0.000888858741621725,0.0,0.0,2.0,0.0,0.0,735471,0 1 10 11 12 13 14 23,0 1 10 11 12 13 14 23,1.4468465144686231,1.4468465144686231,1.4468465144686231,1.4468465144686231,0.0,1.4468465144686231,0.0,0.0,0.0,1.4468465144686231,1.446780387784989,6.612668363414897e-05,1,0.0,1.0,0,0,0,1,1.4468465144686231,1.4468465144686231,0.0,0.8886162561116422,0.6132856561259766,0.8886162561116422,0.6132856561259766,0.6132856561259764,0.6132856561259766,0.05746279199956916,0.19498445899807848,1.0434467090235557,1.0921943237553933
free,30.0,0.000888858741621725,0.0,1.1999999999999993,2.0,0.0,0.0,735471,3 7 9 10 12 13 15 19,3 7 9 10 12 13 15 19,999.6875972324448,999.6875972324448,999.6875972324448,999.6875972324448,0.0,999.6875972324448,0.0,0.0,0.0,999.6875972324448,999.5734629575385,0.11413427490629147,1,0.0,1.0,0,0,0,1,999.6875972324448,999.6875972324448,0.0,0.8887666328595016,1.8563116031311994e-07,0.8887666328595016,1.8563116031311994e-07,7.872232070147648e-08,1.8563116031311994e-07,0.04898133399547078,0.1991492079978343,1.0393912500003353,1.0891798860029667
free,30.0,0.000888858741621725,0.0,2.4000000000000004,2.0,0.0,0.0,735471,3 7 8 9 11 15 22 23,3 7 8 9 11 15 22 23,999.6071089352856,999.6071089352856,999.6071089352856,999.6071089352856,0.0,999.6071089352856,0.0,0.0,0.0,999.6071089352856,999.5899834598325,0.01712547545309917,1,0.0,1.0,0,0,0,1,999.6071089352856,999.6071089352856,0.0,0.888643172284618,1.3370785289010385e-07,0.888643172284618,1.3370785289010385e-07,8.933353510832775e-08,1.3370785289010385e-07,0.04183662499417551,0.22186737501760945,1.1232971669815015,1.178764927739394
free,30.0,0.000888858741621725,0.0,3.5999999999999996,2.0,0.0,0.0,735471,9 10 12 13 14 15 17 18,9 10 12 13 14 15 17 18,999.7732688489768,999.7732688489768,999.7732688489768,999.7732688489768,0.0,999.7732688489768,0.0,0.0,0.0,999.7732688489768,999.7714265318381,0.0018423171387667026,1,0.0,1.0,0,0,0,1,999.7732688489768,999.7732688489768,0.0,0.8888291487752807,1.7197811193581808e-07,0.8888291487752807,1.7197811193581808e-07,9.216844822335971e-08,1.7197811193581808e-07,0.0367510840005707,0.1987297080049757,1.0976515420188662,1.1473349690277246
free,30.0,0.000888858741621725,0.0,4.799999999999999,2.0,0.0,0.0,735471,2 4 5 6 10 11 14 21,2 4 5 6 10 11 14 21,999.7517473307473,999.7517473307473,999.7517473307473,999.7517473307473,0.0,999.7517473307473,0.0,0.0,0.0,999.7517473307473,999.7380247285488,0.013722602198527056,1,0.0,1.0,0,0,0,1,999.7517473307473,999.7517473307473,0.0,0.888655644308698,1.756860362191415e-08,0.888655644308698,1.756860362191415e-08,1.6348747950469767e-08,1.756860362191415e-08,0.0482631670020055,0.18820374997449107,1.0293000839883462,1.0763512714838726
free,30.0,0.000888858741621725,0.0,6.0,2.0,0.0,0.0,735471,2 5 8 9 13 14 15 21,2 5 8 9 13 14 15 21,999.7335995595387,999.7335995595387,999.7335995595387,999.7335995595387,0.0,999.7335995595387,0.0,0.0,0.0,999.7335995595387,999.6698835722301,0.06371598730856931,1,0.0,1.0,0,0,0,1,999.7335995595387,999.7335995595387,0.0,0.8887042712122859,8.234388728468595e-08,0.8887042712122859,8.234388728468595e-08,1.0346702174723974e-08,8.234388728468595e-08,0.04185570799745619,0.1831764579983428,1.0427407500101253,1.0885354475176428
free,30.0,0.000888858741621725,0.0,-6.0,4.0,0.0,0.0,735471,3 5 6 12 13 15 17 20,3 5 6 12 13 15 17 20,999.8226317698217,999.8226317698217,999.8226317698217,999.8226317698217,0.0,999.8226317698217,0.0,0.0,0.0,999.8226317698217,999.8155765971496,0.007055172672039589,1,0.0,1.0,0,0,0,1,999.8226317698217,999.8226317698217,0.0,0.8887070561705454,5.970909750037594e-09,0.8887070561705454,5.970909750037594e-09,5.970909750039858e-09,5.970909750037594e-09,0.05228908298886381,0.17856104200473055,1.0792562919959892,1.1238971355051035
free,30.0,0.000888858741621725,0.0,-4.8,4.0,0.0,0.0,735471,8 11 13 14 17 18 20 21,8 11 13 14 17 18 20 21,999.7963465298604,999.7963465298604,999.7963465298604,999.7963465298604,0.0,999.7963465298604,0.0,0.0,0.0,999.7963465298604,999.7820451518655,0.01430137799491149,1,0.0,1.0,0,0,0,1,999.7963465298604,999.7963465298604,0.0,0.8887348691151945,5.715830115095475e-08,0.8887348691151945,5.715830115095475e-08,1.9321697342643537e-09,5.715830115095475e-08,0.0486730829870794,0.1773243750212714,1.049728749989299,1.0940606767544523
free,30.0,0.000888858741621725,0.0,-3.6,4.0,0.0,0.0,735471,0 1 2 8 9 14 15 18,0 1 2 8 9 14 15 18,999.6648657134067,999.6648657134067,999.6648657134067,999.6648657134067,0.0,999.6648657134067,0.0,0.0,0.0,999.6648657134067,999.5927935435004,0.07207216990627785,1,0.0,1.0,0,0,0,1,999.6648657134067,999.6648657134067,0.0,0.8885843165269847,2.3469811053552457e-08,0.8885843165269847,2.3469811053552457e-08,2.34698110535519e-08,2.3469811053552457e-08,0.04077350001898594,0.20517929198103957,1.0359168339928146,1.0872128650007653
free,30.0,0.000888858741621725,0.0,-2.4000000000000004,4.0,0.0,0.0,735471,5 10 13 15 16 17 21 22,5 10 13 15 16 17 21 22,999.7004012321315,999.7004012321315,999.7004012321315,999.7004012321315,0.0,999.7004012321315,0.0,0.0,0.0,999.7004012321315,999.6047883661887,0.09561286594282592,1,0.0,1.0,0,0,0,1,999.7004012321315,999.7004012321315,0.0,0.8886960007135608,1.0359111140411582e-07,0.8886960007135608,1.0359111140411582e-07,5.762373454629538e-08,1.0359111140411582e-07,0.03826291600125842,0.19576125001185574,1.0522311250097118,1.1011722715120413
free,30.0,0.000888858741621725,0.0,-1.2000000000000002,4.0,0.0,0.0,735471,1 3 5 6 14 15 16 18,1 3 5 6 14 15 16 18,999.6985654212375,999.6985654212375,999.6985654212375,999.6985654212375,0.0,999.6985654212375,0.0,0.0,0.0,999.6985654212375,999.6308769270273,0.06768849421018786,1,0.0,1.0,0,0,0,1,999.6985654212375,999.6985654212375,0.0,0.8886456316015867,5.483927067419797e-08,0.8886456316015867,5.483927067419797e-08,5.483927067419375e-08,5.483927067419797e-08,0.043448250013170764,0.1875213339808397,1.0632828339876141,1.1101640834967839
free,30.0,0.000888858741621725,0.0,0.0,4.0,0.0,0.0,735471,0 1 10 11 12 13 14 23,0 1 10 11 12 13 14 23,2.820310488600012,2.820310488600012,2.820310488600012,2.820310488600012,0.0,2.820310488600012,0.0,0.0,0.0,2.820310488600012,2.8195891100137485,0.0007213785862636435,1,0.0,1.0,0,0,0,1,2.820310488600012,2.820310488600012,0.0,0.8886162561116422,0.31418859805028876,0.8886162561116422,0.31418859805028876,0.3141885980502886,0.31418859805028876,0.04943166600423865,0.20102475001476705,1.1038324999972247,1.1540896455117036
free,30.0,0.000888858741621725,0.0,1.1999999999999993,4.0,0.0,0.0,735471,6 8 9 10 11 13 16 19,6 8 9 10 11 13 16 19,999.9174758143083,999.9174758143083,999.9174758143083,999.9174758143083,0.0,999.9174758143083,0.0,0.0,0.0,999.9174758143083,999.764698413311,0.15277740099736548,1,0.0,1.0,0,0,0,1,999.9174758143083,999.9174758143083,0.0,0.8887987846667668,1.339649442372021e-08,0.8887987846667668,1.339649442372021e-08,1.3396494423723785e-08,1.339649442372021e-08,0.04605158299091272,0.20005766599206254,1.1341255840088706,1.1841409164917422
free,30.0,0.000888858741621725,0.0,2.4000000000000004,4.0,0.0,0.0,735471,4 7 8 9 12 13 14 19,4 7 8 9 12 13 14 19,999.8922304018998,999.8922304018998,999.8922304018998,999.8922304018998,0.0,999.8922304018998,0.0,0.0,0.0,999.8922304018998,999.8786580163452,0.01357238555465301,1,0.0,1.0,0,0,0,1,999.8922304018998,999.8922304018998,0.0,0.8887736326157475,1.0684094795408357e-08,0.8887736326157475,1.0684094795408357e-08,6.339262277807757e-09,1.0684094795408357e-08,0.03920483301044442,0.19391283299773932,0.9852612079994287,1.0337395412498154
free,30.0,0.000888858741621725,0.0,3.5999999999999996,4.0,0.0,0.0,735471,4 6 7 8 14 15 18 22,4 6 7 8 14 15 18 22,999.7906048061114,999.7906048061114,999.7906048061114,999.7906048061114,0.0,999.7906048061114,0.0,0.0,0.0,999.7906048061114,999.7262570908605,0.06434771525096039,1,0.0,1.0,0,0,0,1,999.7906048061114,999.7906048061114,0.0,0.888691098669261,1.8483666468222182e-08,0.888691098669261,1.8483666468222182e-08,6.926512543963829e-09,1.8483666468222182e-08,0.05299470800673589,0.20170933302142657,0.9589317080099136,1.00935974924505
free,30.0,0.000888858741621725,0.0,4.799999999999999,4.0,0.0,0.0,735471,1 2 7 8 10 13 17 20,1 2 7 8 10 13 17 20,999.6351031805643,999.6351031805643,999.6351031805643,999.6351031805643,0.0,999.6351031805643,0.0,0.0,0.0,999.6351031805643,999.5463789914943,0.08872418907003521,1,0.0,1.0,0,0,0,1,999.6351031805643,999.6351031805643,0.0,0.88864338765319,1.0902754301397996e-07,0.88864338765319,1.0902754301397996e-07,1.0902754301398118e-07,1.0902754301397996e-07,0.0346755420032423,0.20876683300593868,0.9133607920084614,0.9655535422643879
free,30.0,0.000888858741621725,0.0,6.0,4.0,0.0,0.0,735471,3 4 8 10 11 15 16 22,3 4 8 10 11 15 16 22,999.7803609896944,999.7803609896944,999.7803609896944,999.7803609896944,0.0,999.7803609896944,0.0,0.0,0.0,999.7803609896944,999.760529184788,0.019831804906402795,1,0.0,1.0,0,0,0,1,999.7803609896944,999.7803609896944,0.0,0.8886897622720146,2.625447110691677e-08,0.8886897622720146,2.625447110691677e-08,2.54436468693011e-08,2.625447110691677e-08,0.037051457999041304,0.15730750001966953,0.9479255830228794,0.9872532920271624
free,30.0,0.000888858741621725,0.01,0.0,0.0,0.0,0.0,735471,9 10 11 12 13 14 15 16,0 1 2 3 4 5 6 7,0.9910749536525897,0.9989925723198199,0.9908256025813722,0.9989927700628973,-0.007925799512852438,0.9910749536525897,-0.007925799512852438,0.0,,0.9989928176016913,0.9989928176016913,-0.007917863949101656,0,0.007989167640571004,1.007988920149833,735471,199936,1,0,0.9990009991701585,0.9990005490625925,4.5055767350365983e-07,0.8815896189916046,0.8815896189916046,0.8814164015851542,0.8814164015851542,0.8883297724483357,0.8884637654565105,6.13003920801566,0.19113525000284426,9.680683874990791,9.728468771492771
free,30.0,0.000888858741621725,0.01,-6.0,1.0,0.0,0.0,735471,7 10 11 12 14 15 16 21,0 1 2 5 11 14 15 22,347.3566098180739,347.5765898459748,241.82583593599492,241.84211665960453,0.43629494571031313,347.3566098180739,0.43629494571031313,0.0,0.0,347.57658984597487,347.2612394474009,0.09537037067298115,1,0.0006332973712985801,1.0006332973712984,1,1,0,1,999.8000329218312,998.951275275872,0.0008489274034916283,0.8815072846055592,0.0027561113602827766,0.881805929630477,0.0016481531153081123,0.001648153115308112,0.0016484470755660965,0.14757720800116658,0.3778966669924557,3.615104790980695,3.709579582733568
free,30.0,0.000888858741621725,0.01,-4.8,1.0,0.0,0.0,735471,3 4 5 8 14 17 18 23,2 5 6 8 9 17 20 23,276.02934514270555,276.2132064822338,216.24862772254937,216.27483163933374,0.27628972382241956,255.51199053203334,0.18142267685651303,0.08029898936621516,0.08029898936621516,276.2132064822338,274.0717425869364,1.9576025557691423,1,0.0006660934526114826,1.0006660934526115,68,68,0,1,999.6472701680337,988.78783666305,0.01086326530272852,0.8813768886700927,0.003186404579539485,0.8818180291284438,0.002303667931374857,0.002303667931374857,0.002304154058217205,0.14069904200732708,0.22779575001914054,3.568897499993909,3.625847604504088
free,30.0,0.000888858741621725,0.01,-3.6,1.0,0.0,0.0,735471,3 5 6 7 8 12 19 23,2 4 5 8 9 11 16 18,215.12287657812962,215.15710950383468,213.8956446634205,214.04708517473705,0.005025956800646769,213.8956446634205,-0.0007075102713635095,0.005737526430892315,0.005737526430892315,215.15710950383476,214.50683824806708,0.6160383300625369,1,0.00015913196332095758,1.0001591319633205,3,3,0,1,999.6527834769365,975.4174056155264,0.024243795707861726,0.8818929884434853,0.003231230012324881,0.881504245924889,0.003208167138479059,0.003208167138479057,0.00320881557474925,0.18434220799827017,0.1476365000125952,3.5816544580156915,3.6185644999932265
free,30.0,0.000888858741621725,0.01,-2.4000000000000004,1.0,0.0,0.0,735471,5 6 7 8 15 19 21 23,2 6 12 13 15 16 19 22,177.74901424768285,177.78503510159362,146.85948010370345,146.88206810684858,0.21014781816920136,166.2077715181549,0.13157292554764388,0.06943864672577771,0.06943864672577771,177.78503510159368,176.5605989479406,1.1884152997422461,1,0.0002026500909908524,1.0002026500909906,52,52,0,1,999.6837396669644,997.9112688339477,0.0017730315725722479,0.881347504803145,0.005111516363132475,0.8813932015002486,0.004068775634053283,0.004068775634053284,0.004069776386681254,0.218215083994437,0.12137929198797792,3.7978939159947913,3.8282397809962276
free,30.0,0.000888858741621725,0.01,-1.2000000000000002,1.0,0.0,0.0,735471,1 2 4 7 14 16 17 19,2 3 4 5 6 11 12 13,164.45746117520446,164.4843553091534,157.0929514544354,157.1174823347609,0.04671649985330539,164.0946649054475,0.04440742345794946,0.002210896191938927,0.002210896191938927,164.4843553091534,164.12156892204993,0.3358922531545261,1,0.0001635324646065417,1.0001635324646065,2,2,0,1,999.6123505443348,999.5688529137128,4.35144989938685e-05,0.8814052944272558,0.004720989897305023,0.881528632469464,0.004470487627901407,0.004470487627901404,0.004471356215666799,0.21439508299226873,0.1366275000036694,3.756159625016153,3.790317374994629
free,30.0,0.000888858741621725,0.01,0.0,1.0,0.0,0.0,735471,0 1 10 11 12 13 14 23,0 1 2 3 4 5 6 7,1.1010189989785928,1.1080530480915993,1.1008222417217308,1.106848785710789,-0.0052670128092089374,1.1010189989785928,-0.0052670128092089374,0.0,,1.1096232831942998,1.1096232831942998,-0.008604284215707025,0,0.007814837185996959,1.0063886718753554,735471,199936,1,0,1.11017508944747,1.10996125988451,0.0001926088641264201,0.8818629826961847,0.7958441675586924,0.8814170344572698,0.7945757952073341,0.799469253723146,0.799656010716267,7.124808499997016,0.13633312500314787,10.818570166011341,10.852654281261493
free,30.0,0.000888858741621725,0.01,1.1999999999999993,1.0,0.0,0.0,735471,2 4 8 10 12 14 18 20,0 1 2 3 6 7 8 9,353.0656432433953,353.14482648851305,216.56196061621384,216.56997840767377,0.6302612478391652,341.9610440483439,0.5789863699604412,0.03247328720133824,0.03247328720133824,353.14482648851305,351.58659184968246,1.4790513937128367,1,0.00022427343649278342,1.0002242734364928,19,19,0,1,999.7589445099067,998.8010960751923,0.0009580793850101355,0.8814607748219955,0.0031812380525088253,0.881452248121828,0.0016071490772851151,0.0016071490772851151,0.0016077050214748398,0.17785925001953728,0.1735931670118589,3.54455962497741,3.587959083735768
free,30.0,0.000888858741621725,0.01,2.4000000000000004,1.0,0.0,0.0,735471,4 10 12 13 16 17 20 21,2 4 5 12 13 16 20 22,569.1704993844116,569.6072430195053,555.0488606467254,555.4640680903073,0.0246756398505259,555.0488606467254,-0.0007474964942544293,0.025442154265900463,0.025442154265900463,569.6072430195046,560.8543824234376,8.316116960974,1,0.0007673335767846012,1.000767333576786,6,6,0,1,999.804573897229,999.2693561564562,0.0005353223567347021,0.8818663532722074,0.0006987621396066063,0.8818453802103279,0.0006593051748615674,0.0006593051748615687,0.0006596575657520549,0.16584012500243261,0.1944897080247756,3.8209576249937527,3.869581177008513
free,30.0,0.000888858741621725,0.01,3.5999999999999996,1.0,0.0,0.0,735471,3 7 8 9 12 14 17 23,0 3 8 9 11 14 18 21,734.5764151500896,734.7113582023543,679.5521770039353,679.653089898774,0.08081082256169192,679.5521770039353,-0.00014847706328202648,0.08097132200907597,0.08097132200907597,734.7113582023541,729.6201297701523,4.956285379937299,1,0.00018370185794336358,1.0001837018579438,100,100,0,1,999.7606896494867,999.6638572286494,9.685559938477084e-05,0.8814513006619262,0.00040805480701410564,0.881415388894713,0.0003108169936919429,0.0003108169936919429,0.00031103595731294244,0.16321320901624858,0.2248401249817107,3.789310874999501,3.845521573246515
free,30.0,0.000888858741621725,0.01,4.799999999999999,1.0,0.0,0.0,735471,2 3 7 8 13 14 15 16,3 7 9 10 11 18 19 20,833.5874481876562,833.6887039081595,760.4581375611856,760.5264687402531,0.09606632043776497,787.7220132663022,0.035758840282174686,0.0582254071219519,0.0582254071219519,833.6887039081595,825.9501596892227,7.637288498433463,1,0.00012146982386007643,1.00012146982386,132,128,0,1,999.8074516821902,999.1464480873123,0.0006611308945194683,0.8815151840393802,0.00027022673439008887,0.8814473223358676,0.00016842717121819437,0.00016842717121819437,0.0001685538325381138,0.18832712501171045,0.16472004202660173,3.7210260419815313,3.762207469495479
free,30.0,0.000888858741621725,0.01,6.0,1.0,0.0,0.0,735471,3 6 10 11 12 13 17 20,6 7 8 9 13 14 18 20,886.3363107106162,886.8529922437818,867.8244918947418,867.8835556149849,0.021261786764188217,867.8244918947418,-6.805489038363977e-05,0.02133129335340267,0.02133129335340267,886.8529922437817,885.2429064756963,1.0934042349199444,1,0.0005829407268120868,1.000582940726812,37,37,0,1,999.8207317155427,999.7361261744377,8.462071091464018e-05,0.8815001717411888,0.00012683070892507688,0.8819538742980371,0.00010561709824283951,0.00010561709824283963,0.00010569061815767086,0.17502716701710597,0.1887540000025183,3.710271040996304,3.757460125023499
free,30.0,0.000888858741621725,0.01,-6.0,2.0,0.0,0.0,735471,1 10 13 14 17 18 21 22,2 3 4 5 6 15 19 23,356.00421833304796,356.2308773951729,333.0847058366891,333.2931622737956,0.0681413801120696,348.41092570464,0.04535875662047162,0.02179407150637136,0.02179407150637136,356.2308773951728,354.2564296115259,1.7477887215220562,1,0.0006366752146538257,1.000636675214654,16,16,0,1,999.7422545106303,999.607735864528,0.0001345533266153831,0.8817882319668696,0.0017568247940113677,0.8818049849420999,0.0015865161932801103,0.0015865161932801112,0.0015867961919786857,0.17242841600091197,0.19879045800189488,3.7649115830135997,3.814610030523909
free,30.0,0.000888858741621725,0.01,-4.8,2.0,0.0,0.0,735471,6 7 11 12 13 16 17 23,4 8 13 14 16 19 20 23,298.5142864560337,298.5554436912309,248.56272539560464,248.59101657603378,0.20082491542782854,267.19276637015315,0.07482872893128012,0.11722443130249105,0.11722443130249105,298.5554436912308,298.39283216494863,0.12145429108505823,1,0.0001378735861714553,1.0001378735861717,221,129,0,1,999.8232954745631,997.3768556444481,0.0024468722035064783,0.8814531613553955,0.002656937777882813,0.8813418207015871,0.0020631618606657344,0.0020631618606657353,0.0020635644831143293,0.21140374999959022,0.209291667008074,3.694931124977302,3.7472548337318585
free,30.0,0.000888858741621725,0.01,-3.6,2.0,0.0,0.0,735471,3 4 6 7 8 9 11 12,5 6 7 8 19 20 22 23,190.50812972761037,190.53439131183194,135.72812345485056,135.73222982224223,0.4035585356337532,176.19421420956414,0.29810152268412415,0.08123941857149375,0.08123941857149375,190.53439131183197,187.7713941610623,2.7367355665480773,1,0.00013785020229395428,1.0001378502022937,105,105,0,1,999.8411453692424,969.6595636780412,0.030186376936963466,0.8815849958526922,0.005606171930218223,0.881279519928392,0.0037364454560129923,0.003736445456012991,0.0037370763900600127,0.1432549589953851,0.1877998749841936,3.754170833999524,3.8011217607563594
free,30.0,0.000888858741621725,0.01,-2.4000000000000004,2.0,0.0,0.0,735471,2 8 12 14 15 16 21 22,15 16 17 18 19 20 21 22,233.7669602378401,233.8064820777661,206.8372016861406,206.97328441287115,0.1294547549988181,206.8372016861406,-0.0006574893330634213,0.13019784802814782,0.13019784802814782,233.8064820777661,222.83908484194308,10.927875395897019,1,0.00016906512317138578,1.0001690651231714,37,37,0,1,999.7186234277896,999.3863077233048,0.00033240923665633915,0.8818187027062772,0.0033716848604560274,0.8812160691390181,0.0028801388554847477,0.002880138855484749,0.0028807709737588925,0.18601791700348258,0.19609895901521668,3.7894014170160517,3.838427239752491
free,30.0,0.000888858741621725,0.01,-1.2000000000000002,2.0,0.0,0.0,735471,0 3 9 10 15 20 21 22,1 9 11 14 17 20 21 22,223.2110879917102,223.36254430239762,218.33971286805013,218.47415417189325,0.02168189568130785,218.33971286805013,-0.0006153647984252775,0.02231098987752178,0.02231098987752178,223.36254430239762,218.4741541718932,4.736933819817011,1,0.0006785339924200162,1.00067853399242,2,2,0,1,999.4835646594854,993.3506712965559,0.006136062242322993,0.8817276196064331,0.0031469853285775295,0.8817877769455483,0.0030589283849062885,0.0030589283849062885,0.0030594148153723494,0.16665549998288043,0.212724499986507,3.81674412501161,3.869926250015851
free,30.0,0.000888858741621725,0.01,0.0,2.0,0.0,0.0,735471,0 1 10 11 12 13 14 23,1 2 3 4 5 6 7 8,1.4307091912438499,1.4365455520003598,1.4305017465431074,1.4327363745411397,-0.0014149032113036641,1.4307091912438499,-0.0014149032113036641,0.0,,1.4413256530672045,1.4413256530672045,-0.010616461823354628,0,0.007420419109857468,1.0040793480549572,735471,199936,1,0,1.4468465144686231,1.4436807504023936,0.0021880441598824962,0.8818629826961847,0.6146207342067793,0.8814808268315774,0.6127226105251438,0.6137101665914906,0.6152245119017115,6.694625750009436,0.18588337500113994,10.508724582992727,10.555196968751261
free,30.0,0.000888858741621725,0.01,1.1999999999999993,2.0,0.0,0.0,735471,3 7 9 10 12 13 15 19,0 4 5 6 7 15 17 21,397.1770420793255,397.23225931956836,351.14831120402926,351.18730947432067,0.13095499570825941,351.14831120402926,-0.0001110469235058309,0.13108059872898536,0.13108059872898536,397.2322593195682,395.6791411544902,1.4979009248352781,1,0.00013902424962330961,1.0001390242496238,148,128,0,1,999.6875972324448,995.8052123007916,0.0038835981784721696,0.8815361824091641,0.001621300818895149,0.8814013208848724,0.0013299976080479935,0.0013299976080479942,0.0013303036044441023,0.17857912500039674,0.19088812498375773,3.9636868329835124,4.011410239239922
free,30.0,0.000888858741621725,0.01,2.4000000000000004,2.0,0.0,0.0,735471,3 7 8 9 11 15 22 23,3 7 8 9 11 15 22 23,575.525902936722,575.9356437328429,575.525902936722,575.9356437328429,-0.0007114350371948408,575.525902936722,-0.0007114350371948408,0.0,0.0,575.9356437328427,574.5424537721177,0.9834491646042807,1,0.0007119415373484372,1.0007119415373489,1,1,0,1,999.6071089352856,999.6071089352856,0.0,0.881858432343909,0.0006423165588480849,0.881858432343909,0.0006423165588480849,0.0006423165588480849,0.0006425772327307548,0.18467916600639,0.22314583300612867,3.83580245799385,3.8915910832583904
free,30.0,0.000888858741621725,0.01,3.5999999999999996,2.0,0.0,0.0,735471,9 10 12 13 14 15 17 18,0 1 3 4 18 19 21 22,644.2117287706924,644.2928929289714,573.2074934192846,573.2341791413836,0.12381946543317124,629.148701055458,0.09754219819520471,0.023941919755957164,0.023941919755957164,644.2928929289714,636.6594778205101,7.55225095018227,1,0.0001259898798082748,1.0001259898798083,10,10,0,1,999.7732688489768,996.8364425632163,0.0029374923067723158,0.8815354230931324,0.0006489689999367714,0.8811964506984095,0.00047883669684954016,0.00047883669684953994,0.0004790065514858104,0.13503508298890665,0.1909999159979634,3.8298619579873048,3.8776140619738726
free,30.0,0.000888858741621725,0.01,4.799999999999999,2.0,0.0,0.0,735471,2 4 5 6 10 11 14 21,1 3 6 9 11 13 16 19,810.3244573959032,810.4132277256,770.9831763979282,771.0531445602782,0.050932044195242776,787.7051713532479,0.021596470892374375,0.028715421537472308,0.028715421537472308,810.4132277256,807.5113540554529,2.8131033404503114,1,0.00010954911811755785,1.0001095491181176,27,27,0,1,999.7517473307473,997.8956427530372,0.001856565475044869,0.8814720782110633,0.000254346606063817,0.8814736081636438,0.00019882539038272487,0.00019882539038272451,0.00019894264592454028,0.19123249998665415,0.17942791600944474,3.849456583004212,3.8943146869860357
free,30.0,0.000888858741621725,0.01,6.0,2.0,0.0,0.0,735471,2 5 8 9 13 14 15 21,1 5 8 11 12 14 19 20,883.8898378366636,883.9550782255276,855.7853786214771,855.8407949044388,0.03277366900389067,876.693165455444,0.024364777509038538,0.008208883865862937,0.008208883865862937,883.9550782255277,878.9315250488916,4.958312787772002,1,7.381054297872502e-05,1.0000738105429787,8,8,0,1,999.7335995595387,999.5822448965491,0.000151394994682863,0.8814770838861864,0.00014109576526131055,0.881443668143037,0.0001083001523714718,0.000108300152371472,0.00010837266549933394,0.14259541701176204,0.2523224589822348,3.7509365000005346,3.8140181147537078
free,30.0,0.000888858741621725,0.01,-6.0,4.0,0.0,0.0,735471,3 5 6 12 13 15 17 20,1 3 6 8 9 11 15 22,424.7874611994185,424.82039156527776,315.6867245180661,315.7028621579708,0.3455293319034407,405.2019972537588,0.28349168101936506,0.048335062705513465,0.048335062705513465,424.8203915652777,424.56028213970626,0.22717905971222763,1,7.752198185473347e-05,1.000077521981855,29,29,0,1,999.8226317698217,996.1385357554018,0.0036847495719301016,0.8814671069593806,0.0019032195465957375,0.8814429683171622,0.001186001565976574,0.0011860015659765747,0.0011861601134160267,0.18534445797558874,0.2065992499992717,3.882448291988112,3.934099395504745
free,30.0,0.000888858741621725,0.01,-4.8,4.0,0.0,0.0,735471,8 11 13 14 17 18 20 21,7 9 14 16 17 20 21 23,386.10998685149667,386.3458051856179,322.4559537812305,322.4807088693609,0.19731188946223877,339.5355316612038,0.052886334973766935,0.1371710788630096,0.1371710788630096,386.3458051856179,376.3096289940131,9.800357857483561,1,0.0006107542983910808,1.000610754298391,155,129,0,1,999.7963465298604,993.3646136301098,0.006433043011283446,0.8813983584651631,0.001844322916144425,0.8817602084706255,0.0013934494823461482,0.0013934494823461482,0.0013936609534934575,0.17267337499652058,0.17993383400607854,4.002114250004524,4.047098666516831
free,30.0,0.000888858741621725,0.01,-3.6,4.0,0.0,0.0,735471,0 1 2 8 9 14 15 18,0 1 3 7 14 16 20 21,355.9903580897452,356.023309286845,255.06304486077454,255.07683510989523,0.3956200998666666,339.3352608551073,0.3303256672010646,0.04908154016375388,0.04908154016375388,356.02330928684484,355.788458945808,0.20189914393722574,1,9.256204936680668e-05,1.0000925620493673,50,50,0,1,999.6648657134067,998.3296341611953,0.0013356791841019344,0.8814206882516001,0.002566651782773232,0.8813093204225758,0.0015865671572834286,0.0015865671572834286,0.0015867924911316998,0.22035487499670126,0.21158283299882896,3.6268799169920385,3.679776583252533
free,30.0,0.000888858741621725,0.01,-2.4000000000000004,4.0,0.0,0.0,735471,5 10 13 15 16 17 21 22,1 3 4 6 10 12 15 18,349.9392788130913,349.9706197501992,285.96393987517416,285.98311059401254,0.2236361723817748,318.6878864373372,0.11435911643661023,0.0980626930164128,0.0980626930164128,349.97061975019926,348.830967181331,1.108311631760273,1,8.956107246449463e-05,1.0000895610724645,65,65,0,1,999.7004012321315,996.8341682107578,0.00286709199860391,0.8813692642714971,0.002193033970296871,0.881475319865266,0.001629853601987125,0.0016298536019871256,0.0016300759671621834,0.15604595799231902,0.19522654201136902,3.892343792016618,3.9411515105020953
free,30.0,0.000888858741621725,0.01,-1.2000000000000002,4.0,0.0,0.0,735471,1 3 5 6 14 15 16 18,1 8 10 12 14 18 22 23,356.63881226993794,356.83493260427787,306.7054619060511,306.7186769977042,0.16275544665513597,356.63881226993794,0.16275544665513597,0.0,0.0,356.8349326042775,354.4684105645404,2.1704017053975235,1,0.000549913042529715,1.0005499130425308,1,1,0,1,999.6985654212375,997.6688276144858,0.0020303498243957607,0.8814465894783479,0.00198493622289211,0.8817566956444728,0.0015821905169505059,0.0015821905169505085,0.0015823319186316761,0.21867658299743198,0.18307733300025575,3.841730791988084,3.887501333250839
free,30.0,0.000888858741621725,0.01,0.0,4.0,0.0,0.0,735471,0 1 10 11 12 13 14 23,0 1 10 11 12 13 14 23,2.753721337105887,2.755187482234481,2.753721337105887,2.755187482234481,-0.0005321398772489827,2.753721337105887,-0.0005321398772489827,0.0,,2.7656789040978804,2.7656789040978804,-0.011957566991993573,0,0.004342330079252221,1.0005324232008657,392649,199936,1,0,2.820310488600012,2.820310488600012,0.0,0.8818629826961847,0.3191848162378342,0.8818629826961847,0.3191848162378342,0.31868363930199634,0.31918639237801427,5.985081624996383,0.1722650000010617,9.780417542002397,9.82348504201218
free,30.0,0.000888858741621725,0.01,1.1999999999999993,4.0,0.0,0.0,735471,6 8 9 10 11 13 16 19,1 5 6 7 11 15 16 21,517.2317482952893,517.5082255563943,463.3543833809897,463.3741896113443,0.11622908632247753,484.9035208942185,0.0464620856438549,0.0666694012480129,0.0666694012480129,517.5082255563942,504.3372124712535,12.894535824035813,1,0.0005345326577808063,1.000534532657781,26,26,0,1,999.9174758143083,998.3514412028103,0.0015661638578950976,0.881555157058343,0.0010136105301297908,0.8818624466531536,0.0008151961952926149,0.0008151961952926149,0.0008152982333168624,0.16172166698379442,0.18546879099449143,3.783292292006081,3.8296599057357525
free,30.0,0.000888858741621725,0.01,2.4000000000000004,4.0,0.0,0.0,735471,4 7 8 9 12 13 14 19,0 6 7 11 15 16 21 22,626.0938830507693,626.1529100114543,574.2281770492147,574.2659645963212,0.09025072292222713,604.2040873208243,0.052132852319653145,0.036229142088411104,0.036229142088411104,626.1529100114543,625.5377899026595,0.5560931481097668,1,9.42781302979423e-05,1.000094278130298,29,29,0,1,999.8922304018998,999.6031795474718,0.0002890820086799417,0.8815486428716847,0.000646229000329632,0.8813468212268457,0.0005186997111701386,0.0005186997111701386,0.0005188297243343571,0.1696924999996554,0.1963197499862872,3.492349332984304,3.541430187484366
free,30.0,0.000888858741621725,0.01,3.5999999999999996,4.0,0.0,0.0,735471,4 6 7 8 14 15 18 22,0 5 8 9 11 12 14 23,752.4338205326395,752.4952669838628,734.4590965635281,734.5206101835892,0.02438762112416848,734.4590965635281,-8.374662222987439e-05,0.024473417312432577,0.024473417312432577,752.495266983863,741.4440874619038,10.989733070735724,1,8.166359558359204e-05,1.0000816635955836,10,10,0,1,999.7906048061114,999.2690600772762,0.0005216539606675008,0.8814421227831937,0.000311164934450322,0.8814425237318009,0.0002825008169104927,0.00028250081691049285,0.0002825939056012637,0.1381063750013709,0.18946900000446476,3.579403709009057,3.6267720840187394
free,30.0,0.000888858741621725,0.01,4.799999999999999,4.0,0.0,0.0,735471,1 2 7 8 10 13 17 20,1 2 6 9 11 14 22 23,820.4291872601931,820.4887790283564,818.4103605716101,818.4610890117227,0.002404632639099402,818.4103605716101,-6.198027101556036e-05,0.0024667658009276394,0.0024667658009276394,820.4887790283564,819.829857729211,0.5993295309821178,1,7.26348709780833e-05,1.000072634870978,4,4,0,1,999.6351031805643,999.483860925197,0.0001512974633305353,0.8814445750696306,0.0001880948080381121,0.8813232897982727,0.00018528549084658258,0.00018528549084658252,0.00018536195989222144,0.13665629099705257,0.21420520800165832,3.357693833007943,3.4112461770127993
free,30.0,0.000888858741621725,0.01,6.0,4.0,0.0,0.0,735471,3 4 8 10 11 15 16 22,3 4 8 10 11 15 16 22,876.0611136633372,876.1082411472656,876.0611136633372,876.1082411472656,-5.379185095522043e-05,876.0611136633372,-5.379185095522043e-05,0.0,0.0,876.108241147266,874.5517819087012,1.5093317546360367,1,5.379474467437362e-05,1.0000537947446742,1,1,0,1,999.7803609896944,999.7803609896944,0.0,0.8814561488880915,0.00011724542164219183,0.8814561488880915,0.00011724542164219183,0.0001172454216421918,0.00011729867560905504,0.18172066699480638,0.16684620900196023,4.401229042006889,4.442941469234938
free,30.0,0.000888858741621725,0.03,0.0,0.0,0.0,0.0,735471,9 10 11 12 13 14 15 16,0 1 2 3 4 5 6 7,0.9292215509586761,0.998925597359585,0.9270561392765794,0.998923567529272,-0.06977712693574367,0.9292215509586761,-0.06977712693574367,0.0,,0.9989255975526087,0.9989255702441998,-0.06970401928552372,0,0.07501337708108369,1.0750133768733574,735471,199936,1,0,0.9990009991701585,0.9990005490625925,4.5055767350365983e-07,0.8248561515520576,0.8248561515520576,0.8264162019369115,0.8264162019369115,0.8883132083989573,0.8884664519115897,6.089238333021058,0.2329883750062436,9.641157957987161,9.699406385741895
free,30.0,0.000888858741621725,0.03,-6.0,1.0,0.0,0.0,735471,7 10 11 12 14 15 16 21,6 7 8 9 10 11 18 22,56.39847101391529,56.46935219311616,34.131659546969665,34.135265748726894,0.6522054179706722,56.39847101391529,0.6522054179706722,0.0,0.0,56.493881785104335,56.493881785104335,-0.0954107711890444,0,0.0016917262023912194,1.0012567925677165,3,3,0,1,999.8000329218312,994.4099728253689,0.005391138146605523,0.8246372783418117,0.023269068851854452,0.824983039791941,0.01372053569539308,0.013720535695393084,0.013738775131824421,0.21231125001213513,0.285821917001158,3.69890012498945,3.7703563952527475
free,30.0,0.000888858741621725,0.03,-4.8,1.0,0.0,0.0,735471,3 4 5 8 14 17 18 23,1 5 7 8 9 17 20 23,41.2693958462583,41.70459067447023,29.48013765708496,29.485216166689508,0.3996640083270542,39.32347915045696,0.33366765663675513,0.04948485581237594,0.04948485581237594,42.14434626495814,41.878537692174504,-0.6091418459162057,0,0.021200950504807636,1.0105452192669158,77,77,0,1,999.6472701680337,990.32161572159,0.00932894504366144,0.8248512800797727,0.027086221224440602,0.8333542411651413,0.01909345561964319,0.018779911830398354,0.019098653862385247,0.20722424998530187,0.1260522079828661,3.7342705839837436,3.7657841769905644
free,30.0,0.000888858741621725,0.03,-3.6,1.0,0.0,0.0,735471,3 5 6 7 8 12 19 23,3 4 6 7 11 12 19 22,31.172642731661377,31.180041139641574,28.419210883713856,28.728177644548374,0.08508945876616991,29.71310092583943,0.034284224132746566,0.04912115398069017,0.04912115398069017,31.511837155078986,31.511837155078986,-0.3391944234176094,0,0.010881157120281593,1.000237336566036,10,10,0,1,999.6527834769365,971.7898388368357,0.02787262247516531,0.8337988896188065,0.028134871894387938,0.8250879107687018,0.02557319456592521,0.025305245521754855,0.025579237488763857,0.17815537500428036,0.16195020801387727,3.720260458008852,3.760748927015811
free,30.0,0.000888858741621725,0.03,-2.4000000000000004,1.0,0.0,0.0,735471,5 6 7 8 15 19 21 23,8 10 14 18 19 21 22 23,24.40119119780853,24.66097324805953,18.40900131519564,18.4126445911564,0.3252409819243689,22.49579363945795,0.22175788100872196,0.08470017056915413,0.08470017056915413,24.82275487961813,24.58741063089806,-0.18621943308952993,0,0.017276356649648328,1.01064628559094,154,131,0,1,999.6837396669644,973.8903358836044,0.02580156379451848,0.8245344375040136,0.04389202177893303,0.8320157548780598,0.032849296947084834,0.032463152819401125,0.032866956598624555,0.17170362500473857,0.14394954199087806,3.431428916985169,3.467417468498752
free,30.0,0.000888858741621725,0.03,-1.2000000000000002,1.0,0.0,0.0,735471,1 2 4 7 14 16 17 19,1 6 7 16 20 21 22 23,21.465512943142087,21.46979540021381,19.759696278215618,19.763365347276814,0.08612640438283514,21.465512943142087,0.08612640438283514,0.0,0.0,21.469795400213822,21.453519251763208,0.011993691378879845,1,0.00019950406417401645,1.0001995040641734,1,1,0,1,999.6123505443348,988.0472194187557,0.011569616080955192,0.8251620976215838,0.04086324587831754,0.824100156606491,0.037495305673763635,0.03749530567376362,0.03750258419981576,0.22307725000428036,0.14471254200907424,3.8819711670221295,3.9181503025029087
free,30.0,0.000888858741621725,0.03,0.0,1.0,0.0,0.0,735471,0 1 10 11 12 13 14 23,0 1 2 3 4 5 6 7,1.0323042543709282,1.1041481808022462,1.0304492206096019,1.100021121643754,-0.06155960639340907,1.0323042543709282,-0.06155960639340907,0.0,,1.10904990229076,1.10904990229076,-0.07674564791983185,0,0.07434401979346639,1.0695956895722556,735471,199936,1,0,1.11017508944747,1.10996125988451,0.0001926088641264201,0.8291426033913503,0.7528626711857019,0.8264181332721486,0.7475778304591829,0.7994690280698049,0.7996581869761292,7.1452200839994475,0.14910683399648406,11.035339499998372,11.072617125500983
free,30.0,0.000888858741621725,0.03,1.1999999999999993,1.0,0.0,0.0,735471,2 4 8 10 12 14 18 20,0 1 2 3 6 7 8 9,54.83861944050315,54.85655209441281,28.33907126034115,28.341246112383832,0.9349403065428792,53.79099825018624,0.8979757642583692,0.019475771493296046,0.019475771493296046,54.85655209441279,54.69612679031965,0.14249265018349888,1,0.0003270077564423435,1.0003270077564428,20,20,0,1,999.7589445099067,998.8010960751923,0.0009580793850101355,0.8250226453510555,0.028221457794197716,0.8262583828467832,0.014173305235157602,0.014173305235157608,0.014178086660065148,0.20746891701128334,0.1653060000098776,3.6332754580071196,3.674603292012762
free,30.0,0.000888858741621725,0.03,2.4000000000000004,1.0,0.0,0.0,735471,4 10 12 13 16 17 20 21,2 4 5 12 13 16 20 22,124.43556998872835,125.12739933578192,116.35237841047878,116.97636156516485,0.06376680146106395,116.35237841047878,-0.005334267080434607,0.06947164887109514,0.06947164887109514,125.12739933578182,122.0339679140721,2.401602074656253,1,0.005559739446816758,1.0055597394468176,34,34,0,1,999.804573897229,999.2693561564562,0.0005353223567347021,0.8284165488654975,0.006193055397107967,0.8289658537084659,0.005736115949044699,0.005736115949044701,0.005739374092997152,0.17845616600243375,0.19653579100850038,3.7979147500009276,3.8470497807647916
free,30.0,0.000888858741621725,0.03,3.5999999999999996,1.0,0.0,0.0,735471,3 7 8 9 12 14 17 23,5 6 10 13 15 18 22 23,227.9264474450411,228.041516249282,183.45013488305162,183.52059290932533,0.2419666034844168,205.8210414018056,0.12151469292330885,0.10740109899687633,0.10740109899687633,228.041516249282,226.8950800403153,1.0313674047258132,1,0.0005048506021603227,1.0005048506021603,109,109,0,1,999.7606896494867,987.0138686860054,0.012749872139852125,0.8248947242226833,0.0036059759314018684,0.8243393697207392,0.0027260065832501647,0.0027260065832501647,0.002727799635487913,0.13676625001244247,0.21073604197590612,4.005654625012539,4.058339468516351
free,30.0,0.000888858741621725,0.03,4.799999999999999,1.0,0.0,0.0,735471,2 3 7 8 13 14 15 16,3 7 9 10 11 18 19 20,358.51010413473296,358.6884522199447,251.05434602476333,251.1271257729306,0.4276040592241641,315.1867504719298,0.2550884318125075,0.13745296589382328,0.13745296589382328,358.68845221994485,352.25861066222177,6.251493472511186,1,0.0004974701777020751,1.0004974701777016,137,128,0,1,999.8074516821902,999.1464480873123,0.0006611308945194683,0.8253126144133348,0.0023975748201575916,0.8247965582982344,0.0014106202440928087,0.0014106202440928078,0.0014117391889133348,0.20067562500480562,0.19292299999506213,3.9670517909980845,4.015283332999388
free,30.0,0.000888858741621725,0.03,6.0,1.0,0.0,0.0,735471,3 6 10 11 12 13 17 20,0 2 6 13 14 16 17 20,468.1191914539006,468.30997661018966,408.128980820509,408.2570781271609,0.14662847635453424,416.8518227015214,0.02105228552016314,0.1229870327065552,0.1229870327065552,468.30997661018966,461.7333702044685,6.3858212494321265,1,0.0004075567927401824,1.0004075567927402,208,128,0,1,999.8207317155427,999.0181703238529,0.0008027052912902288,0.8249646299831617,0.0011318401615488102,0.824956192913716,0.0008727014089543333,0.0008727014089543333,0.0008734039811185684,0.18647620800766163,0.23642479197587818,3.781016291992273,3.8401233649929054
free,30.0,0.000888858741621725,0.03,-6.0,2.0,0.0,0.0,735471,1 10 13 14 17 18 21 22,2 8 9 10 11 12 13 21,59.38608239529886,59.944907146456245,50.19870432459094,50.76268739066804,0.1698766445965605,57.454940960314886,0.1318341071689817,0.03361140752573122,0.03361140752573122,60.8567927065653,60.8567927065653,-1.4707103112664441,0,0.02476523542126885,1.0094100288925882,43,43,0,1,999.7422545106303,989.7878545051914,0.009956966368608322,0.8333557498479334,0.015527840071710472,0.8324157933256616,0.01299748845534564,0.012718561759658588,0.013005285793585356,0.1860627080022823,0.20038162500713952,4.09483258399996,4.144928906265704
free,30.0,0.000888858741621725,0.03,-4.8,2.0,0.0,0.0,735471,6 7 11 12 13 16 17 23,3 5 7 13 15 18 19 22,46.268746233834854,46.629495057519826,35.14379832992153,35.14924467918317,0.3163510811154673,46.11707091047536,0.3120359009531659,0.0032889192736011985,0.0032889192736011985,46.901767558948656,46.71626264639259,-0.44751641255773933,0,0.013681402169719803,1.0077968143303864,3,3,0,1,999.8232954745631,984.6147976780649,0.01521118568184554,0.8246099041358999,0.022571386611083332,0.829997002017403,0.016910969478554368,0.016692875834525046,0.01693315021890211,0.2651367499784101,0.16504195900051855,3.8613094169995748,3.902570781756367
free,30.0,0.000888858741621725,0.03,-3.6,2.0,0.0,0.0,735471,3 4 6 7 8 9 11 12,5 6 7 8 19 20 22 23,25.217803123776616,25.221681081469214,16.89988094167539,16.901567333462015,0.49203932548018625,23.79897920909792,0.4080930330041219,0.059617007192321436,0.059617007192321436,25.221681081469203,24.977198328639858,0.2406047951367576,1,0.00015377856959042369,1.0001537785695909,133,128,0,1,999.8411453692424,969.6595636780412,0.030186376936963466,0.8258086511125001,0.04797102713875754,0.8243274572159501,0.03179442888513354,0.031794428885133556,0.03179914911622072,0.16128633299376816,0.19833549999748357,3.795796583988704,3.8453813339947374
free,30.0,0.000888858741621725,0.03,-2.4000000000000004,2.0,0.0,0.0,735471,2 8 12 14 15 16 21 22,15 16 17 18 19 20 21 22,32.20349919459843,32.21134457010143,27.60216272761237,27.740658010051956,0.16087726480494235,32.20349919459843,0.16087726480494235,0.0,0.0,32.211344570101446,31.506750459526245,0.6967487350721839,1,0.00024361872775413573,1.0002436187277537,1,1,0,1,999.7186234277896,999.3863077233048,0.00033240923665633915,0.8283755108680245,0.028972563816122177,0.8233605580390262,0.02467233930918145,0.024672339309181442,0.024678314877759313,0.255121207999764,0.1893088750075549,3.991930541989859,4.039258927747142
free,30.0,0.000888858741621725,0.03,-1.2000000000000002,2.0,0.0,0.0,735471,0 3 9 10 15 20 21 22,1 9 11 14 17 20 21 22,30.7476981898791,31.047404920781545,29.178667929417447,29.450759980078857,0.044037512467505646,29.768947083932527,0.010804037113775644,0.03287825744011097,0.03287825744011097,31.09592249235956,30.649636321420694,0.09806186845840514,1,0.011325215316282833,1.0097472899939255,13,13,0,1,999.4835646594854,993.3506712965559,0.006136062242322993,0.8313826887604026,0.027340724784330344,0.831426578284762,0.025890402855480308,0.02575493879938975,0.0259170234031235,0.2647545420040842,0.16050450000329874,3.9101460420060903,3.950273374990502
free,30.0,0.000888858741621725,0.03,0.0,2.0,0.0,0.0,735471,0 1 10 11 12 13 14 23,0 1 2 3 4 5 6 7,1.3414151207358174,1.4197180407723236,1.339053567945567,1.4043462806760858,-0.044811711189901016,1.3414151207358174,-0.044811711189901016,0.0,,1.4390935801189781,1.4390935801189781,-0.09767845938316078,0,0.07281747303517827,1.0583733691577548,735471,199936,1,0,1.4468465144686231,1.444061872275171,0.0019246286082216235,0.8291426033913503,0.5895229327092598,0.8264181332721486,0.5812113256179283,0.6133376812741151,0.6151830106922012,6.43132758300635,0.16171750001376495,10.377098291006405,10.417528791018412
free,30.0,0.000888858741621725,0.03,1.1999999999999993,2.0,0.0,0.0,735471,3 7 9 10 12 13 15 19,0 1 11 12 15 18 21 22,67.28594300078606,67.62362024804041,54.28187976245149,54.292287583193925,0.23932783082093412,60.124625521515014,0.10742479637432845,0.11910789326593707,0.11910789326593707,67.62362024804042,67.26394636799628,0.02199663278977937,1,0.005018540755985512,1.0050185407559853,196,128,0,1,999.6875972324448,985.1735843012231,0.014518548565974565,0.8250946842209151,0.014308413669429188,0.828538948411798,0.011363353508665294,0.01136335350866529,0.011365760717490915,0.1637464999803342,0.16915454098489136,3.8681907080172095,3.9104805522656534
free,30.0,0.000888858741621725,0.03,2.4000000000000004,2.0,0.0,0.0,735471,3 7 8 9 11 15 22 23,1 2 3 4 5 9 10 16,126.41749200118628,127.06632752897148,126.27527538965167,126.96263057651012,-0.00429369313512562,126.27527538965167,-0.0054138385738963235,0.0011262427351337312,0.0011262427351337312,127.06632752897153,127.02157851366468,-0.6040865124784034,0,0.005132482202535371,1.0051324822025351,5,5,0,1,999.6071089352856,999.2271373702821,0.0003801209111130577,0.8289028369084994,0.0056398563074019845,0.8298779986262327,0.00564220275015719,0.005639856307401986,0.0056445121216162535,0.19197183300275356,0.22144470902276225,3.9254729579843115,3.980835093250789
free,30.0,0.000888858741621725,0.03,3.5999999999999996,2.0,0.0,0.0,735471,9 10 12 13 14 15 17 18,0 1 3 4 19 20 22 23,161.6704208497126,161.72893011549215,124.06523555230301,124.07996272452925,0.30295349305220354,156.70004505822303,0.262895649042979,0.03171904506883072,0.03171904506883072,161.7289301154922,161.62654079891564,0.04388005079695745,1,0.00036190458014573323,1.0003619045801455,12,12,0,1,999.7732688489768,996.3153877681162,0.0034586652680178576,0.8246142493315812,0.005756970538342783,0.8246260368530622,0.004209957136676543,0.004209957136676541,0.004211748043598321,0.12148091700510122,0.19714591701631434,3.856866791989887,3.906154396252532
free,30.0,0.000888858741621725,0.03,4.799999999999999,2.0,0.0,0.0,735471,2 4 5 6 10 11 14 21,0 2 4 7 10 17 19 23,321.566970803024,321.7061227015046,262.52025429430927,262.598862793128,0.22455583920921374,305.4103022123495,0.16302979747839896,0.052901517969884626,0.052901517969884626,321.7061227015047,321.6087019960003,-0.04173119297632866,0,0.0004327306941169784,1.0004327306941168,49,49,0,1,999.7517473307473,994.1299794051645,0.00562316389102846,0.8253928589701599,0.0022543112256465407,0.825030093232049,0.0016756870814540578,0.0016756614864279758,0.0016767660622984924,0.18208962501375936,0.19665883400011808,3.7972503330092877,3.8464161664887797
free,30.0,0.000888858741621725,0.03,6.0,2.0,0.0,0.0,735471,2 5 8 9 13 14 15 21,0 4 10 12 13 14 16 23,457.0527284322782,459.51087989466436,389.73220867557217,389.84207609419036,0.17240481841126076,457.0501690033215,0.17239825311440438,5.599886249374464e-06,5.599886249374464e-06,459.51087989466436,457.21629279510324,-0.16356436282507048,0,0.005378266684497923,1.005378266684498,2,2,0,1,999.7335995595387,998.6155715356999,0.0011183259463634077,0.8250620749918165,0.0012275420411210593,0.829027278145069,0.0009152928343651383,0.0009146330263307669,0.0009158929210625783,0.1439807090209797,0.2068430420185905,3.674839667015476,3.72655180250149
free,30.0,0.000888858741621725,0.03,-6.0,4.0,0.0,0.0,735471,3 5 6 12 13 15 17 20,0 2 6 7 10 14 18 21,76.0540590984389,76.24527586425035,48.09313282230901,48.09708739582823,0.5812612200928315,73.06447121049983,0.5191038619281794,0.04091712207600895,0.04091712207600895,76.85625084121877,76.85625084121877,-0.8021917427798684,0,0.010547651924029067,1.0025142217006977,54,54,0,1,999.8226317698217,987.9795903396362,0.011845142382126084,0.824956752843055,0.01626304790199364,0.8254609096642237,0.009937528864790797,0.009844032484897642,0.00996121213965265,0.2272733339923434,0.19983570798649453,4.137043958005961,4.187004551982682
free,30.0,0.000888858741621725,0.03,-4.8,4.0,0.0,0.0,735471,8 11 13 14 17 18 20 21,1 9 14 16 17 20 21 23,65.0483096058983,65.05907183497389,49.36295915918404,49.36829881997239,0.3176129451635554,65.0483096058983,0.3176129451635554,0.0,0.0,65.7496803461441,65.7496803461441,-0.7013707402458067,0,0.010782305404938741,1.0001654497886385,4,4,0,1,999.7963465298604,996.0406819174015,0.00375642962238687,0.8241516297891041,0.015805085540203236,0.8240464164804933,0.011777267491638025,0.011672439799744461,0.011779198763204095,0.17569029200240038,0.2244239579886198,3.829485000023851,3.8855920725036412
free,30.0,0.000888858741621725,0.03,-3.6,4.0,0.0,0.0,735471,0 1 2 8 9 14 15 18,3 7 11 12 16 18 19 20,58.20358572135563,58.43234068836026,35.86925124581321,35.87213421278109,0.6225292137934166,57.657492584187125,0.6073058893619996,0.009471329964117592,0.009471329964117592,58.80949607602066,58.80949607602066,-0.6059103546650277,0,0.010410189460934083,1.0039302555705034,21,21,0,1,999.6648657134067,983.9743866841136,0.015695739209655724,0.8254884800991208,0.022123111363156783,0.8245514242850953,0.013222358001905823,0.013199981264298584,0.01327769827755562,0.22344679199159145,0.18434216600144282,4.03214300001855,4.07822941649647
free,30.0,0.000888858741621725,0.03,-2.4000000000000004,4.0,0.0,0.0,735471,5 10 13 15 16 17 21 22,0 4 6 8 10 12 21 22,55.89070133894465,55.8989161315485,41.65281188942792,41.68465945084121,0.3407978396670519,50.59876125024679,0.21384609870492022,0.1045863566209746,0.1045863566209746,56.52278708392481,56.52278708392481,-0.6320857449801593,0,0.011309318542040314,1.0001469795942268,165,128,0,1,999.7004012321315,995.8492618403798,0.0038522935341480657,0.8241964416785862,0.018883317702582225,0.8250602689870734,0.013871002917331298,0.01369807132413376,0.013872987972225534,0.14445733299362473,0.1836525830149185,3.709243791992776,3.7551578547499957
free,30.0,0.000888858741621725,0.03,-1.2000000000000002,4.0,0.0,0.0,735471,1 3 5 6 14 15 16 18,0 2 4 8 9 18 19 23,56.84604283167621,57.119433263757784,45.52990428454594,45.533468186808456,0.24844526664334188,56.05830076776032,0.23114497972726422,0.014052193040587468,0.014052193040587468,57.90330811201284,57.90330811201284,-1.0572652803366296,0,0.018598748965996448,1.004809313339384,5,5,0,1,999.6985654212375,990.4778056074109,0.009223540107753614,0.825248572806857,0.01723514115711519,0.8288882678912728,0.0136226344670688,0.013356862901495747,0.013623831976809699,0.24472774998866953,0.17532974999630824,4.06083741702605,4.104670687505859
free,30.0,0.000888858741621725,0.03,0.0,4.0,0.0,0.0,735471,0 1 10 11 12 13 14 23,0 1 2 3 4 5 6 7,2.575803614833546,2.679782626960066,2.571419323694688,2.628006850674537,-0.01986419321075672,2.575803614833546,-0.01986419321075672,0.0,,2.755521616105586,2.755521616105586,-0.17971800127204007,0,0.06977162398448367,1.040367600824739,735471,199936,1,0,2.820310488600012,2.790153507378942,0.010692787671062298,0.8291426033913503,0.3146135925470925,0.8264181332721486,0.30750112966935395,0.31435536751045884,0.31994620661793854,6.089466916018864,0.20017450000159442,9.755161167006008,9.805205625016242
free,30.0,0.000888858741621725,0.03,1.1999999999999993,4.0,0.0,0.0,735471,6 8 9 10 11 13 16 19,1 5 6 7 11 15 16 21,104.45752133487129,104.46984532503464,83.69656325564613,83.70404166051728,0.24793880035715543,100.6938805382155,0.20297513167410441,0.03737705585025508,0.03737705585025508,104.46984532503456,101.09720244222692,3.360318892644372,1,0.00011798087878966967,1.0001179808787903,5,5,0,1,999.9174758143083,998.3514412028103,0.0015661638578950976,0.8250153481428343,0.008967479516080224,0.825151301734269,0.007009605156424592,0.007009605156424596,0.007010470810583476,0.1613041249802336,0.18440304102841765,4.143171417003032,4.189272719260771
free,30.0,0.000888858741621725,0.03,2.4000000000000004,4.0,0.0,0.0,735471,4 7 8 9 12 13 14 19,1 2 6 7 11 15 16 20,155.13646321367435,155.17255381977287,124.69326460533249,124.7119602958457,0.2439581804796802,140.17949257998282,0.12402605369560815,0.10669870719611474,0.10669870719611474,155.17255381977296,154.60695620992007,0.5295070037542757,1,0.00023263780384685795,1.0002326378038464,154,128,0,1,999.8922304018998,998.9373708773169,0.0009549624405014168,0.8251530053829497,0.005727611751067952,0.8252362383678958,0.004429325550984407,0.004429325550984407,0.004430515960891413,0.13423066600807942,0.1543043330020737,3.546840583992889,3.5854177082292154
free,30.0,0.000888858741621725,0.03,3.5999999999999996,4.0,0.0,0.0,735471,4 6 7 8 14 15 18 22,0 3 5 6 7 9 14 23,244.690143751469,244.75965287816663,226.6321963396434,226.68831377989244,0.07941225408318053,240.48890158798906,0.060879132135133185,0.017469588557885274,0.017469588557885274,244.75965287816663,244.18383468242834,0.5063090690406682,1,0.00028406999003705025,1.000284069990037,9,9,0,1,999.7906048061114,995.2891723576566,0.004502375224187838,0.824861856925802,0.0027498901783015056,0.8254721905013213,0.002483724038237888,0.002483724038237888,0.0024846431481124675,0.15513787500094622,0.16202770901145414,3.5826816670014523,3.6231898852420272
free,30.0,0.000888858741621725,0.03,4.799999999999999,4.0,0.0,0.0,735471,1 2 7 8 10 13 17 20,0 1 5 8 10 13 19 20,348.1434334646753,348.2457595523052,321.80119055677875,321.8782314348943,0.08159980845145665,321.80119055677875,-0.00023934789803004008,0.0818587490690117,0.0818587490690117,348.2457595523049,343.62614799516547,4.5172854695098295,1,0.00029391933839240103,1.0002939193383933,36,36,0,1,999.6351031805643,997.8562749501066,0.0017794775561582599,0.8252465054675117,0.0016749881572153363,0.825241172939219,0.0014808504373216898,0.0014808504373216907,0.0014815251282841123,0.14332558400928974,0.1710741249844432,3.5892530829878524,3.6320229062403087
free,30.0,0.000888858741621725,0.03,6.0,4.0,0.0,0.0,735471,3 4 8 10 11 15 16 22,0 4 5 12 13 16 22 23,439.788238927679,439.90436882757876,425.36236770124077,425.4688616639683,0.03365552347992984,425.36236770124077,-0.00025029790032349286,0.03391431006085255,0.03391431006085255,439.9043688275788,437.76909669404944,2.019142233629566,1,0.00026405867556378304,1.0002640586755638,6,6,0,1,999.7803609896944,996.4826562702641,0.0032984291831515966,0.8249944893624822,0.0010501656234892893,0.8247043248721985,0.0009858767311588209,0.000985876731158821,0.0009863549995712626,0.18666362500516698,0.17745520899188705,4.500883625005372,4.545248385235027
free,30.0,0.000888858741621725,0.05,0.0,0.0,0.0,0.0,735471,9 10 11 12 13 14 15 16,0 1 2 3 4 5 6 7,0.8132952448452753,0.9987726744874553,0.8077871729845421,0.9987648581136118,-0.1856989778541437,0.8132952448452753,-0.1856989778541437,0.0,,0.9987726759155195,0.9987725690174613,-0.185477324172186,0,0.22805670172771064,1.2280566999718117,735471,199936,1,0,0.9990009991701585,0.9990005490625925,4.5055767350365983e-07,0.7187521407397223,0.7187521407397223,0.7233352631694152,0.7233352631694152,0.888278380991337,0.8884691293221293,6.475617374991998,0.21841608299291693,9.955241457995726,10.009846603752521
free,30.0,0.000888858741621725,0.05,-6.0,1.0,0.0,0.0,735471,7 10 11 12 14 15 16 21,6 7 8 9 10 11 18 22,19.451748465087064,20.196250802868537,12.284949847025,12.31526267848591,0.5794830344194124,19.451748465087064,0.5794830344194124,0.0,0.0,20.97147496628547,20.97147496628547,-1.5197265011984058,0,0.07812801527462088,1.0382743144719222,345,345,0,1,999.8000329218312,994.4099728253689,0.005391138146605523,0.7182958756059393,0.057436805465343424,0.7433361338896998,0.03591679103690655,0.03365587211412298,0.036086893214664656,0.251764540997101,0.28998324999702163,3.771088041976327,3.843585020491446
free,30.0,0.000888858741621725,0.05,-4.8,1.0,0.0,0.0,735471,3 4 5 8 14 17 18 23,7 8 10 11 14 16 17 20,13.840870040807362,13.960261846023894,10.461909338449294,10.552056671694578,0.3116751048101247,13.840870040807362,0.3116751048101247,0.0,0.0,15.555690139594248,15.555690139594248,-1.7148200987868858,0,0.1238953977409687,1.008626033252572,622,622,0,1,999.6472701680337,929.9304636769722,0.06974140636560999,0.7191103041193289,0.06725997010691073,0.7194053169843078,0.050643506834257924,0.046037505619394105,0.051020150531916574,0.36758045802707784,0.11786937501165085,4.040586957999039,4.070054760748462
free,30.0,0.000888858741621725,0.05,-3.6,1.0,0.0,0.0,735471,3 5 6 7 8 12 19 23,3 4 6 7 11 12 19 20,10.742211624205003,11.014875484992231,9.368644219617368,9.908266349947056,0.0841666185389136,10.373579906846846,0.04696215669477599,0.03553563192922926,0.03553563192922926,11.207767573155369,11.207767573155369,-0.46555594895036556,0,0.04333892919232252,1.0253824696743867,117,117,0,1,999.6527834769365,968.4616169622522,0.031202000364763616,0.7606119106135527,0.07587652924349406,0.7252341687967533,0.06495248188768316,0.06339308097805531,0.06611803437844475,0.22315545799210668,0.11669566601631232,3.830208165978547,3.859383457493095
free,30.0,0.000888858741621725,0.05,-2.4000000000000004,1.0,0.0,0.0,735471,5 6 7 8 15 19 21 23,8 10 14 18 19 21 22 23,8.227481811068966,8.577131782520423,6.388094896851666,6.393033167376864,0.2869449595620974,8.227481811068966,0.2869449595620974,0.0,0.0,8.928690940278921,8.871906797195118,-0.6444249861261522,0,0.08522767297602196,1.042497811539498,107,107,0,1,999.6837396669644,973.8903358836044,0.02580156379451848,0.7182947728715414,0.11146700647380403,0.7408277383634019,0.08548357404216218,0.0805691817435993,0.08615507011076375,0.23878549999790266,0.30216420799843036,3.5106117090035696,3.5861538859826396
free,30.0,0.000888858741621725,0.05,-1.2000000000000002,1.0,0.0,0.0,735471,1 2 4 7 14 16 17 19,6 7 13 16 20 21 22 23,7.360174135539787,7.364914946919066,6.738136678698734,6.739485819095725,0.09209728057968425,7.360174135539787,0.09209728057968425,0.0,0.0,7.364914946919066,7.348019583533996,0.012154552005791075,1,0.0006441167412585269,1.0006441167412585,1,1,0,1,999.6123505443348,995.6882588443642,0.003925613461892241,0.7199134911824516,0.10593138103730053,0.716633325737721,0.09641482105681332,0.09641482105681332,0.09647423361276436,0.2787581660086289,0.15010666599846445,3.9735378339828458,4.011065791499277
free,30.0,0.000888858741621725,0.05,0.0,1.0,0.0,0.0,735471,0 1 10 11 12 13 14 23,0 1 2 3 4 5 6 7,0.9035179966719962,1.0998798775895289,0.8987706989250219,1.092625012523501,-0.17307586196910119,0.9035179966719962,-0.17307586196910119,0.0,,1.1083441615319298,1.1083441615319298,-0.20482616485993366,0,0.22669848925465463,1.2173303483060758,735471,199936,1,0,1.11017508944747,1.10996125988451,0.0001926088641264201,0.730486269604985,0.6676719569382894,0.723338714399168,0.6567636078026524,0.7994554528606352,0.799660355907827,7.138088333013002,0.16406345900031738,11.43709504097933,11.478111780736072
free,30.0,0.000888858741621725,0.05,1.1999999999999993,1.0,0.0,0.0,735471,2 4 8 10 12 14 18 20,0 1 2 3 6 7 8 9,18.40953435810477,18.416099912501604,9.302573953772582,9.303947196451777,0.978680012836441,18.143911462413428,0.9501305283990569,0.014639781297522525,0.014639781297522525,18.416099912501604,18.320779155756654,0.08875520234811773,1,0.00035663880840863804,1.0003566388084086,16,16,0,1,999.7589445099067,998.8010960751923,0.0009580793850101355,0.719434096793343,0.07643682697032124,0.7228388689194442,0.03836151850186573,0.03836151850186573,0.038374199664595654,0.2131377499899827,0.15510062500834465,3.718885499984026,3.757661573239602
free,30.0,0.000888858741621725,0.05,2.4000000000000004,1.0,0.0,0.0,735471,4 10 12 13 16 17 20 21,2 4 5 12 13 16 20 22,43.56396653789294,44.26031111176253,40.27166612524365,40.9026459821703,0.06506475294734537,40.27166612524365,-0.015426382371490077,0.08175227720676714,0.08175227720676714,44.260311111762526,43.783249299275404,-0.21928276138246616,0,0.01598441623225222,1.0159844162322524,101,101,0,1,999.804573897229,999.2693561564562,0.0005353223567347021,0.7284905691028959,0.01692149439348961,0.7300305617895907,0.01560516363310079,0.01560516363310078,0.015614340369478421,0.16592591698281467,0.20945870902505703,3.9070821669884026,3.959447927256406
free,30.0,0.000888858741621725,0.05,3.5999999999999996,1.0,0.0,0.0,735471,3 7 8 9 12 14 17 23,4 5 9 12 14 17 21 22,86.90579745741522,86.9608403307025,66.7068920610284,66.73708530669474,0.30221146245799946,80.99004796789835,0.2135688514969325,0.07304291870356305,0.07304291870356305,86.9608403307025,86.41443285961732,0.4913645977978973,1,0.0006333625016703426,1.0006333625016703,66,66,0,1,999.7606896494867,988.2523013837013,0.011511143001451951,0.7191007354576963,0.009886270740779562,0.7183236103980796,0.007371452539483357,0.007371452539483357,0.007376416370480643,0.15254545799689367,0.2342369160032831,4.100280625018058,4.15884060402459
free,30.0,0.000888858741621725,0.05,4.799999999999999,1.0,0.0,0.0,735471,2 3 7 8 13 14 15 16,3 7 9 10 11 18 19 20,152.08052685364135,152.1844678938006,96.17862904279296,96.21679555025717,0.5806027002240448,134.17988803617334,0.39455785519365794,0.13340776385684716,0.13340776385684716,152.18446789380064,149.9870489080618,2.0934779455795365,1,0.000683460547577619,1.0006834605475774,115,115,0,1,999.8074516821902,999.1464480873123,0.0006611308945194683,0.7201336070659657,0.006595630873185873,0.7188372685676352,0.003834601401953925,0.0038346014019539237,0.003837652990998675,0.19177800000761636,0.19952991700847633,3.870801750017563,3.9206850632690475
free,30.0,0.000888858741621725,0.05,6.0,1.0,0.0,0.0,735471,3 6 10 11 12 13 17 20,0 2 6 13 14 16 17 20,219.0003278847437,219.135160119378,179.3013463921504,179.3827943819189,0.22085470147419062,195.79751708698825,0.09150667298738369,0.11850411150743545,0.11850411150743545,220.45379516954094,220.45379516954094,-1.4534672847972274,0,0.006636826980287225,1.0006156713824887,171,128,0,1,999.8207317155427,999.0181703238529,0.0008027052912902288,0.7192067710500938,0.003120482140418783,0.719376980881187,0.0023939416108607007,0.0023939416108607,0.002395852318974672,0.20438491701497696,0.1888355829869397,3.9057382500031963,3.952947854748345
free,30.0,0.000888858741621725,0.05,-6.0,2.0,0.0,0.0,735471,1 10 13 14 17 18 21 22,0 1 3 4 5 12 17 23,20.512823974911843,21.242577600450808,16.854034141070244,17.69420251659931,0.1592963263344771,20.512823974911843,0.1592963263344771,0.0,0.0,22.691567769355743,22.691567769355743,-2.1787437944439,0,0.1062137420527085,1.035575483240703,403,403,0,1,999.7422545106303,968.7849851579273,0.03096525050634824,0.75139997990048,0.04157702686105382,0.7357137608869272,0.033745062561380317,0.031120890921984144,0.034250090066797995,0.26213291598833166,0.1779212919936981,4.357155167002929,4.401636697984941
free,30.0,0.000888858741621725,0.05,-4.8,2.0,0.0,0.0,735471,6 7 11 12 13 16 17 23,2 5 6 15 16 19 22 23,15.944746525259326,16.340614278235684,12.528843779979475,12.580134179875026,0.267454408456693,15.944746525259326,0.267454408456693,0.0,0.0,17.239378556999156,17.239378556999156,-1.2946320317398303,0,0.08119489574129646,1.0248274723181854,83,83,0,1,999.8232954745631,987.6791750973634,0.012146266677488748,0.7183160055291123,0.0562103736877297,0.7314862970863343,0.04387606163598074,0.040832620870305494,0.044138274347830506,0.2619131660030689,0.18541962502058595,4.190912791993469,4.237268406257499
free,30.0,0.000888858741621725,0.05,-3.6,2.0,0.0,0.0,735471,3 4 6 7 8 9 11 12,5 6 7 8 19 20 22 23,8.873663986052971,8.882901904622706,5.933041810414646,5.9341269339144,0.49536133703825724,8.348161414255543,0.40680533248195005,0.0629483003167699,0.0629483003167699,8.882901904622704,8.854835965512486,0.018828020540485824,1,0.0010410489493688502,1.001041048949369,387,137,0,1,999.8411453692424,969.6595636780412,0.030186376936963466,0.721371537407505,0.12067435442201345,0.7178469319125497,0.07992335100922315,0.07992335100922318,0.08000476616672783,0.17746883298968896,0.2259360000025481,3.9696375409839675,4.02612237498397
free,30.0,0.000888858741621725,0.05,-2.4000000000000004,2.0,0.0,0.0,735471,2 8 12 14 15 16 21 22,15 16 17 18 19 20 21 22,10.772970288306558,11.106895033294979,8.876365671676792,9.3884156233518,0.14747479452347156,10.772970288306558,0.14747479452347156,0.0,0.0,11.217660606190403,11.092969302874902,-0.319999014568344,0,0.041278338840916584,1.0309965344795275,12,12,0,1,999.7186234277896,999.3863077233048,0.00033240923665633915,0.7589618302250773,0.07995138743764968,0.7315448567910839,0.0649751702780226,0.06287759382045624,0.0655074595955307,0.24027249999926426,0.1791209999937564,4.229652499983786,4.274434207996819
free,30.0,0.000888858741621725,0.05,-1.2000000000000002,2.0,0.0,0.0,735471,0 3 9 10 15 20 21 22,4 8 9 10 16 19 20 21,10.305499944503524,10.44226577242717,9.55209928752674,9.945977168999107,0.03614755688611693,9.904789562704522,-0.004141132197946762,0.040456223654446566,0.040456223654446566,10.807683189739796,10.807683189739796,-0.5021832452362727,0,0.04872963446126777,1.0132711492562367,113,113,0,1,999.4835646594854,973.8098686725234,0.02568696164174422,0.7420467186804063,0.07371886517245604,0.7181407016978496,0.06788363923425837,0.06655306052081764,0.06879355630999313,0.1943816659913864,0.1851084170048125,4.044367166992743,4.090645062256954
free,30.0,0.000888858741621725,0.05,0.0,2.0,0.0,0.0,735471,0 1 10 11 12 13 14 23,0 1 2 3 4 5 6 7,1.1740661299871733,1.402414041202629,1.1679396968569664,1.3744350941726147,-0.14578277652758853,1.1740661299871733,-0.14578277652758853,0.0,,1.4365588227771966,1.4365588227771966,-0.2624926927900233,0,0.223575730604622,1.1944932277519584,735471,199936,1,0,1.4468465144686231,1.444061872275171,0.0019246286082216235,0.730486269604985,0.5305922368023804,0.723338714399168,0.5148922823106132,0.6133498093072172,0.6151842943654455,6.685504541004775,0.22901070798980072,10.461842374992557,10.519096176998573
free,30.0,0.000888858741621725,0.05,1.1999999999999993,2.0,0.0,0.0,735471,3 7 9 10 12 13 15 19,0 1 11 12 15 18 21 22,23.15201457514967,23.514677336874882,18.193226637637572,18.197694150575696,0.27224990065113497,21.59701763766054,0.18679968236400457,0.07200054024022062,0.07200054024022062,23.514677336874882,23.397078606052755,-0.24506403090308382,0,0.01566441488484882,1.0156644148848488,114,114,0,1,999.6875972324448,985.1735843012231,0.014518548565974565,0.7194986105068364,0.038649041200722045,0.7290551740055751,0.030115401430058225,0.030115401430058225,0.030144347981795286,0.2608061670034658,0.20010020799236372,4.1108344579988625,4.160860301999492
free,30.0,0.000888858741621725,0.05,2.4000000000000004,2.0,0.0,0.0,735471,3 7 8 9 11 15 22 23,0 1 2 7 11 12 13 19,44.880508079038826,45.53797891241709,44.21079929691328,44.91356966670856,-0.0007361157867227242,44.21079929691328,-0.015647172447221358,0.015148081300857763,0.015148081300857763,45.53797891241709,45.21802270605635,-0.33751462701752644,0,0.014649362529951526,1.0146493625299515,23,23,0,1,999.6071089352856,987.8529567806315,0.01175877207113285,0.7298365135345217,0.015360941017124704,0.731166772150806,0.015167338516430824,0.015167338516430824,0.01517356107577559,0.1925705420144368,0.18464966700412333,3.7722580840054434,3.818421541771386
free,30.0,0.000888858741621725,0.05,3.5999999999999996,2.0,0.0,0.0,735471,9 10 12 13 14 15 17 18,0 1 3 4 19 20 22 23,58.34072368140812,58.36544285149544,43.07010063713849,43.07796155335304,0.35430557941215013,56.3379921126224,0.30781471734326393,0.03554850809702548,0.03554850809702548,58.36544285149544,58.054391794631115,0.28633188677700616,1,0.00042370352178533466,1.0004237035217853,12,12,0,1,999.7732688489768,996.3153877681162,0.0034586652680178576,0.7181842617370414,0.015782873992239273,0.7189111272628437,0.011428551906525593,0.011428551906525593,0.011433331780035492,0.13010020801448263,0.21854787500342354,3.8723916249873582,3.9270292607398005
free,30.0,0.000888858741621725,0.05,4.799999999999999,2.0,0.0,0.0,735471,2 4 5 6 10 11 14 21,0 2 4 7 10 17 19 23,133.34110637909524,133.99487803446476,101.67023972317358,101.70942048427229,0.3110005518093999,133.34110637909524,0.3110005518093999,0.0,0.0,133.99487803446468,133.5293615213218,-0.18825514222655215,0,0.004903001580853328,1.004903001580854,2,2,0,1,999.7517473307473,994.1299794051645,0.00562316389102846,0.7204300008416806,0.0061943592868703694,0.719711571361532,0.004482328440446647,0.004505805182700059,0.004508451993033655,0.21608054099488072,0.17313650000141934,3.9714561669970863,4.014741875012987
free,30.0,0.000888858741621725,0.05,6.0,2.0,0.0,0.0,735471,2 5 8 9 13 14 15 21,0 4 10 12 13 14 16 23,214.74855735346543,218.15568205663516,169.10325363847178,169.1729126435163,0.26940273119247404,211.47895651309764,0.2500757550869226,0.015460643906502813,0.015460643906502813,218.15568205663502,213.32252005822534,1.4260372952400928,1,0.015865646527075894,1.0158656465270766,4,4,0,1,999.7335995595387,998.6155715356999,0.0011183259463634077,0.7195133953366041,0.003364265379098319,0.7301479845938281,0.002458053783004955,0.002458053783004956,0.0024597214768120788,0.1542763329925947,0.1959454579919111,3.965820542012807,4.014807947525696
free,30.0,0.000888858741621725,0.05,-6.0,4.0,0.0,0.0,735471,3 5 6 12 13 15 17 20,0 1 3 4 8 9 19 22,26.861017471936503,27.06541575959544,17.302275344749305,17.304673779920343,0.5522406150819765,25.95010261586907,0.49960079836815763,0.03510255314020938,0.03510255314020938,28.750803353363462,28.750803353363462,-1.8897858814269597,0,0.07035421809324038,1.007609476739758,502,248,0,1,999.8226317698217,980.0005341111765,0.019825614092728983,0.7192427641592052,0.040674638687251276,0.7207670555128138,0.02574169672129526,0.024122815676447983,0.025943429638740707,0.2508272910199594,0.22300525000900961,4.1899247499823105,4.245677104489005
free,30.0,0.000888858741621725,0.05,-4.8,4.0,0.0,0.0,735471,8 11 13 14 17 18 20 21,4 5 13 14 18 19 21 22,22.942233684337243,23.670656349043124,17.485740267954075,17.624341833657642,0.30173562796676423,22.942233684337243,0.30173562796676423,0.0,0.0,24.163139935122334,24.163139935122334,-1.2209062507850916,0,0.053216538005129266,1.0317502940092176,43,43,0,1,999.7963465298604,972.8922543223607,0.026909572435306117,0.7171572138485807,0.039802431782431084,0.735032526504218,0.030163618877315588,0.028805333002990072,0.030383411293925387,0.30672841702471487,0.2144912910007406,4.088576041976921,4.142199905742018
free,30.0,0.000888858741621725,0.05,-3.6,4.0,0.0,0.0,735471,0 1 2 8 9 14 15 18,2 6 10 11 14 15 17 18,20.068307480910654,20.626219354897486,12.601707957700878,12.6034683912754,0.5922845091437448,19.95969831440864,0.5836671061297303,0.00544142325155339,0.00544142325155339,21.535872671822506,21.535872671822506,-1.4675651909118521,0,0.07312849837027002,1.02780064410103,421,394,0,1,999.6648657134067,991.9724339720046,0.007695010603290919,0.7207809231704037,0.056300234037740156,0.7374720660971937,0.034865248853577904,0.03274506234242824,0.03494432609455657,0.37423945899354294,0.22636483400128782,4.262453667004593,4.319046208518557
free,30.0,0.000888858741621725,0.05,-2.4000000000000004,4.0,0.0,0.0,735471,5 10 13 15 16 17 21 22,0 4 6 8 10 12 21 22,19.165394234143985,19.656014054501576,14.10760342582309,14.425774543866531,0.32855218108844064,18.3640140200807,0.27300020974531347,0.043638619159569014,0.043638619159569014,19.913812487962844,19.913812487962844,-0.7484182538188584,0,0.03905050137113886,1.0255992553225715,207,136,0,1,999.7004012321315,995.8492618403798,0.0038522935341480657,0.7291589571596307,0.04965670849585118,0.7355839959303496,0.036533987715994025,0.03521775994752031,0.03666136442871422,0.17056574998423457,0.221722292015329,4.080872416991042,4.136303865001537
free,30.0,0.000888858741621725,0.05,-1.2000000000000002,4.0,0.0,0.0,735471,1 3 5 6 14 15 16 18,0 2 4 8 9 18 19 23,19.53573263260174,20.130406533412064,15.677809164166298,15.679595688270943,0.24593344248126003,19.212655459227772,0.22532849961174195,0.016815852137648912,0.016815852137648912,20.422217066016053,20.422217066016053,-0.8864844334143136,0,0.045377588344699404,1.0304403173402321,42,42,0,1,999.6985654212375,990.4778056074109,0.009223540107753614,0.720078871073319,0.04503572282217275,0.7303800641291768,0.0353935711694139,0.034653298902820186,0.03594679800705729,0.2620476250012871,0.1815564589924179,4.080969709000783,4.126360031761578
free,30.0,0.000888858741621725,0.05,0.0,4.0,0.0,0.0,735471,0 1 10 11 12 13 14 23,0 1 2 3 4 5 6 7,2.2544600573412383,2.6038425465566473,2.242826225665516,2.4993738820237663,-0.0979900712110423,2.2544600573412383,-0.0979900712110423,0.0,,2.7442730253844543,2.7442730253844543,-0.48981296804321595,0,0.21726398143459202,1.1549739096408953,735471,199936,1,0,2.820310488600012,2.790153507378942,0.010692787671062298,0.730486269604985,0.29137884672607867,0.723338714399168,0.27690778274721173,0.3142841969535322,0.3199465538451219,6.075796167016961,0.21776925001177005,9.666394291998586,9.720838020519295
free,30.0,0.000888858741621725,0.05,1.1999999999999993,4.0,0.0,0.0,735471,6 8 9 10 11 13 16 19,1 5 6 7 11 15 16 21,36.39430573119354,36.39995385411535,28.727546893755946,28.731168979843904,0.26671858554469674,35.751697237137506,0.24435233603682427,0.017974209442244815,0.017974209442244815,36.407499724717674,36.407499724717674,-0.013193993524133418,0,0.0003625290621445121,1.0001551924898233,11,11,0,1,999.9174758143083,998.3514412028103,0.0015661638578950976,0.719248668611285,0.02414488315436126,0.7198145145386002,0.018886290353992266,0.01886258510019029,0.018888727990039142,0.1725924169877544,0.1597853339917492,3.9768495000025723,4.016796666510345
free,30.0,0.000888858741621725,0.05,2.4000000000000004,4.0,0.0,0.0,735471,4 7 8 9 12 13 14 19,0 2 6 8 11 14 22 23,56.64630900239468,56.703176649782314,43.74450490867018,43.75356153300649,0.2946673828977844,53.93577758009506,0.23271742208705426,0.05025479457071813,0.05025479457071813,56.703176649782314,56.620015136681715,0.026293865712965214,1,0.0010039073752401428,1.0010039073752401,38,38,0,1,999.8922304018998,959.9623026181188,0.039934231479858084,0.7196379870791358,0.015558670599190007,0.7194430635538829,0.011799020598849843,0.011808507259994954,0.011811316297456527,0.14976491700508632,0.16800366598181427,3.3565745840023737,3.3985770414874423
free,30.0,0.000888858741621725,0.05,3.5999999999999996,4.0,0.0,0.0,735471,4 6 7 8 14 15 18 22,4 5 7 8 10 11 19 23,96.02409632652275,96.05714467948914,85.66779379825981,85.69484883995162,0.12053522033585251,94.1185134346033,0.09829837742504433,0.020246631851484898,0.020246631851484898,96.57106169696392,96.57106169696392,-0.5469653704411712,0,0.005696126195046558,1.000344167289573,7,7,0,1,999.7906048061114,991.9813209979972,0.007810919377091663,0.7190261234666923,0.0075016820341673165,0.719481460989479,0.0066012812515058045,0.006601281251505806,0.0066036204800702224,0.17153570801019669,0.1696197090204805,3.6652294590021484,3.7076351772702765
free,30.0,0.000888858741621725,0.05,4.799999999999999,4.0,0.0,0.0,735471,1 2 7 8 10 13 17 20,0 1 5 8 10 13 19 20,147.54049550226765,147.59696277969505,131.28372722288196,131.3274663336731,0.12345497572762842,132.64837126745957,0.010058101101488859,0.11226767500055468,0.11226767500055468,147.59696277969505,145.59426253158227,1.9462329706853723,1,0.00038272392427018964,1.0003827239242702,92,92,0,1,999.6351031805643,997.8562749501066,0.0017794775561582599,0.7200762518932269,0.004594200301516117,0.7201609661663883,0.003990380997486653,0.003990380997486653,0.0039920887441669455,0.18435508300899528,0.20269804101553746,3.658299040980637,3.708974551242136
free,30.0,0.000888858741621725,0.05,6.0,4.0,0.0,0.0,735471,3 4 8 10 11 15 16 22,0 5 12 13 16 19 22 23,204.43389301750094,204.5150069748742,190.30089691483295,190.3716459514075,0.07386733983317484,192.9441188164617,0.013512899214575436,0.05954975083728198,0.05954975083728198,204.5150069748742,204.0332813047393,0.40061171276164487,1,0.00039677352994660353,1.0003967735299466,14,14,0,1,999.7803609896944,994.75702642701,0.005024438125301511,0.7193655074579595,0.0028898841686621837,0.7178336563127176,0.0026210727149041393,0.0026210727149041393,0.0026223492616575597,0.1836927919939626,0.1720348329981789,4.131836291984655,4.174845958244987
free,30.0,0.000888858741621725,0.08,0.0,0.0,0.0,0.0,735471,9 10 11 12 13 14 15 16,0 1 2 3 4 5 6 7,0.5713379558858052,0.9982540045397243,0.5601650798078706,0.9982200141803326,-0.4276432572282701,0.5713379558858052,-0.4276432572282701,0.0,,0.9982540119729708,0.9982535488987114,-0.42691559301290627,0,0.7472215904600157,1.7472215774497712,735471,199936,1,0,0.9990009991701585,0.9990005490625925,4.5055767350365983e-07,0.4984739630295087,0.4984739630295087,0.5081953638951119,0.5081953638951119,0.8881933200451229,0.8884731284790698,6.3864306659961585,0.20271404201048426,9.875988790998235,9.926668510503077
free,30.0,0.000888858741621725,0.08,-6.0,1.0,0.0,0.0,735471,7 10 11 12 14 15 16 21,5 6 7 8 9 10 11 22,6.1632897544119105,7.056501406600214,4.226032898829624,4.515413820721824,0.3649446095345166,6.1632897544119105,0.3649446095345166,0.0,0.0,7.883006591280123,7.883006591280123,-1.719716836868212,0,0.2790257971624934,1.144924494511865,56416,56416,0,1,999.8000329218312,991.5597156495161,0.008241965394053308,0.5063638088424524,0.11125231567713977,0.5676078939453786,0.07954872090861023,0.06385294035503535,0.08045790990659779,2.1332519999996293,0.27678304197615944,5.706128666992299,5.775325052491098
free,30.0,0.000888858741621725,0.08,-4.8,1.0,0.0,0.0,735471,3 4 5 8 14 17 18 23,6 7 9 10 13 15 16 19,4.510109210242206,5.021480168510413,3.546428679149929,3.79663773124564,0.18792192711061806,4.466949147169389,0.17655395730996615,0.009662089639002502,0.009662089639002502,5.810498650392426,5.810498650392426,-1.3003894401502203,0,0.28832770550147835,1.113383276198038,64077,63056,0,1,999.6472701680337,818.3658311964552,0.18134540490577877,0.5189680893624412,0.13580263676015553,0.5364141626890059,0.10593505466400054,0.08759200792431064,0.10976416000697664,2.34666391601786,0.11495474999537691,6.144458124996163,6.173197520474787
free,30.0,0.000888858741621725,0.08,-3.6,1.0,0.0,0.0,735471,3 5 6 7 8 12 19 23,3 4 6 7 11 12 20 23,3.2752453395034524,3.7445700747924366,2.8230115408527268,3.3283698465583273,-0.01596111895732022,3.246215152643163,-0.024683162539798853,0.008942779666545553,0.008942779666545553,4.063949798429231,4.063949798429231,-0.7887044589257788,0,0.24080774939606542,1.1432945280856843,19295,18485,0,1,999.6527834769365,924.0016633222693,0.0756773965971882,0.5898057816231072,0.17631674304358577,0.5640300712925168,0.149737263891103,0.12259106539645136,0.15183434563114984,0.8807344590022694,0.12434424998355098,4.639474833995337,4.670562021499791
free,30.0,0.000888858741621725,0.08,-2.4000000000000004,1.0,0.0,0.0,735471,5 6 7 8 15 19 21 23,3 9 12 13 15 16 18 19,2.553704572041598,2.7878974799101885,2.043327753823758,2.17658953126069,0.17325960424080566,2.5167391104733507,0.15627640137350318,0.014687840076238468,0.014687840076238468,3.156546615920058,3.156546615920058,-0.6028420438784603,0,0.23606569470818206,1.0917071263577531,20417,18712,0,1,999.6837396669644,866.1019797147923,0.13362401992921646,0.49780336466413844,0.22781910732849375,0.517855566442061,0.1848624359791381,0.16195089542533905,0.19399041272689224,0.8818430829851422,0.15069908398436382,4.176512667007046,4.214188728990848
free,30.0,0.000888858741621725,0.08,-1.2000000000000002,1.0,0.0,0.0,735471,1 2 4 7 14 16 17 19,2 3 4 5 6 11 12 13,2.3027865055771395,2.3303925477759706,2.1549534628351,2.1838567137109908,0.054458605786481984,2.2928584693861547,0.0499125034123411,0.004329982126477505,0.004329982126477505,2.396258489902864,2.396258489902864,-0.09347198432572457,0,0.04059081643015716,1.0119881031663038,316,276,0,1,999.6123505443348,999.5688529137128,4.35144989938685e-05,0.5010918224452134,0.22856384266465166,0.5044291727648729,0.21556788080909434,0.20630554784118732,0.2181333619581797,0.2965173329866957,0.18643475000862963,3.7077390420017764,3.7543488544833963
free,30.0,0.000888858741621725,0.08,0.0,1.0,0.0,0.0,735471,0 1 10 11 12 13 14 23,0 1 2 3 4 5 6 7,0.6347195078696386,1.0917971045174104,0.6250680102764954,1.079294163529616,-0.4119124059802981,0.6347195078696386,-0.4119124059802981,0.0,,1.106805245372681,1.106805245372681,-0.4720857375030425,0,0.7437706445915657,1.7201253324982857,735471,199936,1,0,1.11017508944747,1.10996125988451,0.0001926088641264201,0.5253718014836776,0.48588464493929695,0.5082004893867303,0.4645826902156015,0.7994095674549302,0.7996635955648065,7.1110005830123555,0.168483457993716,11.30595345798065,11.3480755314813
free,30.0,0.000888858741621725,0.08,1.1999999999999993,1.0,0.0,0.0,735471,2 4 8 10 12 14 18 20,0 1 2 3 6 7 8 9,5.432358786713183,5.434749979416006,2.7031537615686205,2.704015002497764,1.0089972805976233,5.371096742537774,0.986341324872962,0.01140587241526081,0.01140587241526081,5.434749979416004,5.396026922408312,0.0363318643048709,1,0.00044017576833654815,1.0004401757683368,5,5,0,1,999.7589445099067,998.8010960751923,0.0009580793850101355,0.5000343004878304,0.18403404295305698,0.507119642544068,0.09242171570334305,0.0922433051916899,0.09245016648095933,0.27457249999861233,0.18948579099378549,4.052484249987174,4.099856655746407
free,30.0,0.000888858741621725,0.08,2.4000000000000004,1.0,0.0,0.0,735471,4 10 12 13 16 17 20 21,0 3 7 9 10 18 20 23,12.668275938734899,12.773207027402382,11.317032055963839,11.953701192676052,0.059778535078044426,12.20418813718537,0.020954760410339723,0.03802692947148878,0.03802692947148878,13.176103497331104,13.176103497331104,-0.5078275585962047,0,0.04008655645425718,1.0082829809813854,80,80,0,1,999.804573897229,988.600214766576,0.011206549182885439,0.4966145115495988,0.04065597356971889,0.49968925378984264,0.03823125046179591,0.037768550336664694,0.03854983481849022,0.206876749987714,0.2007917080190964,3.6864341250038706,3.7366326770134037
free,30.0,0.000888858741621725,0.08,3.5999999999999996,1.0,0.0,0.0,735471,3 7 8 9 12 14 17 23,3 4 8 11 13 16 20 21,26.069847552319445,26.19594477464466,19.54718327418417,19.55869307113769,0.3329033518497264,25.613018818889852,0.3095465390111567,0.01783580204503954,0.01783580204503954,26.462480498940618,26.462480498940618,-0.3926329466211733,0,0.015060807157893707,1.0048368991062242,19,19,0,1,999.7606896494867,989.355918891165,0.010407261323676975,0.4993545840978815,0.024642222618551955,0.49892250305747354,0.018156932786400813,0.018156932786400813,0.018246469911429097,0.140794790990185,0.17709483299404383,3.885506833990803,3.9297817502520047
free,30.0,0.000888858741621725,0.08,4.799999999999999,1.0,0.0,0.0,735471,2 3 7 8 13 14 15 16,3 7 9 10 11 18 19 20,47.71218230858788,47.75438977785255,28.731587922403765,28.74802203069945,0.659668350665551,43.16713403271733,0.5015688379054388,0.10528955367816994,0.10528955367816994,47.75438977785254,47.541288989839536,0.17089331874834102,1,0.000884626676509459,1.0008846266765097,110,110,0,1,999.8074516821902,999.1464480873123,0.0006611308945194683,0.501422928749339,0.01655313877089859,0.4988111944521365,0.009556488728475658,0.009556488728475662,0.009564197349925719,0.19203291600570083,0.20226712501607835,4.192216124996776,4.242783406254603
free,30.0,0.000888858741621725,0.08,6.0,1.0,0.0,0.0,735471,3 6 10 11 12 13 17 20,0 1 2 4 8 15 16 22,72.53860573507306,73.48986574793281,57.071739909394324,57.1070371692605,0.2702218383362225,72.53860573507306,0.2702218383362225,0.0,0.0,73.48986574793285,73.33381253935964,-0.795206804286579,0,0.01311384473440258,1.013113844734402,4,4,0,1,999.8207317155427,989.887731155319,0.009934781551468874,0.49951832867994855,0.00785819509693442,0.5026858460449198,0.005951347604231612,0.005976995047704738,0.006040069593202724,0.17827254201984033,0.23293795899371617,3.7366779999865685,3.794913156736584
free,30.0,0.000888858741621725,0.08,-6.0,2.0,0.0,0.0,735471,1 10 13 14 17 18 21 22,12 13 15 16 18 19 21 22,6.532265109889374,7.363218230542691,5.242211059306399,6.113377456900778,0.06851984127297017,6.4843386706602955,0.06068024040308129,0.007391106736286179,0.007391106736286179,8.544288207255708,8.544288207255708,-2.012023097366334,0,0.30801308022852236,1.1272075010236977,73255,72764,0,1,999.7422545106303,865.6457436748535,0.1341310825172799,0.5751282526933603,0.0931881480762962,0.532976266985284,0.0714947445005712,0.059138025686085074,0.07464199237404237,2.7169929170049727,0.19663004198810086,6.38627295801416,6.435431426492869
free,30.0,0.000888858741621725,0.08,-4.8,2.0,0.0,0.0,735471,6 7 11 12 13 16 17 23,2 5 6 11 15 16 19 23,4.986378983642002,5.679037216888685,4.207983750405262,4.502068237969866,0.10757516769459885,4.986378983642002,0.10757516769459885,0.0,0.0,6.288516880674077,6.288516880674077,-1.3021378970320754,0,0.26113897505660644,1.138910065905334,47511,47511,0,1,999.8232954745631,972.8923765371259,0.026935678593740464,0.5110817464399275,0.11263268722907895,0.5593181792783039,0.097599345846115,0.07836727542713304,0.09912296918752822,1.59320254198974,0.19543712501763366,5.448860667005647,5.497720823266718
free,30.0,0.000888858741621725,0.08,-3.6,2.0,0.0,0.0,735471,3 4 6 7 8 9 11 12,0 7 8 9 20 21 22 23,3.009683284185414,3.0656964601682244,2.085583939137871,2.086362331170577,0.4425506247022768,3.009683284185414,0.4425506247022768,0.0,0.0,3.3893613317122218,3.3893613317122218,-0.37967804752680756,0,0.12615216010330776,1.0186109868361017,5528,5528,0,1,999.8411453692424,564.1856242961292,0.43572473796547473,0.5039138360976735,0.24063862120235663,0.49691727649968925,0.1612006641305878,0.15768478213677603,0.164194342481793,0.4832931670243852,0.17868191600427963,4.256180291995406,4.300851646003139
free,30.0,0.000888858741621725,0.08,-2.4000000000000004,2.0,0.0,0.0,735471,2 8 12 14 15 16 21 22,6 15 16 17 18 20 21 22,3.2057706561346717,3.6314795482242768,2.5864999932298107,3.0478218652250595,0.051823498187925976,3.2057706561346717,0.051823498187925976,0.0,0.0,3.76587489360715,3.76587489360715,-0.5601042374724785,0,0.17471750089191307,1.1327945563650832,9535,9535,0,1,999.7186234277896,984.5232095006211,0.015199690764054363,0.5852961237480527,0.19114865185771668,0.5437267272895354,0.14883709181630095,0.1297012670825897,0.15305115725085477,0.5243512919987552,0.1691942919860594,4.4240513750119135,4.466350573013187
free,30.0,0.000888858741621725,0.08,-1.2000000000000002,2.0,0.0,0.0,735471,0 3 9 10 15 20 21 22,0 1 2 3 15 21 22 23,2.9775615362409984,3.279246995849164,2.7301881743187737,3.166478872474796,-0.05966164431918264,2.9775615362409984,-0.05966164431918264,0.0,0.0,3.52186065377371,3.52186065377371,-0.5442991175327117,0,0.18280029175143708,1.10131963888445,3498,3498,0,1,999.4835646594854,937.1267589652432,0.06238902559191817,0.5707782745814892,0.17936760200507235,0.519347735811505,0.15748522423196634,0.1440689608496134,0.16701047519931192,0.33258970800670795,0.19169825001154095,4.263314374984475,4.3112401035032235
free,30.0,0.000888858741621725,0.08,0.0,2.0,0.0,0.0,735471,0 1 10 11 12 13 14 23,0 1 2 3 4 5 6 7,0.8247797779318632,1.3709154361080023,0.8122674007841396,1.3226257004282502,-0.3764072649844854,0.8247797779318632,-0.3764072649844854,0.0,,1.4316396750777054,1.4316396750777054,-0.6068598971458422,0,0.7357841612794442,1.6621593700388426,735471,199936,1,0,1.4468465144686231,1.444061872275171,0.0019246286082216235,0.5253718014836776,0.39632994723921516,0.5082004893867303,0.36981270023235846,0.6133585054801393,0.6151862117400224,6.792963541985955,0.20324320899089798,10.470543749979697,10.52135534422996
free,30.0,0.000888858741621725,0.08,1.1999999999999993,2.0,0.0,0.0,735471,3 7 9 10 12 13 15 19,0 1 2 5 8 11 12 13,6.748239637098346,7.095273490693036,5.258306077691063,5.350051800486901,0.26134099047119475,6.581083905555595,0.23009723101310153,0.02539942263942896,0.02539942263942896,7.197684499082599,7.197684499082599,-0.4494448619842526,0,0.06660179337933347,1.051425834329723,148,133,0,1,999.6875972324448,885.245470198346,0.11447789024383481,0.5000802814846852,0.09258318604104253,0.5049463101814895,0.0702777158581924,0.0702777158581924,0.0739269585919084,0.2843655420001596,0.1848492089775391,3.9909677499963436,4.037181218256592
free,30.0,0.000888858741621725,0.08,2.4000000000000004,2.0,0.0,0.0,735471,3 7 8 9 11 15 22 23,0 1 2 3 4 5 6 7,13.631835219800246,13.684409234030408,12.640295103069697,13.578651291888754,0.003916731254691053,13.631835219800246,0.003916731254691053,0.0,0.0,13.908290319953798,13.908290319953798,-0.27645510015355157,0,0.020280108708473854,1.0038567084609267,8,8,0,1,999.6071089352856,761.9779596503073,0.2377225483501062,0.524019679100416,0.037702579232298465,0.5081955144697694,0.03624796651540056,0.03624796651540056,0.03638611206224728,0.2709724579763133,0.22184300000662915,3.8367917500145268,3.8922539580016746
free,30.0,0.000888858741621725,0.08,3.5999999999999996,2.0,0.0,0.0,735471,9 10 12 13 14 15 17 18,0 1 3 4 19 20 22 23,17.116465083215278,17.125586474597405,12.385059877086746,12.38963137166071,0.38151528239705645,16.512797465233486,0.33279166828190343,0.036557562051661385,0.036557562051661385,17.125586474597394,17.09798541200629,0.018479671208986304,1,0.0005329015855650709,1.0005329015855657,19,19,0,1,999.7732688489768,996.3153877681162,0.0034586652680178576,0.4973601036991061,0.03925439401380225,0.49931830513121217,0.028267416044754627,0.028267416044754634,0.028278865963588126,0.13728920900030062,0.19696562498575076,3.9179688340227585,3.9672110732499277
free,30.0,0.000888858741621725,0.08,4.799999999999999,2.0,0.0,0.0,735471,2 4 5 6 10 11 14 21,0 1 4 5 6 8 9 14,41.2262423551278,41.25286173522467,30.607392795225895,30.623111099399758,0.3462460499624376,41.2262423551278,0.3462460499624376,0.0,0.0,41.80155364256571,41.80155364256571,-0.5753112874379056,0,0.013954977571860816,1.0006456901860608,7,7,0,1,999.7517473307473,928.7450588351877,0.0710243204726988,0.5020878174838278,0.01550685676403339,0.505630617812829,0.011368002880685683,0.011191359090256876,0.011374263846559084,0.1971991670143325,0.18400991699309088,3.986200708022807,4.032204687253397
free,30.0,0.000888858741621725,0.08,6.0,2.0,0.0,0.0,735471,2 5 8 9 13 14 15 21,0 4 10 12 13 14 16 23,71.33460792596844,72.46577084313526,53.634632767213844,53.666097017460395,0.32923040598163045,69.72934175552959,0.29931829648135166,0.023021387123757675,0.023021387123757675,72.96878759162925,72.96878759162925,-1.6341796656608096,0,0.02290865139900644,1.0158571407351218,16,16,0,1,999.7335995595387,998.6155715356999,0.0011183259463634077,0.5001797426896158,0.008431359617594544,0.4994600502028847,0.006003499462695906,0.006090715665530551,0.006111856192155221,0.20986116598942317,0.17962020900449716,3.7807893340068404,3.8256952612646273
free,30.0,0.000888858741621725,0.08,-6.0,4.0,0.0,0.0,735471,3 5 6 12 13 15 17 20,0 2 6 7 10 14 18 23,8.537738283487283,9.781862174293998,5.965653419081047,6.190154648864912,0.379244747149063,8.534767222174093,0.37876478154533877,0.0003481127529139094,0.0003481127529139094,10.662129960718632,10.662129960718632,-2.1243916772313494,0,0.2488237056106657,1.1457205467650557,28914,28791,0,1,999.8226317698217,976.124374766809,0.023702461066582914,0.4996308322633286,0.0798249296214761,0.5560478654836618,0.0559559276166357,0.04578030232320126,0.0577918562480574,1.1174305000167806,0.2032803329930175,5.035335374996066,5.086156042241782
free,30.0,0.000888858741621725,0.08,-4.8,4.0,0.0,0.0,735471,8 11 13 14 17 18 20 21,3 4 13 14 18 19 21 22,7.1181390824495665,8.104773167439067,5.648086296913822,6.135749953180997,0.16010905541534703,6.94360916969277,0.1316642990141652,0.025135330703602632,0.025135330703602632,8.589010316619634,8.589010316619634,-1.4708712341700672,0,0.20663704616233702,1.138608430316027,15713,11908,0,1,999.7963465298604,977.7303025400984,0.022070538731562617,0.5103685283222248,0.08229062742007087,0.5549158164903987,0.06757892006306752,0.056889996594471214,0.06884167577174592,0.6551957500050776,0.19062354101333767,4.340067874989472,4.387724885251373
free,30.0,0.000888858741621725,0.08,-3.6,4.0,0.0,0.0,735471,0 1 2 8 9 14 15 18,2 3 5 6 9 11 17 23,6.237999006443805,6.754560105762841,4.153734245182415,4.316258501791998,0.4452329497535772,6.236905372431738,0.4449795742869289,0.00017534882233438687,0.00017534882233438687,7.668284659587545,7.668284659587545,-1.4302856531437405,0,0.22928597001478623,1.0828087819163537,12806,12787,0,1,999.6648657134067,963.20975472735,0.036467332439497846,0.5028737831863423,0.1156180147409471,0.5167940020517813,0.0756215274211817,0.06626898939969944,0.0795167903129579,0.8063826659927145,0.17859116700128652,4.815844500000821,4.860493166728702
free,30.0,0.000888858741621725,0.08,-2.4000000000000004,4.0,0.0,0.0,735471,5 10 13 15 16 17 21 22,3 5 7 9 11 12 20 21,5.683987615154256,6.2546737338795415,4.362771704000984,4.729805825517463,0.20173804693819553,5.645030382868452,0.19350150748542805,0.006901155466590758,0.006901155466590758,6.819520289063475,6.819520289063475,-1.1355326739092195,0,0.1997774715204763,1.100402421216359,6508,6152,0,1,999.7004012321315,981.4521520268388,0.018253717996713603,0.5231844705244829,0.10972550679995821,0.5279040841305003,0.08351267946668078,0.0738967230915278,0.08707062562510198,0.5105554579931777,0.2029385829810053,4.327017167001031,4.377752812724793
free,30.0,0.000888858741621725,0.08,-1.2000000000000002,4.0,0.0,0.0,735471,1 3 5 6 14 15 16 18,1 5 8 13 15 18 22 23,5.855293947506323,6.349433805486686,4.80224173298222,4.998486719335389,0.1714133249282408,5.855293947506323,0.1714133249282408,0.0,0.0,6.782651398958786,6.782651398958786,-0.9273574514524636,0,0.15837931618230883,1.0843919814121048,1406,1406,0,1,999.6985654212375,949.1853625933138,0.05052843384509531,0.5013916223388047,0.09941982476438767,0.5080628380011961,0.07912817168433024,0.0759575116565595,0.08408938164295768,0.34957474999828264,0.2218467079801485,4.280220292013837,4.335682510980405
free,30.0,0.000888858741621725,0.08,0.0,4.0,0.0,0.0,735471,0 1 10 11 12 13 14 23,0 1 2 3 4 5 6 7,1.5837573362810244,2.470831172358688,1.559820442607667,2.288700862446439,-0.3080103379748309,1.5837573362810244,-0.3080103379748309,0.0,,2.7229074556826043,2.7229074556826043,-1.1391501194015798,0,0.7192706188667322,1.5601071677815799,735471,199936,1,0,2.820310488600012,2.790153507378942,0.010692787671062298,0.5253718014836776,0.22866136781008978,0.5082004893867303,0.2047911144884373,0.3143384437846607,0.31994707248404725,6.630995041981805,0.1729932090092916,10.029583249997813,10.07283226124855
free,30.0,0.000888858741621725,0.08,1.1999999999999993,4.0,0.0,0.0,735471,6 8 9 10 11 13 16 19,0 1 5 8 10 16 18 21,10.673270620012545,10.754094903641372,8.445251343691641,8.588427076490392,0.2427503342526034,10.627392892053322,0.23740852631144893,0.004316931577219352,0.004316931577219352,11.380148120403085,11.380148120403085,-0.7068775003905401,0,0.0662287620689701,1.0075725882446267,94,94,0,1,999.9174758143083,955.605111227283,0.04431602173063165,0.4995419845628069,0.05727568991365331,0.5012211416449818,0.04571860996085985,0.043826371133294746,0.04606375182088951,0.19951258299988694,0.1715771669987589,3.732873875007499,3.7757699997455347
free,30.0,0.000888858741621725,0.08,2.4000000000000004,4.0,0.0,0.0,735471,4 7 8 9 12 13 14 19,0 2 6 8 11 14 22 23,16.99049375870854,17.11449131879671,12.919966749136268,12.942565907651383,0.31276084510136437,16.07928428467569,0.24235676290201025,0.05666977820034402,0.05666977820034402,17.295762813247542,17.295762813247542,-0.30526905453900355,0,0.017967050214920066,1.0072980551271276,249,135,0,1,999.8922304018998,959.9623026181188,0.039934231479858084,0.5003569590724373,0.03777093736392767,0.5002276993331616,0.02833945368760984,0.028284367358109578,0.028548583799894348,0.20516991600743495,0.19071033300133422,3.6193441250070464,3.667022791240015
free,30.0,0.000888858741621725,0.08,3.5999999999999996,4.0,0.0,0.0,735471,4 6 7 8 14 15 18 22,0 3 5 6 7 9 14 23,29.125966207160644,29.46207959652526,25.762256664414437,25.774227810718116,0.13004224301333744,29.008065545609973,0.1254678804983278,0.004064409650663903,0.004064409650663903,30.154540573231618,30.154540573231618,-1.0285743660709734,0,0.03531468651563907,1.0115399910503906,13,13,0,1,999.7906048061114,995.2891723576566,0.004502375224187838,0.4992100860762782,0.018479717098647815,0.5028745727792566,0.016179677480735278,0.01607148153942947,0.01637383860973616,0.2392584579938557,0.17006937498808838,3.7316626669780817,3.7741810107327183
free,30.0,0.000888858741621725,0.08,4.799999999999999,4.0,0.0,0.0,735471,1 2 7 8 10 13 17 20,1 2 6 9 11 14 20 21,46.16398638473605,46.19630787315008,40.708953399889765,40.72826691855648,0.1334630682186717,43.25770379814706,0.06210519305053297,0.06718531802220795,0.06718531802220795,46.674331089803175,46.674331089803175,-0.5103447050671264,0,0.011055039762247976,1.0007001450902586,63,63,0,1,999.6351031805643,998.1604548493493,0.0014751866221215382,0.5013849042380877,0.01142163080709139,0.5005376966721509,0.009946156429862794,0.00985850454305478,0.009952275858172365,0.20384574998752214,0.18503037499613129,3.7445250829914585,3.7907840937477886
free,30.0,0.000888858741621725,0.08,6.0,4.0,0.0,0.0,735471,3 4 8 10 11 15 16 22,0 4 12 13 16 20 22 23,67.47317205717592,67.51280683009306,61.54296337738253,61.575831397855545,0.0957736262011033,63.23290469854816,0.026911099096427638,0.0670579246492391,0.0670579246492391,68.94844981821718,68.94844981821718,-1.4752777610412693,0,0.021864656960119522,1.0005874152897918,53,53,0,1,999.7803609896944,995.680590993126,0.004100670663814587,0.499897846559612,0.007229551277557027,0.49694751787113106,0.00647193013983865,0.00647193013983865,0.00647503803154921,0.18777654200675897,0.14948729201569222,3.979240041982848,4.016612697996607
free,40.0,8.888587416217251e-05,0.0,0.0,0.0,0.0,0.0,735471,9 10 11 12 13 14 15 16,9 10 11 12 13 14 15 16,0.9999000100159464,0.9999000100159464,0.9999000100159464,0.9999000100159464,0.0,0.9999000100159464,0.0,0.0,0.0,0.9999000100159464,0.9999000099990001,1.6946333225575927e-11,1,0.0,1.0,0,0,0,1,0.9999000100159464,0.9999000100159464,0.0,0.888858892281503,0.888858892281503,0.888858892281503,0.888858892281503,0.8883314216468101,0.888858892281503,0.05985929101007059,0.18649212500895374,1.1300199579854961,1.1766438642443973
free,40.0,8.888587416217251e-05,0.0,-6.0,1.0,0.0,0.0,735471,2 6 14 17 18 19 20 23,2 6 14 17 18 19 20 23,9993.640554905342,9993.640554905342,9993.640554905342,9993.640554905342,0.0,9993.640554905342,0.0,0.0,0.0,9993.640554905342,9990.333609744675,3.306945160666146,1,0.0,1.0,0,0,0,1,9993.640554905342,9993.640554905342,0.0,0.8885931793255275,2.9989325569675125e-08,0.8885931793255275,2.9989325569675125e-08,2.9989325569673225e-08,2.9989325569675125e-08,0.02769925000029616,0.21611987499636598,0.5540412080008537,0.6080713857445517
free,40.0,8.888587416217251e-05,0.0,-4.8,1.0,0.0,0.0,735471,1 3 7 12 13 21 22 23,1 3 7 12 13 21 22 23,9993.012952819852,9993.012952819852,9993.012952819852,9993.012952819852,0.0,9993.012952819852,0.0,0.0,0.0,9993.012952819852,9989.077321462499,3.9356313573534862,1,0.0,1.0,0,0,0,1,9993.012952819852,9993.012952819852,0.0,0.8885277524210644,2.902634041690331e-08,0.8885277524210644,2.902634041690331e-08,2.9026340416908032e-08,2.902634041690331e-08,0.02591229201061651,0.2538966660213191,0.5835829999996349,0.6470576255014748
free,40.0,8.888587416217251e-05,0.0,-3.6,1.0,0.0,0.0,735471,1 16 17 18 19 21 22 23,1 16 17 18 19 21 22 23,9993.88068006852,9993.88068006852,9993.88068006852,9993.88068006852,0.0,9993.88068006852,0.0,0.0,0.0,9993.88068006852,9988.29590385472,5.584776213800069,1,0.0,1.0,0,0,0,1,9993.88068006852,9993.88068006852,0.0,0.8885166512807704,2.0195434275645157e-08,0.8885166512807704,2.0195434275645157e-08,2.0195434275646523e-08,2.0195434275645157e-08,0.028564249980263412,0.10911133300396614,0.5885633330035489,0.6158422912631067
free,40.0,8.888587416217251e-05,0.0,-2.4000000000000004,1.0,0.0,0.0,735471,5 6 7 8 15 19 21 23,5 6 7 8 15 19 21 23,9991.83260819807,9991.83260819807,9991.83260819807,9991.83260819807,0.0,9991.83260819807,0.0,0.0,0.0,9991.83260819807,9987.181824467321,4.650783730749026,1,0.0,1.0,0,0,0,1,9991.83260819807,9991.83260819807,0.0,0.8886270867037039,4.947148949560325e-08,0.8886270867037039,4.947148949560325e-08,4.947148949559672e-08,4.947148949560325e-08,0.03033162499195896,0.10666954101179726,0.6082116250181571,0.6348794262521551
free,40.0,8.888587416217251e-05,0.0,-1.2000000000000002,1.0,0.0,0.0,735471,1 2 4 7 14 16 17 19,1 2 4 7 14 16 17 19,9986.436023697475,9986.436023697475,9986.436023697475,9986.436023697475,0.0,9986.436023697475,0.0,0.0,0.0,9986.436023697475,9981.048707131195,5.387316566280788,1,0.0,1.0,0,0,0,1,9986.436023697475,9986.436023697475,0.0,0.8886099547363561,9.581586495174219e-08,0.8886099547363561,9.581586495174219e-08,9.581586495173375e-08,9.581586495174219e-08,0.051272082986542955,0.13005933398380876,0.7727877910074312,0.8053030834998935
free,40.0,8.888587416217251e-05,0.0,0.0,1.0,0.0,0.0,735471,0 1 10 11 12 13 14 23,0 1 10 11 12 13 14 23,1.1112857420127809,1.1112857420127809,1.1112857420127809,1.1112857420127809,0.0,1.1112857420127809,0.0,0.0,0.0,1.1112857420127809,1.1112806973999658,5.044612815030547e-06,1,0.0,1.0,0,0,0,1,1.1112857420127809,1.1112857420127809,0.0,0.8886162561116422,0.7995400686935121,0.8886162561116422,0.7995400686935121,0.7994629520702349,0.7995400686935121,0.04478845797711983,0.18811558399465866,0.8540336670121178,0.9010632709905622
free,40.0,8.888587416217251e-05,0.0,1.1999999999999993,1.0,0.0,0.0,735471,0 2 10 12 14 16 20 22,0 2 10 12 14 16 20 22,9994.380296960511,9994.380296960511,9994.380296960511,9994.380296960511,0.0,9994.380296960511,0.0,0.0,0.0,9994.380296960511,9994.292806538908,0.08749042160343379,1,0.0,1.0,0,0,0,1,9994.380296960511,9994.380296960511,0.0,0.8885923299459819,2.332316106926938e-08,0.8885923299459819,2.332316106926938e-08,2.332316106927085e-08,2.332316106926938e-08,0.038395749987103045,0.16031541701522656,0.8665818340086844,0.9066612292444916
free,40.0,8.888587416217251e-05,0.0,2.4000000000000004,1.0,0.0,0.0,735471,0 3 8 14 18 21 22 23,0 3 8 14 18 21 22 23,9995.653449715912,9995.653449715912,9995.653449715912,9995.653449715912,0.0,9995.653449715912,0.0,0.0,0.0,9995.653449715912,9995.206029733887,0.447419982025167,1,0.0,1.0,0,0,0,1,9995.653449715912,9995.653449715912,0.0,0.8884914083805912,1.902194844266106e-09,0.8884914083805912,1.902194844266106e-09,1.902194844264195e-09,1.902194844266106e-09,0.039226583001436666,0.1576470409927424,1.3244387080194429,1.3638509262455045
free,40.0,8.888587416217251e-05,0.0,3.5999999999999996,1.0,0.0,0.0,735471,3 7 8 9 12 14 17 23,3 7 8 9 12 14 17 23,9992.401296166941,9992.401296166941,9992.401296166941,9992.401296166941,0.0,9992.401296166941,0.0,0.0,0.0,9992.401296166941,9989.268812808432,3.1324833585094893,1,0.0,1.0,0,0,0,1,9992.401296166941,9992.401296166941,0.0,0.8886974698783676,5.145366705203255e-08,0.8886974698783676,5.145366705203255e-08,5.145366705202342e-08,5.145366705203255e-08,0.03592991700861603,0.20043100000475533,1.0131797500071116,1.0632885420127423
free,40.0,8.888587416217251e-05,0.0,4.799999999999999,1.0,0.0,0.0,735471,2 3 7 8 13 14 15 16,2 3 7 8 13 14 15 16,9995.347287222416,9995.347287222416,9995.347287222416,9995.347287222416,0.0,9995.347287222416,0.0,0.0,0.0,9995.347287222416,9994.281327048551,1.0659601738643687,1,0.0,1.0,0,0,0,1,9995.347287222416,9995.347287222416,0.0,0.8887145362196429,2.6948042187920335e-08,0.8887145362196429,2.6948042187920335e-08,2.6948042187921765e-08,2.6948042187920335e-08,0.04675887498888187,0.19543770799646154,1.0339734159933869,1.0828335929982131
free,40.0,8.888587416217251e-05,0.0,6.0,1.0,0.0,0.0,735471,0 1 2 5 12 19 21 22,0 1 2 5 12 19 21 22,9994.963354734233,9994.963354734233,9994.963354734233,9994.963354734233,0.0,9994.963354734233,0.0,0.0,0.0,9994.963354734233,9993.730217936167,1.2331367980659707,1,0.0,1.0,0,0,0,1,9994.963354734233,9994.963354734233,0.0,0.88844609333724,3.5055989265531264e-09,0.88844609333724,3.5055989265531264e-09,3.5055989265535155e-09,3.5055989265531264e-09,0.04906487499829382,0.20461229200009257,1.1019132499932311,1.1530676149995998
free,40.0,8.888587416217251e-05,0.0,-6.0,2.0,0.0,0.0,735471,1 10 13 14 17 18 21 22,1 10 13 14 17 18 21 22,9996.82446390163,9996.82446390163,9996.82446390163,9996.82446390163,0.0,9996.82446390163,0.0,0.0,0.0,9996.82446390163,9996.373532255075,0.45093164655554574,1,0.0,1.0,0,0,0,1,9996.82446390163,9996.82446390163,0.0,0.8886355494575601,5.908690113083146e-09,0.8886355494575601,5.908690113083146e-09,5.908690113083146e-09,5.908690113083146e-09,0.05164399999193847,0.20736370800295845,1.1452817920071539,1.1971235100209014
free,40.0,8.888587416217251e-05,0.0,-4.8,2.0,0.0,0.0,735471,6 7 11 12 13 16 17 23,6 7 11 12 13 16 17 23,9994.70695628616,9994.70695628616,9994.70695628616,9994.70695628616,0.0,9994.70695628616,0.0,0.0,0.0,9994.70695628616,9991.849361426626,2.857594859533492,1,0.0,1.0,0,0,0,1,9994.70695628616,9994.70695628616,0.0,0.8887365134054726,3.484330283557563e-08,0.8887365134054726,3.484330283557563e-08,3.484330283557111e-08,3.484330283557563e-08,0.0541464590060059,0.2031579589820467,1.0614785839861725,1.1122689487383468
free,40.0,8.888587416217251e-05,0.0,-3.6,2.0,0.0,0.0,735471,3 4 6 7 8 9 11 12,3 4 6 7 8 9 11 12,9997.315212063699,9997.315212063699,9997.315212063699,9997.315212063699,0.0,9997.315212063699,0.0,0.0,0.0,9997.315212063699,9996.521399821964,0.7938122417344857,1,0.0,1.0,0,0,0,1,9997.315212063699,9997.315212063699,0.0,0.8887283703242497,1.0829750076506141e-08,0.8887283703242497,1.0829750076506141e-08,4.68790108546979e-09,1.0829750076506141e-08,0.04394241698901169,0.17351204200531356,1.0410304160031956,1.084409676514042
free,40.0,8.888587416217251e-05,0.0,-2.4000000000000004,2.0,0.0,0.0,735471,2 8 12 14 15 16 21 22,2 8 12 14 15 16 21 22,9991.279823037694,9991.279823037694,9991.279823037694,9991.279823037694,0.0,9991.279823037694,0.0,0.0,0.0,9991.279823037694,9983.517878700031,7.761944337662499,1,0.0,1.0,0,0,0,1,9991.279823037694,9991.279823037694,0.0,0.8886670088611593,5.838769426040555e-08,0.8886670088611593,5.838769426040555e-08,5.838769426040064e-08,5.838769426040555e-08,0.07727479201275855,0.20707950001815334,1.1916265839827247,1.2433969589910703
free,40.0,8.888587416217251e-05,0.0,-1.2000000000000002,2.0,0.0,0.0,735471,0 3 9 10 15 20 21 22,0 3 9 10 15 20 21 22,9979.398839871481,9979.398839871481,9979.398839871481,9979.398839871481,0.0,9979.398839871481,0.0,0.0,0.0,9979.398839871481,9951.723451441425,27.675388430056046,1,0.0,1.0,0,0,0,1,9979.398839871481,9979.398839871481,0.0,0.8885524227520188,1.5279810753526546e-07,0.8885524227520188,1.5279810753526546e-07,1.5279810753526877e-07,1.5279810753526546e-07,0.04174112499458715,0.19430850000935607,1.0571044169773813,1.1056826249914593
free,40.0,8.888587416217251e-05,0.0,0.0,2.0,0.0,0.0,735471,0 1 10 11 12 13 14 23,0 1 10 11 12 13 14 23,1.4487335147852305,1.4487335147852305,1.4487335147852305,1.4487335147852305,0.0,1.4487335147852305,0.0,0.0,0.0,1.4487335147852305,1.4486672226829405,6.629210229003313e-05,1,0.0,1.0,0,0,0,1,1.4487335147852305,1.4487335147852305,0.0,0.8886162561116422,0.6132856561259766,0.8886162561116422,0.6132856561259766,0.6132856561259764,0.6132856561259766,0.050555291993077844,0.19498445899807848,1.1267950419860426,1.1755418227476184
free,40.0,8.888587416217251e-05,0.0,1.1999999999999993,2.0,0.0,0.0,735471,0 2 3 4 7 9 19 20,0 2 3 4 7 9 19 20,9987.329941383818,9987.329941383818,9987.329941383818,9987.329941383818,0.0,9987.329941383818,0.0,0.0,0.0,9987.329941383818,9979.175664253244,8.154277130573973,1,0.0,1.0,0,0,0,1,9987.329941383818,9987.329941383818,0.0,0.8885187781765369,7.872232070147923e-08,0.8885187781765369,7.872232070147923e-08,7.872232070147648e-08,7.872232070147923e-08,0.0462455420056358,0.1991492079978343,1.0405761250003707,1.0903645519792917
free,40.0,8.888587416217251e-05,0.0,2.4000000000000004,2.0,0.0,0.0,735471,0 1 2 8 9 15 16 17,0 1 2 8 9 15 16 17,9986.867294155527,9986.867294155527,9986.867294155527,9986.867294155527,0.0,9986.867294155527,0.0,0.0,0.0,9986.867294155527,9982.558355916055,4.3089382394719,1,0.0,1.0,0,0,0,1,9986.867294155527,9986.867294155527,0.0,0.8885835917426691,8.933353510832775e-08,0.8885835917426691,8.933353510832775e-08,8.933353510832775e-08,8.933353510832775e-08,0.042792416003067046,0.22186737501760945,1.0327789159782697,1.0882464687310858
free,40.0,8.888587416217251e-05,0.0,3.5999999999999996,2.0,0.0,0.0,735471,14 15 17 18 19 20 22 23,14 15 17 18 19 20 22 23,9986.893863637933,9986.893863637933,9986.893863637933,9986.893863637933,0.0,9986.893863637933,0.0,0.0,0.0,9986.893863637933,9986.672812436818,0.22105120111518772,1,0.0,1.0,0,0,0,1,9986.893863637933,9986.893863637933,0.0,0.8886142677442771,9.216844822335868e-08,0.8886142677442771,9.216844822335868e-08,9.216844822335971e-08,9.216844822335868e-08,0.03885604199604131,0.1987297080049757,1.035687291994691,1.0853704270048183
free,40.0,8.888587416217251e-05,0.0,4.799999999999999,2.0,0.0,0.0,735471,2 4 5 6 10 11 14 21,2 4 5 6 10 11 14 21,9995.739384916238,9995.739384916238,9995.739384916238,9995.739384916238,0.0,9995.739384916238,0.0,0.0,0.0,9995.739384916238,9995.613568899355,0.12581601688361843,1,0.0,1.0,0,0,0,1,9995.739384916238,9995.739384916238,0.0,0.888655644308698,1.756860362191415e-08,0.888655644308698,1.756860362191415e-08,1.6348747950469767e-08,1.756860362191415e-08,0.04090012499364093,0.18820374997449107,1.06171029098914,1.1087616454824456
free,40.0,8.888587416217251e-05,0.0,6.0,2.0,0.0,0.0,735471,0 6 9 15 16 20 21 22,0 6 9 15 16 20 21 22,9995.65166433391,9995.65166433391,9995.65166433391,9995.65166433391,0.0,9995.65166433391,0.0,0.0,0.0,9995.65166433391,9991.632450363524,4.019213970384953,1,0.0,1.0,0,0,0,1,9995.65166433391,9995.65166433391,0.0,0.8885756580357071,1.0346702174723385e-08,0.8885756580357071,1.0346702174723385e-08,1.0346702174723974e-08,1.0346702174723385e-08,0.04045695799868554,0.1831764579983428,1.0854190830141306,1.1312139475194272
free,40.0,8.888587416217251e-05,0.0,-6.0,4.0,0.0,0.0,735471,3 5 6 12 13 15 17 20,3 5 6 12 13 15 17 20,9997.62189041628,9997.62189041628,9997.62189041628,9997.62189041628,0.0,9997.62189041628,0.0,0.0,0.0,9997.62189041628,9997.195848689531,0.4260417267487355,1,0.0,1.0,0,0,0,1,9997.62189041628,9997.62189041628,0.0,0.8887070561705454,5.970909750037594e-09,0.8887070561705454,5.970909750037594e-09,5.970909750039858e-09,5.970909750037594e-09,0.038228999997954816,0.17856104200473055,1.1117030419991352,1.1563443434861256
free,40.0,8.888587416217251e-05,0.0,-4.8,4.0,0.0,0.0,735471,0 3 5 8 10 13 15 16,0 3 5 8 10 13 15 16,9997.624859589974,9997.624859589974,9997.624859589974,9997.624859589974,0.0,9997.624859589974,0.0,0.0,0.0,9997.624859589974,9992.180888162016,5.443971427957877,1,0.0,1.0,0,0,0,1,9997.624859589974,9997.624859589974,0.0,0.8886669422982904,1.932169734264909e-09,0.8886669422982904,1.932169734264909e-09,1.9321697342643537e-09,1.932169734264909e-09,0.04212933298549615,0.1773243750212714,1.0201569580240175,1.064488718751818
free,40.0,8.888587416217251e-05,0.0,-3.6,4.0,0.0,0.0,735471,0 1 2 8 9 14 15 18,0 1 2 8 9 14 15 18,9994.273681679291,9994.273681679291,9994.273681679291,9994.273681679291,0.0,9994.273681679291,0.0,0.0,0.0,9994.273681679291,9983.176943823139,11.096737856152686,1,0.0,1.0,0,0,0,1,9994.273681679291,9994.273681679291,0.0,0.8885843165269847,2.3469811053552457e-08,0.8885843165269847,2.3469811053552457e-08,2.34698110535519e-08,2.3469811053552457e-08,0.045139458001358435,0.20517929198103957,1.053513708000537,1.1048091979973833
free,40.0,8.888587416217251e-05,0.0,-2.4000000000000004,4.0,0.0,0.0,735471,0 2 11 17 18 20 22 23,0 2 11 17 18 20 22 23,9989.32582658163,9989.32582658163,9989.32582658163,9989.32582658163,0.0,9989.32582658163,0.0,0.0,0.0,9989.32582658163,9986.530405385396,2.795421196233292,1,0.0,1.0,0,0,0,1,9989.32582658163,9989.32582658163,0.0,0.8884855806462021,5.762373454629538e-08,0.8884855806462021,5.762373454629538e-08,5.762373454629538e-08,5.762373454629538e-08,0.0753059170092456,0.19576125001185574,1.1117855830234475,1.1607266875289497
free,40.0,8.888587416217251e-05,0.0,-1.2000000000000002,4.0,0.0,0.0,735471,1 3 5 6 14 15 16 18,1 3 5 6 14 15 16 18,9991.438086142009,9991.438086142009,9991.438086142009,9991.438086142009,0.0,9991.438086142009,0.0,0.0,0.0,9991.438086142009,9987.919479800907,3.518606341101986,1,0.0,1.0,0,0,0,1,9991.438086142009,9991.438086142009,0.0,0.8886456316015867,5.483927067419797e-08,0.8886456316015867,5.483927067419797e-08,5.483927067419375e-08,5.483927067419797e-08,0.04687724998802878,0.1875213339808397,1.0749171249917708,1.121797958490788
free,40.0,8.888587416217251e-05,0.0,0.0,4.0,0.0,0.0,735471,0 1 10 11 12 13 14 23,0 1 10 11 12 13 14 23,2.827489405271096,2.827489405271096,2.827489405271096,2.827489405271096,0.0,2.827489405271096,0.0,0.0,0.0,2.827489405271096,2.826764377364378,0.0007250279067183563,1,0.0,1.0,0,0,0,1,2.827489405271096,2.827489405271096,0.0,0.8886162561116422,0.31418859805028876,0.8886162561116422,0.31418859805028876,0.3141885980502886,0.31418859805028876,0.050644832983380184,0.20102475001476705,1.1263113339955453,1.1765685625141487
free,40.0,8.888587416217251e-05,0.0,1.1999999999999993,4.0,0.0,0.0,735471,6 8 9 10 11 13 16 19,6 8 9 10 11 13 16 19,9997.818633406514,9997.818633406514,9997.818633406514,9997.818633406514,0.0,9997.818633406514,0.0,0.0,0.0,9997.818633406514,9993.025582897104,4.793050509410023,1,0.0,1.0,0,0,0,1,9997.818633406514,9997.818633406514,0.0,0.8887987846667668,1.339649442372021e-08,0.8887987846667668,1.339649442372021e-08,1.3396494423723785e-08,1.339649442372021e-08,0.03900812499341555,0.20005766599206254,1.0242189999844413,1.0742342914891196
free,40.0,8.888587416217251e-05,0.0,2.4000000000000004,4.0,0.0,0.0,735471,4 7 8 9 12 13 14 19,4 7 8 9 12 13 14 19,9997.84074931926,9997.84074931926,9997.84074931926,9997.84074931926,0.0,9997.84074931926,0.0,0.0,0.0,9997.84074931926,9997.246129832247,0.5946194870139152,1,0.0,1.0,0,0,0,1,9997.84074931926,9997.84074931926,0.0,0.8887736326157475,1.0684094795408357e-08,0.8887736326157475,1.0684094795408357e-08,6.339262277807757e-09,1.0684094795408357e-08,0.049556208978174254,0.19391283299773932,0.977598792000208,1.0260777912626509
free,40.0,8.888587416217251e-05,0.0,3.5999999999999996,4.0,0.0,0.0,735471,6 8 9 12 19 20 22 23,6 8 9 12 19 20 22 23,9996.561484345133,9996.561484345133,9996.561484345133,9996.561484345133,0.0,9996.561484345133,0.0,0.0,0.0,9996.561484345133,9996.035294267287,0.5261900778459676,1,0.0,1.0,0,0,0,1,9996.561484345133,9996.561484345133,0.0,0.8886223474604397,6.9265125439626385e-09,0.8886223474604397,6.9265125439626385e-09,6.926512543963829e-09,6.9265125439626385e-09,0.040761625015875325,0.20170933302142657,0.9488042920129374,0.9992323332480737
free,40.0,8.888587416217251e-05,0.0,4.799999999999999,4.0,0.0,0.0,735471,1 2 7 8 10 13 17 20,1 2 7 8 10 13 17 20,9985.329166349326,9985.329166349326,9985.329166349326,9985.329166349326,0.0,9985.329166349326,0.0,0.0,0.0,9985.329166349326,9981.960449042093,3.3687173072321457,1,0.0,1.0,0,0,0,1,9985.329166349326,9985.329166349326,0.0,0.88864338765319,1.0902754301397996e-07,0.88864338765319,1.0902754301397996e-07,1.0902754301398118e-07,1.0902754301397996e-07,0.03643416697741486,0.20876683300593868,0.9245780000055674,0.9767708752333419
free,40.0,8.888587416217251e-05,0.0,6.0,4.0,0.0,0.0,735471,3 4 8 10 11 15 16 22,3 4 8 10 11 15 16 22,9995.146623217632,9995.146623217632,9995.146623217632,9995.146623217632,0.0,9995.146623217632,0.0,0.0,0.0,9995.146623217632,9993.712313978216,1.4343092394155974,1,0.0,1.0,0,0,0,1,9995.146623217632,9995.146623217632,0.0,0.8886897622720146,2.625447110691677e-08,0.8886897622720146,2.625447110691677e-08,2.54436468693011e-08,2.625447110691677e-08,0.038517083012266085,0.15730750001966953,0.9397104579838924,0.9790384579973761
free,40.0,8.888587416217251e-05,0.01,0.0,0.0,0.0,0.0,735471,9 10 11 12 13 14 15 16,0 1 2 3 4 5 6 7,0.9919672283775071,0.9998991658071407,0.9917172517490582,0.9998991856173518,-0.007932756975841948,0.9919672283775071,-0.007932756975841948,0.0,,0.9998991903798616,0.9998991903798616,-0.007931962002354576,0,0.007996193599387746,1.0079961688276813,735471,199936,1,0,0.9999000100159464,0.9998999649241239,4.5096331668936784e-08,0.8815896189916046,0.8815896189916046,0.8814164015851542,0.8814164015851542,0.8883297724483357,0.8884637654565105,6.641300916991895,0.19113525000284426,10.291428459022427,10.33921310450387
free,40.0,8.888587416217251e-05,0.01,-6.0,1.0,0.0,0.0,735471,2 6 14 17 18 19 20 23,0 1 2 5 11 14 15 22,507.3005418264176,507.6488984852242,318.32104957807235,318.34915958270005,0.5935350433825541,507.3005418264176,0.5935350433825541,0.0,0.0,507.64889848522427,506.9913320274512,0.30920979896637846,1,0.0006866869440991241,1.0006866869440991,1,1,0,1,9993.640554905342,9929.412496054798,0.00642689303239119,0.8812670156104992,0.002679354559598312,0.881805929630477,0.0016481531153081123,0.001648153115308112,0.0016484470755660965,0.13759900000877678,0.3778966669924557,3.7497822909790557,3.8442576247325633
free,40.0,8.888587416217251e-05,0.01,-4.8,1.0,0.0,0.0,735471,1 3 7 12 13 21 22 23,2 5 6 8 9 17 20 23,368.3036042342525,368.56768992516425,235.334824994183,235.36077336131257,0.5648470175140594,332.6545446367593,0.4133814224262715,0.1071654067928638,0.1071654067928638,368.56768992516425,364.77107699217106,3.5325272420814144,1,0.0007170325999410476,1.000717032599941,68,68,0,1,9993.012952819852,9002.559520498346,0.09911459506734832,0.8812549249337162,0.0036553868538206817,0.8818180291284438,0.002303667931374857,0.002303667931374857,0.002304154058217205,0.11660362500697374,0.22779575001914054,3.704863791994285,3.7618136455130298
free,40.0,8.888587416217251e-05,0.01,-3.6,1.0,0.0,0.0,735471,1 16 17 18 19 21 22 23,2 4 5 8 9 11 16 18,267.3084570797125,267.36125944748636,134.76313337729005,134.76866928981755,0.9834614268162771,244.642635778772,0.8152782621357824,0.09264869644977591,0.09264869644977591,267.3612594474866,266.3582609674703,0.9501961122422244,1,0.00019753347256923348,1.0001975334725683,38,38,0,1,9993.88068006852,7998.126790199889,0.19969759033134138,0.8811349097602571,0.006449242864538901,0.881504245924889,0.003208167138479059,0.003208167138479057,0.00320881557474925,0.1540203750191722,0.1476365000125952,3.6147699170105625,3.651680208000471
free,40.0,8.888587416217251e-05,0.01,-2.4000000000000004,1.0,0.0,0.0,735471,5 6 7 8 15 19 21 23,2 6 12 13 15 16 19 22,211.94135296070664,211.99253468774052,169.44675924863733,169.4767951760669,0.25056266694519413,195.73487510171432,0.15493613682255614,0.08279811071261856,0.08279811071261856,211.99253468774054,210.25013090088748,1.6912220598191539,1,0.00024149004580231725,1.0002414900458023,52,52,0,1,9991.83260819807,9812.70900750653,0.017927001753869853,0.881347504803145,0.005111516363132475,0.8813932015002486,0.004068775634053283,0.004068775634053284,0.004069776386681254,0.19108587497612461,0.12137929198797792,3.1797760000044946,3.2101219479809515
free,40.0,8.888587416217251e-05,0.01,-1.2000000000000002,1.0,0.0,0.0,735471,1 2 4 7 14 16 17 19,2 3 4 5 6 11 12 13,193.3071371792213,193.3442461054096,183.2157525684532,183.249076754927,0.054887372981123894,192.8173104441182,0.05221436232384158,0.002540367013598832,0.002540367013598832,193.34424610540967,192.85441825588674,0.4527189233345439,1,0.00019196873291837946,1.0001919687329182,2,2,0,1,9986.436023697475,9977.176964826858,0.0009271634894215675,0.8814052944272558,0.004720989897305023,0.881528632469464,0.004470487627901407,0.004470487627901404,0.004471356215666799,0.20641620800597593,0.1366275000036694,3.616581833019154,3.6507392909988994
free,40.0,8.888587416217251e-05,0.01,0.0,1.0,0.0,0.0,735471,0 1 10 11 12 13 14 23,0 1 2 3 4 5 6 7,1.1021203318279742,1.1091685026918625,1.101923202116362,1.107961252385128,-0.005271773308479943,1.1021203318279742,-0.005271773308479943,0.0,,1.1107410723626079,1.1107410723626079,-0.008620740534633686,0,0.0078219594409763,1.0063951010251289,735471,199936,1,0,1.1112857420127809,1.1110716821522353,0.000192623600261288,0.8818629826961847,0.7958441675586924,0.8814170344572698,0.7945757952073341,0.799469253723146,0.799656010716267,6.929496541997651,0.13633312500314787,10.698542041995097,10.73262644825445
free,40.0,8.888587416217251e-05,0.01,1.1999999999999993,1.0,0.0,0.0,735471,0 2 10 12 14 16 20 22,0 1 2 3 6 7 8 9,519.5423912639149,519.713492560783,270.667929536799,270.68382470893005,0.9193699210604318,495.8308015771344,0.8317710787126196,0.047821937667766434,0.047821937667766434,519.713492560783,516.3311903896501,3.211200874264705,1,0.0003293307721279337,1.000329330772128,19,19,0,1,9994.380296960511,9915.084165526485,0.007934071856175229,0.8813379023916049,0.003167082240442826,0.881452248121828,0.0016071490772851151,0.0016071490772851151,0.0016077050214748398,0.17173045899835415,0.1735931670118589,3.7448071659891866,3.788206957753573
free,40.0,8.888587416217251e-05,0.01,2.4000000000000004,1.0,0.0,0.0,735471,0 3 8 14 18 21 22 23,2 4 5 12 13 16 20 22,1177.4464285918157,1178.636634802012,1064.4161809726425,1064.8586766852193,0.10573022915779662,1064.4161809726425,-0.0004155440738430327,0.10618989981520999,0.10618989981520999,1178.6366348020094,1142.251289177922,35.195139413893685,1,0.0010108368256016576,1.0010108368256039,19,19,0,1,9995.653449715912,9951.369044204537,0.004430366232097915,0.8811974913539039,0.0007386394215859627,0.8818453802103279,0.0006593051748615674,0.0006593051748615687,0.0006596575657520549,0.17341583297820762,0.1944897080247756,3.8714768329809885,3.920100426992576
free,40.0,8.888587416217251e-05,0.01,3.5999999999999996,1.0,0.0,0.0,735471,3 7 8 9 12 14 17 23,0 3 8 9 11 14 18 21,2203.9665682914083,2205.176544333463,1773.0706059142137,1773.7555689252415,0.2425424375844758,1773.0706059142137,-0.0003861653899938089,0.2430224498335869,0.2430224498335869,2205.176544333462,2160.2233223731996,43.743245918208686,1,0.0005489992722493842,1.0005489992722496,99,99,0,1,9992.401296166941,9989.268812808432,0.00031348654499208095,0.8814513006619262,0.00040805480701410564,0.881415388894713,0.0003108169936919429,0.0003108169936919429,0.00031103595731294244,0.14995929101132788,0.2248401249817107,4.053098959004274,4.10931007326144
free,40.0,8.888587416217251e-05,0.01,4.799999999999999,1.0,0.0,0.0,735471,2 3 7 8 13 14 15 16,3 7 9 10 11 18 19 20,3423.8923772610883,3425.5834990133867,2453.9980977738805,2454.704076231548,0.3948289777224123,2763.314694058709,0.1257221270846378,0.23905264377693225,0.23905264377693225,3425.5834990133867,3293.343468826664,130.54890843442445,1,0.0004939179056939746,1.000493917905694,133,128,0,1,9995.347287222416,9930.599252096836,0.006477817454962342,0.8815151840393802,0.00027022673439008887,0.8814473223358676,0.00016842717121819437,0.00016842717121819437,0.0001685538325381138,0.21024033398134634,0.16472004202660173,4.064494624995859,4.105675594502827
free,40.0,8.888587416217251e-05,0.01,6.0,1.0,0.0,0.0,735471,0 1 2 5 12 19 21 22,6 7 8 9 13 14 18 20,4530.3787721564195,4534.397924066432,4314.386707805881,4315.804809429737,0.049718180548353974,4314.386707805881,-0.00032858335501129154,0.05006321384213219,0.05006321384213219,4534.397924066429,4504.352261539891,26.026510616528867,1,0.0008871558234184729,1.0008871558234191,12,12,0,1,9994.963354734233,9983.76120523891,0.001120779446381448,0.8812361754816469,0.00011530227020344068,0.8819538742980371,0.00010561709824283951,0.00010561709824283963,0.00010569061815767086,0.2012882920098491,0.1887540000025183,3.8898337919963524,3.937023834005231
free,40.0,8.888587416217251e-05,0.01,-6.0,2.0,0.0,0.0,735471,1 10 13 14 17 18 21 22,2 3 4 5 6 15 19 23,525.9611099905883,526.3243982313385,477.43222545855457,477.74997846193344,0.10091289105625001,509.56095006255725,0.06658497757139825,0.03218488372395423,0.03218488372395423,526.3243982313383,521.9851660103618,3.975943980226475,1,0.0006907131227942287,1.0006907131227947,16,16,0,1,9996.82446390163,9993.071398470283,0.00037542576094029556,0.8817882319668696,0.0017568247940113677,0.8818049849420999,0.0015865161932801103,0.0015865161932801112,0.0015867961919786857,0.20384599998942576,0.19879045800189488,4.063140249985736,4.1128386144919205
free,40.0,8.888587416217251e-05,0.01,-4.8,2.0,0.0,0.0,735471,6 7 11 12 13 16 17 23,4 8 13 14 16 19 20 23,409.4591586137515,409.53637153967003,320.96887830465755,321.01594022577615,0.2755103635220473,352.73654201809126,0.09881316725270861,0.16080731605275833,0.16080731605275833,409.53637153966986,409.23472601556625,0.22443259818527395,1,0.0001885729609265585,1.000188572960927,221,129,0,1,9994.70695628616,9762.695308750663,0.02321345173502798,0.8814531613553955,0.002656937777882813,0.8813418207015871,0.0020631618606657344,0.0020631618606657353,0.0020635644831143293,0.23540333300479688,0.209291667008074,3.9618371250107884,4.014161166771373
free,40.0,8.888587416217251e-05,0.01,-3.6,2.0,0.0,0.0,735471,3 4 6 7 8 9 11 12,5 6 7 8 19 20 22 23,230.34159495483104,230.3799184600403,154.79293329533624,154.7982524733313,0.48801159751150536,209.73680573203757,0.3549042213391336,0.09824117016981004,0.09824117016981004,230.3799184600404,226.35181538708613,3.989779567744904,1,0.00016637683357556554,1.0001663768335753,105,105,0,1,9997.315212063699,7633.305981697182,0.23646440871584018,0.8815849958526922,0.005606171930218223,0.881279519928392,0.0037364454560129923,0.003736445456012991,0.0037370763900600127,0.16793975001201034,0.1877998749841936,3.843866125011118,3.8908173027593875
free,40.0,8.888587416217251e-05,0.01,-2.4000000000000004,2.0,0.0,0.0,735471,2 8 12 14 15 16 21 22,15 16 17 18 19 20 21 22,296.7396318546581,296.80320959933977,254.6427425275722,254.81886380327578,0.1645120279782184,254.6427425275722,-0.0006911626285232009,0.16531745185130386,0.16531745185130386,296.80320959933977,279.3456678463123,17.39396400834579,1,0.00021425430868227124,1.0002142543086823,37,37,0,1,9991.279823037694,9961.628623053482,0.0029677078922204503,0.8818187027062772,0.0033716848604560274,0.8812160691390181,0.0028801388554847477,0.002880138855484749,0.0028807709737588925,0.1757490829913877,0.19609895901521668,3.887054166989401,3.936079989754944
free,40.0,8.888587416217251e-05,0.01,-1.2000000000000002,2.0,0.0,0.0,735471,0 3 9 10 15 20 21 22,1 9 11 14 17 20 21 22,279.9282925151115,280.12700381073233,272.3101038449334,272.4853878176314,0.027314876430957202,272.3101038449334,-0.0006432784308249007,0.027976151316501552,0.027976151316501552,280.12700381073233,272.4853878176313,7.442904697480174,1,0.0007098649937649082,1.000709864993765,2,2,0,1,9979.398839871481,9394.498671896634,0.05861076176632496,0.8817276196064331,0.0031469853285775295,0.8817877769455483,0.0030589283849062885,0.0030589283849062885,0.0030594148153723494,0.18362087500281632,0.212724499986507,3.8975155829975847,3.9506977499695495
free,40.0,8.888587416217251e-05,0.01,0.0,2.0,0.0,0.0,735471,0 1 10 11 12 13 14 23,1 2 3 4 5 6 7 8,1.432569265375759,1.4384208390522872,1.4323614521046193,1.434600913810436,-0.001416176732580543,1.432569265375759,-0.001416176732580543,0.0,,1.4432121834654745,1.4432121834654745,-0.010642918089715625,0,0.007429252006829756,1.0040846706808229,735471,199936,1,0,1.4487335147852305,1.4455596420700363,0.0021907912551223374,0.8818629826961847,0.6146207342067793,0.8814808268315774,0.6127226105251438,0.6137101665914906,0.6152245119017115,6.961807750019943,0.18588337500113994,10.767037000012351,10.813509009749396
free,40.0,8.888587416217251e-05,0.01,1.1999999999999993,2.0,0.0,0.0,735471,0 2 3 4 7 9 19 20,0 4 5 6 7 15 17 21,621.0589563909585,621.1935877299322,477.64438055270523,477.7154574476045,0.30006041610884204,506.95562868950725,0.0612083423009393,0.22507557120218036,0.22507557120218036,621.1935877299319,617.3980881163336,3.6608682746249315,1,0.0002167770669563307,1.0002167770669568,167,128,0,1,9987.329941383818,9620.854979851889,0.036693987650632365,0.8813646097271919,0.0017560714032017475,0.8814013208848724,0.0013299976080479935,0.0013299976080479942,0.0013303036044441023,0.2178858339902945,0.19088812498375773,3.8751439160259906,3.922867406246951
free,40.0,8.888587416217251e-05,0.01,2.4000000000000004,2.0,0.0,0.0,735471,0 1 2 8 9 15 16 17,3 7 8 9 11 15 22 23,1204.9562905132377,1206.03870081972,1197.416166054343,1198.4558559720574,0.005424008326037066,1197.416166054343,-0.0008675245838497547,0.0062969957084682004,0.0062969957084682004,1206.0387008197197,1199.7832295678288,5.173060945408906,1,0.0008982983988745641,1.0008982983988748,3,3,0,1,9986.867294155527,9982.558355916055,0.00043146044826225527,0.88186660044652,0.0006469498231245211,0.881858432343909,0.0006423165588480849,0.0006423165588480849,0.0006425772327307548,0.1882773750112392,0.22314583300612867,3.826459416974103,3.8822470002342016
free,40.0,8.888587416217251e-05,0.01,3.5999999999999996,2.0,0.0,0.0,735471,14 15 17 18 19 20 22 23,0 1 3 4 18 19 21 22,1551.6932880250422,1552.1603256465023,1170.2330557418693,1170.3275214760395,0.3258624270136081,1466.960111550412,0.2534611761502914,0.057761063717729044,0.057761063717729044,1552.1603256465023,1508.625718018837,43.06757000620519,1,0.0003009857844100683,1.00030098578441,10,10,0,1,9986.893863637933,9733.894691325417,0.02533311916267389,0.8811977448450602,0.0006640638161379212,0.8811964506984095,0.00047883669684954016,0.00047883669684953994,0.0004790065514858104,0.1418216250021942,0.1909999159979634,3.8858902910142206,3.9336415199941257
free,40.0,8.888587416217251e-05,0.01,4.799999999999999,2.0,0.0,0.0,735471,2 4 5 6 10 11 14 21,1 3 6 9 11 13 16 19,3062.4903635413925,3063.743818157282,2567.378037659176,2568.148788339287,0.19248946067559247,2764.578483820935,0.07648688283698357,0.10776032638028488,0.10776032638028488,3063.743818157285,3023.939737277061,38.55062626433164,1,0.0004092925910281764,1.000409292591027,26,26,0,1,9995.739384916238,9811.640727557424,0.01841771281438398,0.8814720782110633,0.000254346606063817,0.8814736081636438,0.00019882539038272487,0.00019882539038272451,0.00019894264592454028,0.19700833299430087,0.17942791600944474,3.981791957980022,4.026649603983969
free,40.0,8.888587416217251e-05,0.01,6.0,2.0,0.0,0.0,735471,0 6 9 15 16 20 21 22,1 5 8 11 12 14 19 20,4468.464119416107,4470.112226703058,3417.2605973738887,3418.035834656046,0.3073192721122435,4293.519622279023,0.2561365152308521,0.04074617389176449,0.04074617389176449,4470.112226703055,4339.530483566821,128.93363584928557,1,0.0003688308203677604,1.0003688308203684,8,8,0,1,9995.65166433391,9976.353563122075,0.001930649632448933,0.8812809951424856,0.00016894670506564829,0.881443668143037,0.0001083001523714718,0.000108300152371472,0.00010837266549933394,0.16369779201340862,0.2523224589822348,3.859436457976699,3.922517864724796
free,40.0,8.888587416217251e-05,0.01,-6.0,4.0,0.0,0.0,735471,3 5 6 12 13 15 17 20,1 3 6 8 9 11 15 22,691.3021176958541,691.3888556477067,442.4486053055034,442.48015078640793,0.5623347543776183,640.8818545739502,0.44838554550961973,0.07867325742187314,0.07867325742187314,691.3888556477064,690.7193810546537,0.5827366412004267,1,0.00012547039800958615,1.0001254703980103,29,29,0,1,9997.62189041628,9648.112713113198,0.03495923141863577,0.8814671069593806,0.0019032195465957375,0.8814429683171622,0.001186001565976574,0.0011860015659765747,0.0011861601134160267,0.19075066701043397,0.2065992499992717,3.9984574590052944,4.050108479488699
free,40.0,8.888587416217251e-05,0.01,-4.8,4.0,0.0,0.0,735471,0 3 5 8 10 13 15 16,7 9 14 16 17 20 21 23,594.4524874555376,594.8452923282047,337.7190117351413,337.7415674940645,0.760080915909128,490.8042046859449,0.4531945485051092,0.21118051104699687,0.21118051104699687,594.8452923282047,571.5596709546845,22.892816500853087,1,0.0006607843031296579,1.0006607843031297,154,129,0,1,9997.624859589974,9391.912544004757,0.06058562149430946,0.8814929263158624,0.002521076923299392,0.8817602084706255,0.0013934494823461482,0.0013934494823461482,0.0013936609534934575,0.17766741701052524,0.17993383400607854,3.7726195419963915,3.8176037085067946
free,40.0,8.888587416217251e-05,0.01,-3.6,4.0,0.0,0.0,735471,0 1 2 8 9 14 15 18,0 1 3 7 14 16 20 21,525.9410081950012,526.0125493713014,331.8948103181821,331.9179774949207,0.5845511356884838,490.4045577531377,0.4774871835938512,0.0724635403159366,0.0724635403159366,526.0125493713012,525.4584355911984,0.4825726038028506,1,0.00013602509632315574,1.0001360250963234,50,50,0,1,9994.273681679291,9868.784494158594,0.01255610877964397,0.8814206882516001,0.002566651782773232,0.8813093204225758,0.0015865671572834286,0.0015865671572834286,0.0015867924911316998,0.16540462500415742,0.21158283299882896,3.8861576250055805,3.9390544162670267
free,40.0,8.888587416217251e-05,0.01,-2.4000000000000004,4.0,0.0,0.0,735471,0 2 11 17 18 20 22 23,1 3 4 6 10 12 15 18,512.7945101387373,512.8615081560488,351.0925605608815,351.1241556193108,0.460436435181377,448.40044005225894,0.2770424161259222,0.14360840073879855,0.14360840073879855,512.8615081560488,510.43359207785886,2.3609180608784754,1,0.00013065275853541003,1.0001306527585354,65,65,0,1,9989.32582658163,9712.467305544758,0.02771543604075355,0.8811792440446533,0.0024207086095623504,0.881475319865266,0.001629853601987125,0.0016298536019871256,0.0016300759671621834,0.1803726659854874,0.19522654201136902,3.601337166997837,3.65014455250639
free,40.0,8.888587416217251e-05,0.01,-1.2000000000000002,4.0,0.0,0.0,735471,1 3 5 6 14 15 16 18,1 8 10 12 14 18 22 23,527.3534698861666,527.6579217646413,425.0096009283646,425.0348140905531,0.24073005881775766,527.3534698861666,0.24073005881775766,0.0,0.0,527.6579217646405,522.6390831845845,4.714386701582157,1,0.0005773203285066586,1.0005773203285082,1,1,0,1,9991.438086142009,9795.249927635934,0.01963562770590399,0.8814465894783479,0.00198493622289211,0.8817566956444728,0.0015821905169505059,0.0015821905169505085,0.0015823319186316761,0.1885455000156071,0.18307733300025575,4.0389540000178386,4.084724124251807
free,40.0,8.888587416217251e-05,0.01,0.0,4.0,0.0,0.0,735471,0 1 10 11 12 13 14 23,0 1 10 11 12 13 14 23,2.760621033087012,2.762090885853294,2.760621033087012,2.762090885853294,-0.0005321522089698494,2.760621033087012,-0.0005321522089698494,0.0,,2.7726053088973215,2.7726053088973215,-0.011984275810309697,0,0.004341152105513224,1.0005324355457217,392384,199936,1,0,2.827489405271096,2.827489405271096,0.0,0.8818629826961847,0.3191848162378342,0.8818629826961847,0.3191848162378342,0.31868363930199634,0.31918639237801427,6.453240917006042,0.1722650000010617,9.96783283300465,10.010899791013799
free,40.0,8.888587416217251e-05,0.01,1.1999999999999993,4.0,0.0,0.0,735471,6 8 9 10 11 13 16 19,1 5 6 7 11 15 16 21,974.8502370547748,975.4230024548176,799.5406237773789,799.599122161753,0.21917372097560883,866.0975938288586,0.08316476322200539,0.1255662687447734,0.1255662687447734,975.4230024548173,930.0625841008192,44.78765295395556,1,0.0005875419405680926,1.0005875419405685,26,26,0,1,9997.818633406514,9857.416445217143,0.014043282173596738,0.881555157058343,0.0010136105301297908,0.8818624466531536,0.0008151961952926149,0.0008151961952926149,0.0008152982333168624,0.19717304199002683,0.18546879099449143,4.223914458008949,4.27028253073513
free,40.0,8.888587416217251e-05,0.01,2.4000000000000004,4.0,0.0,0.0,735471,4 7 8 9 12 13 14 19,0 6 7 11 15 16 21 22,1450.259200120329,1450.5723020812031,1199.0344702406223,1199.1984837486957,0.20935709957439008,1337.7992311652642,0.11557782076516854,0.08406341275671747,0.08406341275671747,1450.5723020812031,1446.1440909153864,4.115109204942655,1,0.00021589379391495633,1.000215893793915,29,29,0,1,9997.84074931926,9985.813764983319,0.001202958182421665,0.8815486428716847,0.000646229000329632,0.8813468212268457,0.0005186997111701386,0.0005186997111701386,0.0005188297243343571,0.1549587909830734,0.1963197499862872,3.4712465420016088,3.5203271045029396
free,40.0,8.888587416217251e-05,0.01,3.5999999999999996,4.0,0.0,0.0,735471,6 8 9 12 19 20 22 23,0 5 8 9 11 12 14 23,2372.7821511156862,2373.3820972042818,2040.961950050331,2041.4623236985633,0.16229534269183254,2040.961950050331,-0.0002451055022781867,0.16258029751959469,0.16258029751959469,2373.3820972042818,2266.7236128333457,106.05853828234058,1,0.00025284499392985715,1.0002528449939299,41,41,0,1,9996.561484345133,9947.976975694166,0.00486012202566366,0.8812962012018412,0.0003428126151859811,0.8814425237318009,0.0002825008169104927,0.00028250081691049285,0.0002825939056012637,0.1404837919981219,0.18946900000446476,3.6638860410021152,3.711254125002597
free,40.0,8.888587416217251e-05,0.01,4.799999999999999,4.0,0.0,0.0,735471,1 2 7 8 10 13 17 20,1 2 6 9 11 14 22 23,3213.5970011211148,3214.497946458156,3181.5763940548436,3182.33231309705,0.009824457331308212,3181.5763940548436,-0.00023753617404920213,0.010064384160664908,0.010064384160664908,3214.4979464581565,3203.727103940499,9.86989718061568,1,0.0002803541753142458,1.0002803541753142,4,4,0,1,9985.329166349326,9979.429712606447,0.0005908121449575976,0.8814445750696306,0.0001880948080381121,0.8813232897982727,0.00018528549084658258,0.00018528549084658252,0.00018536195989222144,0.1426757080189418,0.21420520800165832,3.6292130420042668,3.6827651350176893
free,40.0,8.888587416217251e-05,0.01,6.0,4.0,0.0,0.0,735471,3 4 8 10 11 15 16 22,3 4 8 10 11 15 16 22,4275.079720754269,4276.187880391856,4275.079720754269,4276.187880391856,-0.00025914662044401737,4275.079720754269,-0.00025914662044401737,0.0,0.0,4276.187880391859,4241.79921087178,33.28050988248924,1,0.00025921379482340967,1.000259213794823,1,1,0,1,9995.146623217632,9995.146623217632,0.0,0.8814561488880915,0.00011724542164219183,0.8814561488880915,0.00011724542164219183,0.0001172454216421918,0.00011729867560905504,0.1764522499870509,0.16684620900196023,4.085260207997635,4.126973010257643
free,40.0,8.888587416217251e-05,0.03,0.0,0.0,0.0,0.0,735471,9 10 11 12 13 14 15 16,0 1 2 3 4 5 6 7,0.9300581359151944,0.9998924557447098,0.9278904013859275,0.9998922523681826,-0.06984164172448626,0.9300581359151944,-0.06984164172448626,0.0,,0.9998924557640495,0.9998924530279196,-0.06983431711272525,0,0.07508597274958184,1.0750859727287876,735471,199936,1,0,0.9999000100159464,0.9998999649241239,4.5096331668936784e-08,0.8248561515520576,0.8248561515520576,0.8264162019369115,0.8264162019369115,0.8883132083989573,0.8884664519115897,6.542514583998127,0.2329883750062436,10.174539542000275,10.232787468732568
free,40.0,8.888587416217251e-05,0.03,-6.0,1.0,0.0,0.0,735471,2 6 14 17 18 19 20 23,6 7 8 9 10 11 18 22,59.661296632637296,59.7405934518451,36.167949095912405,36.171674616106124,0.6493927158703339,59.661296632637296,0.6493927158703339,0.0,0.0,59.75063488634517,59.75063488634517,-0.08933825370787218,0,0.0014974239372966824,1.0013291165912144,3,3,0,1,9993.640554905342,9479.049815764305,0.051491819854222354,0.8241003396650316,0.02269414389737307,0.824983039791941,0.01372053569539308,0.013720535695393084,0.013738775131824421,0.1805434999987483,0.285821917001158,3.715242500009481,3.7866986042354256
free,40.0,8.888587416217251e-05,0.03,-4.8,1.0,0.0,0.0,735471,1 3 7 12 13 21 22 23,1 5 7 8 9 17 20 23,42.99001231854997,43.44381822054481,26.495643160545853,26.49901211151022,0.6223250941447986,40.88029908020684,0.5427103058853242,0.05160708913121925,0.05160708913121925,43.93112325290783,43.642411347216125,-0.652399028666153,0,0.021891385547516462,1.0105560775054494,78,78,0,1,9993.012952819852,9131.921051649684,0.086169397081306,0.8244961809241735,0.031025337458187717,0.8333582619470719,0.01909355011054997,0.018779911830398354,0.019098653862385247,0.198503333987901,0.1260522079828661,3.4219581249926705,3.4534720519950497
free,40.0,8.888587416217251e-05,0.03,-3.6,1.0,0.0,0.0,735471,1 16 17 18 19 21 22 23,3 4 6 7 11 12 19 22,32.14416947865986,32.15202729548814,14.941150304136137,14.942873046130366,1.1511371594623818,30.594845317220003,1.0474540085276907,0.05064003904500347,0.05064003904500347,32.50453166133487,32.50453166133487,-0.3603621826750114,0,0.011210810187964215,1.000244455431754,10,10,0,1,9993.88068006852,7763.195681309774,0.22320508620915935,0.8235474143839142,0.05502417115587006,0.8250879107687018,0.02557319456592521,0.025305245521754855,0.025579237488763857,0.19400395898264833,0.16195020801387727,4.008164667000528,4.0486534270166885
free,40.0,8.888587416217251e-05,0.03,-2.4000000000000004,1.0,0.0,0.0,735471,5 6 7 8 15 19 21 23,8 10 14 18 19 21 22 23,24.993507747083775,25.25991162638614,18.7437800057036,18.74755391606808,0.3331610011086532,22.997390557159505,0.22668752734984743,0.08679755144232404,0.08679755144232404,25.432779050031158,25.18610295954978,-0.19259521246600286,0,0.017575416279799194,1.0106589231891008,154,131,0,1,9991.83260819807,7901.392844034106,0.20921485038178145,0.8245344375040136,0.04389202177893303,0.8320293493521967,0.032849841769012594,0.032463152819401125,0.032866956598624555,0.22016895900014788,0.14394954199087806,3.594484208006179,3.6304723855064367
free,40.0,8.888587416217251e-05,0.03,-1.2000000000000002,1.0,0.0,0.0,735471,1 2 4 7 14 16 17 19,1 6 7 16 20 21 22 23,21.922314124548993,21.926776196732412,20.145619540403462,20.149429646519415,0.08798683184244993,21.922314124548993,0.08798683184244993,0.0,0.0,21.926776196732426,21.90993830072479,0.01237582382420399,1,0.0002035401991815622,1.000203540199181,1,1,0,1,9986.436023697475,8949.357172230086,0.10384874533882127,0.8251620976215838,0.04086324587831754,0.824100156606491,0.037495305673763635,0.03749530567376362,0.03750258419981576,0.2332118750200607,0.14471254200907424,3.556445000023814,3.5926237185049104
free,40.0,8.888587416217251e-05,0.03,0.0,1.0,0.0,0.0,735471,0 1 10 11 12 13 14 23,0 1 2 3 4 5 6 7,1.0333368500783642,1.105329574285466,1.031479797512569,1.1011898383330236,-0.06161788448518102,1.0333368500783642,-0.06161788448518102,0.0,,1.1102379658311343,1.1102379658311343,-0.07690111575277014,0,0.07442018132512973,1.0696701411564316,735471,199936,1,0,1.1112857420127809,1.1110716821522353,0.000192623600261288,0.8291426033913503,0.7528626711857019,0.8264181332721486,0.7475778304591829,0.7994690280698049,0.7996581869761292,6.939614999981131,0.14910683399648406,10.850126875011483,10.887404458517267
free,40.0,8.888587416217251e-05,0.03,1.1999999999999993,1.0,0.0,0.0,735471,0 2 10 12 14 16 20 22,0 1 2 3 6 7 8 9,57.91351199644641,57.933481364364575,29.264187922608784,29.266808469519457,0.9788120066717105,56.75233615864945,0.9391364869099199,0.02046040597431853,0.02046040597431853,57.93348136436455,57.75745868125039,0.15605331519601862,1,0.0003448136234489585,1.0003448136234492,20,20,0,1,9994.380296960511,9915.084165526485,0.007934071856175229,0.8247163601460193,0.02809035208425539,0.8262583828467832,0.014173305235157602,0.014173305235157608,0.014178086660065148,0.18663133299560286,0.1653060000098776,3.9215900840063114,3.9629177920214715
free,40.0,8.888587416217251e-05,0.03,2.4000000000000004,1.0,0.0,0.0,735471,0 3 8 14 18 21 22 23,2 4 5 12 13 16 20 22,141.51529537825397,142.31168999910983,123.14526609530397,123.20517275504646,0.14861488534747846,124.98182534076896,0.014420275918567205,0.13228699446824121,0.13228699446824121,142.31168999910972,138.43104038232,3.084254995933975,1,0.0056276222208142546,1.005627622220815,121,121,0,1,9995.653449715912,9951.369044204537,0.004430366232097915,0.8242748650566413,0.0066013759600178305,0.8289658537084659,0.005736115949044699,0.005736115949044701,0.005739374092997152,0.17576429099426605,0.19653579100850038,3.717334499990102,3.7664694477498415
free,40.0,8.888587416217251e-05,0.03,3.5999999999999996,1.0,0.0,0.0,735471,3 7 8 9 12 14 17 23,5 6 10 13 15 18 22 23,292.6603245881553,292.84932983853116,223.15069360862665,223.25455392688457,0.3108817689963044,257.16793578319187,0.1519045468940976,0.1380124963746867,0.1380124963746867,292.84932983853116,290.8947383959582,1.7655861921970768,1,0.00064581781162798,1.000645817811628,105,105,0,1,9992.401296166941,8853.98233876332,0.11392846660795297,0.8248947242226833,0.0036059759314018684,0.8243393697207392,0.0027260065832501647,0.0027260065832501647,0.002727799635487913,0.1528718750050757,0.21073604197590612,4.004333416989539,4.0570186774930335
free,40.0,8.888587416217251e-05,0.03,4.799999999999999,1.0,0.0,0.0,735471,2 3 7 8 13 14 15 16,3 7 9 10 11 18 19 20,549.6293670837979,550.0454771455512,331.7963821189204,331.9226466353294,0.6558959524315149,453.71473919834335,0.36692914387617015,0.21139852775099088,0.21139852775099088,550.0454771455514,534.9104530817883,14.71891400200957,1,0.0007570739241269386,1.0007570739241265,136,128,0,1,9995.347287222416,9930.599252096836,0.006477817454962342,0.8253126144133348,0.0023975748201575916,0.8247965582982344,0.0014106202440928087,0.0014106202440928078,0.0014117391889133348,0.21006508299615234,0.19292299999506213,4.003591791988583,4.05182375000004
free,40.0,8.888587416217251e-05,0.03,6.0,1.0,0.0,0.0,735471,0 1 2 5 12 19 21 22,0 2 6 13 14 16 17 20,857.2770422253521,857.9108806847277,734.739104566094,735.1341355592957,0.16615050336783654,735.8914848762157,0.001030219221616946,0.16495034912593765,0.16495034912593765,857.9108806847277,832.9503324520091,24.326709773343055,1,0.0007393624559572931,1.0007393624559573,79,79,0,1,9994.963354734233,9926.470123571666,0.006852774615739299,0.8249566989115191,0.0010332993965352436,0.824956192913716,0.0008727014089543333,0.0008727014089543333,0.0008734039811185684,0.20892325000022538,0.23642479197587818,3.883029417018406,3.942137156991521
free,40.0,8.888587416217251e-05,0.03,-6.0,2.0,0.0,0.0,735471,1 10 13 14 17 18 21 22,2 8 9 10 11 12 13 21,63.014204572585754,63.609249700642096,52.76977185264,53.36302265736034,0.18085898126863764,60.8428603830357,0.14016892884240817,0.03568774012070408,0.03568774012070408,64.67451155851359,64.67451155851359,-1.660306985927832,0,0.026348138442584546,1.0094430316480614,42,42,0,1,9996.82446390163,9074.337326077626,0.09227801699980731,0.8333576687249035,0.015527876955706477,0.8324594028669887,0.012998195120892947,0.012718561759658588,0.013005285793585356,0.15833395899971947,0.20038162500713952,4.0050824580248445,4.055179031252919
free,40.0,8.888587416217251e-05,0.03,-4.8,2.0,0.0,0.0,735471,6 7 11 12 13 16 17 23,3 5 7 13 15 18 19 22,48.44320652730824,48.82365599057625,36.38428804846006,36.39011422624409,0.33121886417085267,48.27806993192236,0.3266809120677294,0.003420530183140036,0.003420530183140036,49.13753649276869,48.93297104432118,-0.48976451701293655,0,0.014332865539547601,1.0078535152922534,3,3,0,1,9994.70695628616,8664.432699912679,0.13309787492436753,0.8246099041358999,0.022571386611083332,0.8300781360908571,0.01691267042574039,0.016692875834525046,0.01693315021890211,0.3089977499912493,0.16504195900051855,4.114090666000266,4.155351989749761
free,40.0,8.888587416217251e-05,0.03,-3.6,2.0,0.0,0.0,735471,3 4 6 7 8 9 11 12,5 6 7 8 19 20 22 23,25.85044035846487,25.85450927669351,17.181158697461104,17.1828994132907,0.5044283119337802,24.361160824112673,0.41775612125563066,0.06113335670269482,0.06113335670269482,25.8545092766935,25.597729537053795,0.2527108214110747,1,0.0001574022791182017,1.0001574022791184,133,128,0,1,9997.315212063699,7633.305981697182,0.23646440871584018,0.8258086511125001,0.04797102713875754,0.8243274572159501,0.03179442888513354,0.031794428885133556,0.03179914911622072,0.15007366699865088,0.19833549999748357,3.9734807909990195,4.023065708002832
free,40.0,8.888587416217251e-05,0.03,-2.4000000000000004,2.0,0.0,0.0,735471,2 8 12 14 15 16 21 22,15 16 17 18 19 20 21 22,33.24366218479568,33.25201204473857,28.361810996713242,28.504273520290422,0.16626940732699547,33.24366218479568,0.16626940732699547,0.0,0.0,33.25201204473858,32.50134504509109,0.7423171397045891,1,0.0002511714833486334,1.0002511714833484,1,1,0,1,9991.279823037694,9961.628623053482,0.0029677078922204503,0.8283755108680245,0.028972563816122177,0.8233605580390262,0.02467233930918145,0.024672339309181442,0.024678314877759313,0.27738016701187007,0.1893088750075549,3.979941625002539,4.0272697597392835
free,40.0,8.888587416217251e-05,0.03,-1.2000000000000002,2.0,0.0,0.0,735471,0 3 9 10 15 20 21 22,1 9 11 14 17 20 21 22,31.693534154562037,32.00340310896108,30.028734865413654,30.309646177409185,0.04565833494236937,30.654777854476905,0.011386859320217324,0.03388562477980672,0.03388562477980672,32.058469429460956,31.58871737387813,0.1048167806839082,1,0.011514502394059711,1.0097770401018669,13,13,0,1,9979.398839871481,9394.498671896634,0.05861076176632496,0.8314438645965707,0.02734277267209543,0.8314864290797725,0.025892302009164928,0.02575493879938975,0.0259170234031235,0.26100366600439884,0.16050450000329874,4.060970208985964,4.1010973750017
free,40.0,8.888587416217251e-05,0.03,0.0,2.0,0.0,0.0,735471,0 1 10 11 12 13 14 23,0 1 2 3 4 5 6 7,1.3431592207127172,1.4216718262511647,1.3407943853385023,1.406251668060887,-0.044865687117846664,1.3431592207127172,-0.044865687117846664,0.0,,1.4410946121301522,1.4410946121301522,-0.09793539141743501,0,0.07291420846254382,1.0584536846620363,735471,199936,1,0,1.4487335147852305,1.4459419461743184,0.0019269027619106538,0.8291426033913503,0.5895229327092598,0.8264181332721486,0.5812113256179283,0.6133376812741151,0.6151830106922012,6.983486083976459,0.16171750001376495,10.84600312501425,10.886433583000326
free,40.0,8.888587416217251e-05,0.03,1.1999999999999993,2.0,0.0,0.0,735471,0 2 3 4 7 9 19 20,0 1 11 12 15 18 21 22,71.98507783060109,72.34733057136275,53.13984934367033,53.14869974809965,0.3544090104137483,63.843596480208454,0.2012259337067075,0.1275222856988718,0.1275222856988718,72.34733057136278,71.93110154142329,0.05397628917779684,1,0.005032331028580028,1.0050323310285798,196,128,0,1,9987.329941383818,8715.489004954397,0.12734544106321943,0.8255065403284332,0.015443131733812319,0.828538948411798,0.011363353508665294,0.01136335350866529,0.011365760717490915,0.18383058402105235,0.16915454098489136,3.999027499987278,4.041317260242067
free,40.0,8.888587416217251e-05,0.03,2.4000000000000004,2.0,0.0,0.0,735471,0 1 2 8 9 15 16 17,1 2 3 4 5 9 10 16,144.05634485035142,144.80285562235412,141.76706386784335,142.50497145710554,0.010886451029624933,141.76706386784335,-0.005178118220839134,0.016148186469052916,0.016148186469052916,144.80285562235417,144.74042873192508,-0.6840838815736561,0,0.005182074921991298,1.005182074921991,18,18,0,1,9986.867294155527,9951.035238857488,0.003587917436232324,0.8294241146507457,0.005731431172814712,0.8298779986262327,0.00564220275015719,0.005639856307401986,0.0056445121216162535,0.18403362500248477,0.22144470902276225,3.669427667016862,3.7247897612760426
free,40.0,8.888587416217251e-05,0.03,3.5999999999999996,2.0,0.0,0.0,735471,14 15 17 18 19 20 22 23,0 1 3 4 19 20 22 23,191.74318514997776,191.82511079700384,137.0453793345201,137.06222698556897,0.39894987384209113,184.77245730526158,0.34809174904706564,0.0377260114758331,0.0377260114758331,191.82511079700393,191.67463470465006,0.06855044532770194,1,0.0004272675816983096,1.0004272675816979,12,12,0,1,9986.893863637933,9688.755891523637,0.029852922859209596,0.8233429202889014,0.005918187981245048,0.8246260368530622,0.004209957136676543,0.004209957136676541,0.004211748043598321,0.11992387499776669,0.19714591701631434,3.948853749985574,3.9981416042501223
free,40.0,8.888587416217251e-05,0.03,4.799999999999999,2.0,0.0,0.0,735471,2 4 5 6 10 11 14 21,0 2 4 7 10 17 19 23,467.2609472892601,467.55227127683656,352.11040551587035,352.25071720920994,0.3265010529751253,434.1886205741936,0.23261245289762966,0.07617041338239128,0.07617041338239128,467.5522712768366,467.41279956901144,-0.1518522797513242,0,0.0006234717223139175,1.000623471722314,49,49,0,1,9995.739384916238,9472.826419861141,0.05231358531057562,0.8253928589701599,0.0022543112256465407,0.825030093232049,0.0016756870814540578,0.0016756614864279758,0.0016767660622984924,0.18002045797766186,0.19665883400011808,3.9810018750140443,4.030167791497661
free,40.0,8.888587416217251e-05,0.03,6.0,2.0,0.0,0.0,735471,0 6 9 15 16 20 21 22,0 4 12 13 15 18 19 21,821.1634351619009,821.6943595428846,517.3798850145769,517.5418548033557,0.5866609193838221,821.1634351619009,0.5866609193838221,0.0,0.0,825.5774306954664,825.5774306954664,-4.413995533565526,0,0.0053752947885401525,1.0006465514150409,2,2,0,1,9995.65166433391,9687.855423226642,0.03079301394680789,0.8243527284083211,0.001503937432315215,0.8245858202297249,0.000914633026330766,0.0009146330263307669,0.0009152734582561665,0.16388695800560527,0.2068430420185905,4.048075708007673,4.099787676495907
free,40.0,8.888587416217251e-05,0.03,-6.0,4.0,0.0,0.0,735471,3 5 6 12 13 15 17 20,0 2 6 7 10 14 18 21,82.10784918638475,82.32740333743871,50.445772143067686,50.45010358628022,0.6275060574645437,78.64128810247499,0.5587933921281638,0.044080675273179715,0.044080675273179715,83.04606466482298,83.04606466482298,-0.9382154784382237,0,0.011426623492578392,1.00267397274718,53,53,0,1,9997.62189041628,8936.786146676064,0.10610880821139401,0.824956752843055,0.01626304790199364,0.8257647492553112,0.009941367914733797,0.009844032484897642,0.00996121213965265,0.24533466700813733,0.19983570798649453,4.134614625014365,4.184575009996479
free,40.0,8.888587416217251e-05,0.03,-4.8,4.0,0.0,0.0,735471,0 3 5 8 10 13 15 16,1 9 14 16 17 20 21 23,69.43291625042717,69.4451176449061,38.05853005944005,38.06183305698819,0.8242136721704529,69.43291625042717,0.8242136721704529,0.0,0.0,70.23313656673541,70.23313656673541,-0.8002203163082413,0,0.011525085788159029,1.000175729252606,4,4,0,1,9997.624859589974,9643.011357671305,0.035469774761404005,0.8254831503582195,0.021599064601640253,0.8240464164804933,0.011777267491638025,0.011672439799744461,0.011779198763204095,0.2206537910096813,0.2244239579886198,3.977373791974969,4.033481072488939
free,40.0,8.888587416217251e-05,0.03,-3.6,4.0,0.0,0.0,735471,0 1 2 8 9 14 15 18,3 7 11 12 16 18 19 20,61.68699545696538,61.943979988792705,37.161002238833426,37.16408170230618,0.6598552320246744,61.07430099652188,0.6433690326520829,0.010031952072253603,0.010031952072253603,62.347152944725224,62.347152944725224,-0.6601574877598466,0,0.010701728668571553,1.004165943403851,21,21,0,1,9994.273681679291,8611.096124638801,0.13839700623528262,0.8254884800991208,0.022123111363156783,0.8245514242850953,0.013222358001905823,0.013199981264298584,0.01327769827755562,0.19126195900025778,0.18434216600144282,4.085127832979197,4.131214749490027
free,40.0,8.888587416217251e-05,0.03,-2.4000000000000004,4.0,0.0,0.0,735471,0 2 11 17 18 20 22 23,0 4 6 8 10 12 21 22,59.09306837838105,59.10220928764333,39.34011838059191,39.344447598239064,0.5019417474557673,53.20799529695023,0.3523635111179362,0.11060505190219283,0.11060505190219283,59.802458980340205,59.802458980340205,-0.7093906019591572,0,0.012004633054706781,1.0001546866580655,165,128,0,1,9989.32582658163,9625.600210142742,0.036411427833399124,0.8241621249647921,0.02085846947774469,0.8250602689870734,0.013871002917331298,0.01369807132413376,0.013872987972225534,0.17665999999735504,0.1836525830149185,3.893605999997817,3.9395201877559884
free,40.0,8.888587416217251e-05,0.03,-1.2000000000000002,4.0,0.0,0.0,735471,1 3 5 6 14 15 16 18,0 2 4 8 9 18 19 23,60.16232866078787,60.45195917470798,47.6321890893909,47.63607048851438,0.2629574195313553,59.28310464683145,0.2445003132893866,0.014830937401039357,0.014830937401039357,61.348343133760395,61.348343133760395,-1.1860144729725235,0,0.019713573250457195,1.004814150654858,5,5,0,1,9991.438086142009,9151.686030097811,0.08404716606400453,0.825248572806857,0.01723514115711519,0.8288882678912728,0.0136226344670688,0.013356862901495747,0.013623831976809699,0.23424295897712,0.17532974999630824,3.9320481250179,3.9758812295185635
free,40.0,8.888587416217251e-05,0.03,0.0,4.0,0.0,0.0,735471,0 1 10 11 12 13 14 23,0 1 2 3 4 5 6 7,2.58224219938915,2.6867521424967435,2.5778465419386083,2.6346872371353744,-0.01990560283855425,2.58224219938915,-0.01990560283855425,0.0,,2.762867369856905,2.762867369856905,-0.18062517046775506,0,0.06994896548065221,1.04047255642105,735471,199936,1,0,2.827489405271096,2.7971807815115235,0.010719270495963773,0.8291426033913503,0.3146135925470925,0.8264181332721486,0.30750112966935395,0.31435536751045884,0.31994620661793854,6.495333583996398,0.20017450000159442,10.051710500003537,10.101755417010281
free,40.0,8.888587416217251e-05,0.03,1.1999999999999993,4.0,0.0,0.0,735471,6 8 9 10 11 13 16 19,1 5 6 7 11 15 16 21,116.22805021244213,116.24319847398068,91.08904475379396,91.0978425220929,0.27585952635765976,111.59198152198081,0.22496843429544122,0.04154481914588204,0.04154481914588204,116.24319847398057,112.01310341465766,4.214946797784464,1,0.00013033223486713652,1.0001303322348682,5,5,0,1,9997.818633406514,9857.416445217143,0.014043282173596738,0.8250153481428343,0.008967479516080224,0.825151301734269,0.007009605156424592,0.007009605156424596,0.007010470810583476,0.17497049999656156,0.18440304102841765,3.823442541004624,3.8695443432661705
free,40.0,8.888587416217251e-05,0.03,2.4000000000000004,4.0,0.0,0.0,735471,4 7 8 9 12 13 14 19,1 2 6 7 11 15 16 20,182.5969471126691,182.6466627424642,141.84019619417646,141.8642383354026,0.2871245724448481,162.23179736102944,0.14357077769996418,0.12553118490279203,0.12553118490279203,182.64666274246426,181.86725922211156,0.7296878905575568,1,0.0002722697754879988,1.0002722697754876,154,128,0,1,9997.84074931926,9917.254119139,0.00806040346119219,0.8251530053829497,0.005727611751067952,0.8252362383678958,0.004429325550984407,0.004429325550984407,0.004430515960891413,0.1602043749880977,0.1543043330020737,3.3989859169814736,3.437562917235482
free,40.0,8.888587416217251e-05,0.03,3.5999999999999996,4.0,0.0,0.0,735471,6 8 9 12 19 20 22 23,0 3 5 6 7 9 14 23,320.7512544837432,320.8695521705484,262.2097077878722,262.28995868443394,0.22288804379905813,313.5786709677335,0.195542035007928,0.02287331435481388,0.02287331435481388,320.8695521705484,319.91904645519804,0.8322080285451534,1,0.0003688144166282825,1.0003688144166283,9,9,0,1,9996.561484345133,9575.162568744374,0.042154386411835776,0.8241282458185497,0.0030531644351677175,0.8254721905013213,0.002483724038237888,0.002483724038237888,0.0024846431481124675,0.1611328340077307,0.16202770901145414,3.7414812089991756,3.781988927265047
free,40.0,8.888587416217251e-05,0.03,4.799999999999999,4.0,0.0,0.0,735471,1 2 7 8 10 13 17 20,0 1 5 8 10 13 19 20,525.4889183868471,525.7196173025541,467.6992879353078,467.8602274239675,0.12317501592341462,467.6992879353078,-0.00034399053227041065,0.12356151044543129,0.12356151044543129,525.7196173025536,515.3225845380684,10.166333848778663,1,0.0004390176607620422,1.0004390176607627,35,35,0,1,9985.329166349326,9816.849606643857,0.016872709642186567,0.8252465054675117,0.0016749881572153363,0.825241172939219,0.0014808504373216898,0.0014808504373216907,0.0014815251282841123,0.15078170801280066,0.1710741249844432,3.645828749984503,3.6885984482360072
free,40.0,8.888587416217251e-05,0.03,6.0,4.0,0.0,0.0,735471,3 4 8 10 11 15 16 22,0 4 5 12 13 16 22 23,766.9880944804007,767.3362664361481,723.9775507092149,724.281993451118,0.058963361529662306,723.9775507092149,-0.0004203373059882276,0.059408670516167605,0.059408670516167605,767.3362664361483,761.128991680881,5.859102799519746,1,0.0004539470146318614,1.0004539470146316,6,6,0,1,9995.146623217632,9688.28309747116,0.030701253049521204,0.8249944893624822,0.0010501656234892893,0.8247043248721985,0.0009858767311588209,0.000985876731158821,0.0009863549995712626,0.18445012500160374,0.17745520899188705,4.010241417010548,4.0546061772693065
free,40.0,8.888587416217251e-05,0.05,0.0,0.0,0.0,0.0,735471,9 10 11 12 13 14 15 16,0 1 2 3 4 5 6 7,0.8140274582944627,0.9998771317293185,0.8085141038976329,0.9998763483567696,-0.1858718734248863,0.8140274582944627,-0.1858718734248863,0.0,,0.999877131872441,0.9998771211589791,-0.18584966286451643,0,0.22830885086771846,1.2283088506918982,735471,199936,1,0,0.9999000100159464,0.9998999649241239,4.5096331668936784e-08,0.7187521407397223,0.7187521407397223,0.7233352631694152,0.7233352631694152,0.888278380991337,0.8884691293221293,6.174275666999165,0.21841608299291693,9.730406500020763,9.785011145744647
free,40.0,8.888587416217251e-05,0.05,-6.0,1.0,0.0,0.0,735471,2 6 14 17 18 19 20 23,6 7 8 9 10 11 18 22,19.88189458463598,20.644917392240707,12.690045234981767,12.775271903929111,0.5562795636875004,19.88189458463598,0.5562795636875004,0.0,0.0,21.46428008970601,21.46428008970601,-1.5823855050700288,0,0.0795892714516675,1.0383777715124978,345,345,0,1,9993.640554905342,9479.049815764305,0.051491819854222354,0.7172469781533859,0.05605449671269239,0.7435101704025417,0.03592531346973961,0.03365587211412298,0.036086893214664656,0.24619174998952076,0.28998324999702163,3.9149919589981437,3.98748852150311
free,40.0,8.888587416217251e-05,0.05,-4.8,1.0,0.0,0.0,735471,1 3 7 12 13 21 22 23,7 8 10 11 14 16 17 20,14.057511192221494,14.180362225152903,9.31484573932042,9.316669850104663,0.5088557841366004,14.057511192221494,0.5088557841366004,0.0,0.0,15.825473438121337,15.825473438121337,-1.7679622458998434,0,0.1257663765459507,1.0087391737592488,621,621,0,1,9993.012952819852,5705.382358751397,0.42906284764281843,0.7183528317096255,0.07701514842856194,0.7196069485325515,0.05065783956957325,0.046037505619394105,0.051020150531916574,0.3543255419936031,0.11786937501165085,3.5561810419894755,3.58564896875032
free,40.0,8.888587416217251e-05,0.05,-3.6,1.0,0.0,0.0,735471,1 16 17 18 19 21 22 23,3 4 6 7 11 12 19 20,10.872008899219232,11.150339238604683,5.194452473545966,5.195539196278067,1.092566043387301,10.494763065416448,1.0199564797691432,0.035946102970721316,0.035946102970721316,11.349003114646852,11.349003114646852,-0.4769942154276201,0,0.04387360421144204,1.0256006357210985,117,117,0,1,9993.88068006852,7554.374297985595,0.24410001081443755,0.7159649170476666,0.137714889633982,0.7253749644829747,0.06496518548284039,0.06339308097805531,0.06611803437844475,0.21513179200701416,0.11669566601631232,3.8825216249970254,3.911696666480566
free,40.0,8.888587416217251e-05,0.05,-2.4000000000000004,1.0,0.0,0.0,735471,5 6 7 8 15 19 21 23,8 10 14 18 19 21 22 23,8.303797445494672,8.657306009913794,6.4338701287712325,6.438877927048708,0.28963424055792886,8.303797445494672,0.28963424055792886,0.0,0.0,9.017246378130524,8.959461002749734,-0.6556635572550622,0,0.08591839303871063,1.0425719156493785,106,106,0,1,9991.83260819807,7901.392844034106,0.20921485038178145,0.7182947728715414,0.11146700647380403,0.7409902899344043,0.08550243885039642,0.0805691817435993,0.08615507011076375,0.27382654100074433,0.30216420799843036,3.6631520000228193,3.738693844024965
free,40.0,8.888587416217251e-05,0.05,-1.2000000000000002,1.0,0.0,0.0,735471,1 2 4 7 14 16 17 19,6 7 13 16 20 21 22 23,7.421149170723966,7.425966820635137,6.78897055768996,6.790338415047096,0.09289827945526574,7.421149170723966,0.09289827945526574,0.0,0.0,7.425966820635137,7.408812258905917,0.012336911818048968,1,0.0006491784224167407,1.0006491784224167,1,1,0,1,9986.436023697475,9610.065044167113,0.037688218162840736,0.7199134911824516,0.10593138103730053,0.716633325737721,0.09641482105681332,0.09641482105681332,0.09647423361276436,0.23714366601780057,0.15010666599846445,3.6206646250211634,3.658192416500242
free,40.0,8.888587416217251e-05,0.05,0.0,1.0,0.0,0.0,735471,0 1 10 11 12 13 14 23,0 1 2 3 4 5 6 7,0.9044217673101382,1.1012194082573825,0.8996695795679692,1.0939339697253714,-0.1732391603698069,0.9044217673101382,-0.1732391603698069,0.0,,1.109692008273994,1.109692008273994,-0.20527024096385582,0,0.2269629595209266,1.21759498506161,735471,199936,1,0,1.1112857420127809,1.1110716821522353,0.000192623600261288,0.730486269604985,0.6676719569382894,0.723338714399168,0.6567636078026524,0.7994554528606352,0.799660355907827,6.436694167001406,0.16406345900031738,10.178985832986655,10.220002864742128
free,40.0,8.888587416217251e-05,0.05,1.1999999999999993,1.0,0.0,0.0,735471,0 2 10 12 14 16 20 22,0 1 2 3 6 7 8 9,18.79242428445268,18.799252716574856,9.436672388013248,9.438096237964107,0.9911244609756591,18.517769721798864,0.9620238292667944,0.014831946113386119,0.014831946113386119,18.799252716574856,18.701669270592273,0.09075501386040585,1,0.0003633608957960277,1.000363360895796,16,16,0,1,9994.380296960511,9915.084165526485,0.007934071856175229,0.7188100392604766,0.07607160466725778,0.7228388689194442,0.03836151850186573,0.03836151850186573,0.038374199664595654,0.20373841698165052,0.15510062500834465,3.83908370899735,3.8778599482320715
free,40.0,8.888587416217251e-05,0.05,2.4000000000000004,1.0,0.0,0.0,735471,0 3 8 14 18 21 22 23,2 4 5 12 13 16 20 22,45.78325515339916,46.5163921811094,39.471248267207905,39.4933508038872,0.15926489450707382,41.71614070675295,0.0562826363836153,0.0974949834222758,0.0974949834222758,46.516392181109396,45.98683366372595,-0.20357851032679264,0,0.016013213242566993,1.0160132132425672,143,128,0,1,9995.653449715912,9951.369044204537,0.004430366232097915,0.7178461799705661,0.018087494842054765,0.7300305617895907,0.01560516363310079,0.01560516363310078,0.015614340369478421,0.21990704201743938,0.20945870902505703,3.89814304097672,3.9505090102393297
free,40.0,8.888587416217251e-05,0.05,3.5999999999999996,1.0,0.0,0.0,735471,3 7 8 9 12 14 17 23,4 5 9 12 14 17 21 22,96.21851886005602,96.28566032396208,72.05413144657078,72.08916744029453,0.33471535705757494,89.01639635886823,0.23480960482159996,0.0809078191859458,0.0809078191859458,96.28566032396208,95.62412541248987,0.5943934475661479,1,0.0006978018857648483,1.0006978018857648,66,66,0,1,9992.401296166941,8953.411447775623,0.10397799463777258,0.7191007354576963,0.009886270740779562,0.7183236103980796,0.007371452539483357,0.007371452539483357,0.007376416370480643,0.14859266698476858,0.2342369160032831,3.8436939170060214,3.902254063010332
free,40.0,8.888587416217251e-05,0.05,4.799999999999999,1.0,0.0,0.0,735471,2 3 7 8 13 14 15 16,3 7 9 10 11 18 19 20,183.06463253290175,183.21386511012722,107.68414646983429,107.73158842808868,0.6992660667497557,157.66110176359948,0.4634621475839369,0.16112744668873935,0.16112744668873935,183.2138651101273,179.97547329019866,3.08915924270309,1,0.0008151906523983232,1.0008151906523979,113,113,0,1,9995.347287222416,9930.599252096836,0.006477817454962342,0.7201336070659657,0.006595630873185873,0.7188372685676352,0.003834601401953925,0.0038346014019539237,0.003837652990998675,0.17320487499819137,0.19952991700847633,4.007264624990057,4.057148146246618
free,40.0,8.888587416217251e-05,0.05,6.0,1.0,0.0,0.0,735471,0 1 2 5 12 19 21 22,0 2 6 13 14 16 17 20,289.50848876722586,289.7410251903022,244.6107690289403,244.7531920321529,0.1828588888401239,250.2805437113379,0.02258336912091785,0.1567358951446567,0.1567358951446567,292.00579897112544,292.00579897112544,-2.4973102038995876,0,0.008626034471505672,1.0008032110701366,167,128,0,1,9994.963354734233,9926.470123571666,0.006852774615739299,0.7196478219474169,0.002851414172477782,0.719376980881187,0.0023939416108607007,0.0023939416108607,0.002395852318974672,0.20101816600072198,0.1888355829869397,3.7140577920072246,3.7612675627315184
free,40.0,8.888587416217251e-05,0.05,-6.0,2.0,0.0,0.0,735471,1 10 13 14 17 18 21 22,0 1 3 4 5 12 17 23,20.99069794072599,21.744801685640162,17.176826585556917,18.033906465196928,0.1639573478566767,20.99069794072599,0.1639573478566767,0.0,0.0,23.269841143942315,23.269841143942315,-2.279143203216325,0,0.10857872423547898,1.0359256155771297,400,400,0,1,9996.82446390163,7585.59842063993,0.24119919800218537,0.7514839489654981,0.04158172777883439,0.7358201830647473,0.033750014737686976,0.031120890921984144,0.034250090066797995,0.2367763750080485,0.1779212919936981,4.171943499997724,4.2164251979775145
free,40.0,8.888587416217251e-05,0.05,-4.8,2.0,0.0,0.0,735471,6 7 11 12 13 16 17 23,2 5 6 15 16 19 22 23,16.23315221386116,16.63791838136445,12.706139713133403,12.758889035466636,0.272301386800756,16.23315221386116,0.272301386800756,0.0,0.0,17.576390465763435,17.576390465763435,-1.3432382519022745,0,0.08274660609387441,1.0249345390328852,82,82,0,1,9994.70695628616,8914.700830811784,0.10805780801758347,0.7183160055291123,0.0562103736877297,0.7316056532124244,0.043883300816684345,0.040832620870305494,0.044138274347830506,0.27120137499878183,0.18541962502058595,4.168933332985034,4.2152892812446225
free,40.0,8.888587416217251e-05,0.05,-3.6,2.0,0.0,0.0,735471,3 4 6 7 8 9 11 12,5 6 7 8 19 20 22 23,8.962293861741138,8.97171432613218,5.972338097929484,5.973436416895727,0.5003581249130729,8.42640662218197,0.4106464075432481,0.06359617611479607,0.06359617611479607,8.971714326132176,8.943116282262839,0.019177579478299123,1,0.0010511220158995194,1.0010511220159,386,137,0,1,9997.315212063699,7633.305981697182,0.23646440871584018,0.721371537407505,0.12067435442201345,0.7178469319125497,0.07992335100922315,0.07992335100922318,0.08000476616672783,0.13875633300631307,0.2259360000025481,3.781847792008193,3.838333249994321
free,40.0,8.888587416217251e-05,0.05,-2.4000000000000004,2.0,0.0,0.0,735471,2 8 12 14 15 16 21 22,15 16 17 18 19 20 21 22,10.90435083810525,11.243439173680006,8.965040754875783,9.482248898004343,0.1499751752350864,10.90435083810525,0.1499751752350864,0.0,0.0,11.360178087949658,11.232199411054724,-0.327848572949474,0,0.04180232795257455,1.031096609106689,12,12,0,1,9991.279823037694,9961.628623053482,0.0029677078922204503,0.7589692607057412,0.07995217494058567,0.7317231815080399,0.06499112836391416,0.06287759382045624,0.0655074595955307,0.23728550001396798,0.1791209999937564,4.071909417019924,4.116690541995922
free,40.0,8.888587416217251e-05,0.05,-1.2000000000000002,2.0,0.0,0.0,735471,0 3 9 10 15 20 21 22,4 8 9 10 16 19 20 21,10.425183859298071,10.565161446516354,9.654782778314742,10.05377752187105,0.03694196898818003,10.015578528160566,-0.003799466780260996,0.04089682188460997,0.04089682188460997,10.937419096020918,10.937419096020918,-0.5122352367228462,0,0.04913440795252644,1.0134268698861784,113,113,0,1,9979.398839871481,7891.628069585532,0.20920806992346208,0.7420485396177268,0.07371904731348494,0.7181407016978496,0.06788363923425837,0.06655306052081764,0.06879355630999313,0.18734183302149177,0.1851084170048125,4.099173291993793,4.1454511882475344
free,40.0,8.888587416217251e-05,0.05,0.0,2.0,0.0,0.0,735471,0 1 10 11 12 13 14 23,0 1 2 3 4 5 6 7,1.175592640614903,1.4045925542264368,1.1694580582669327,1.376506980162975,-0.14595955011015216,1.175592640614903,-0.14595955011015216,0.0,,1.4388239598702919,1.4388239598702919,-0.2632313192553888,0,0.22391371820574135,1.1947952936246296,735471,199936,1,0,1.4487335147852305,1.4459419461743184,0.0019269027619106538,0.730486269604985,0.5305922368023804,0.723338714399168,0.5148922823106132,0.6133498093072172,0.6151842943654455,6.890155916014919,0.22901070798980072,10.719773749995511,10.777027301999624
free,40.0,8.888587416217251e-05,0.05,1.1999999999999993,2.0,0.0,0.0,735471,0 2 3 4 7 9 19 20,0 1 11 12 15 18 21 22,23.76461802919593,24.137473156127253,17.222285413681966,17.22593409126435,0.379583708104833,22.128550380603812,0.2846067019277456,0.07393469614829207,0.07393469614829207,24.137473156127253,24.0131968340032,-0.2485788048072699,0,0.01568950641130673,1.0156895064113067,113,113,0,1,9987.329941383818,8715.489004954397,0.12734544106321943,0.7209295759662712,0.04176252097244073,0.7290551740055751,0.030115401430058225,0.030115401430058225,0.030144347981795286,0.1939443330047652,0.20010020799236372,3.8807623340107966,3.9307882610155502
free,40.0,8.888587416217251e-05,0.05,2.4000000000000004,2.0,0.0,0.0,735471,0 1 2 8 9 15 16 17,0 1 2 7 11 12 13 19,47.23289553426119,47.92580086863721,45.80567254667014,46.49541965115138,0.01586125877867084,46.00916968819757,-0.010458018587681917,0.026597433823665417,0.026597433823665417,47.92580086863721,47.567348173441125,-0.3344526391799363,0,0.014669973681232573,1.0146699736812326,51,51,0,1,9986.867294155527,8927.205022440243,0.10610557249873698,0.7312509598120259,0.01563849039856532,0.731166772150806,0.015167338516430824,0.015167338516430824,0.01517356107577559,0.19182879198342562,0.18464966700412333,3.898953583004186,3.945116957766004
free,40.0,8.888587416217251e-05,0.05,3.5999999999999996,2.0,0.0,0.0,735471,14 15 17 18 19 20 22 23,0 1 3 4 19 20 22 23,62.39124567411486,62.419362791635926,43.80211394848879,43.81026103030331,0.42412403411518573,60.09991452022174,0.37182279006854047,0.03812536460633664,0.03812536460633664,62.419362791635926,62.06446212217222,0.32678355194263986,1,0.00045065805654731506,1.0004506580565473,12,12,0,1,9986.893863637933,9688.755891523637,0.029852922859209596,0.7152948171538859,0.016238221071380118,0.7189111272628437,0.011428551906525593,0.011428551906525593,0.011433331780035492,0.1255273330025375,0.21854787500342354,3.8646781250135973,3.9193159277638188
free,40.0,8.888587416217251e-05,0.05,4.799999999999999,2.0,0.0,0.0,735471,2 4 5 6 10 11 14 21,0 2 4 7 10 17 19 23,156.54350531119235,157.44428544106034,114.609639798962,114.65890354074462,0.3652974211075011,156.54350531119235,0.3652974211075011,0.0,0.0,157.44428544106023,156.77862969536758,-0.2351243841752364,0,0.005754183976379057,1.00575418397638,2,2,0,1,9995.739384916238,9472.826419861141,0.05231358531057562,0.7204300008416806,0.0061943592868703694,0.719711571361532,0.004482328440446647,0.004505805182700059,0.004508451993033655,0.18326774999150075,0.17313650000141934,3.832251624990022,3.8755369999998948
free,40.0,8.888587416217251e-05,0.05,6.0,2.0,0.0,0.0,735471,0 6 9 15 16 20 21 22,0 4 10 12 13 14 16 23,282.1551820511392,286.67659343211386,169.63917427305068,169.6977540774334,0.6626924945771013,276.62036688895296,0.6300767702719896,0.0200087044364603,0.0200087044364603,286.67659343211363,279.64918426397645,2.5059977871627552,1,0.016024555523332262,1.0160245555233332,4,4,0,1,9995.65166433391,9884.267231414116,0.011143288767977988,0.717913300321488,0.004141655091005244,0.7301479845938281,0.002458053783004955,0.002458053783004956,0.0024597214768120788,0.1532347500033211,0.1959454579919111,3.67857470799936,3.727561739498924
free,40.0,8.888587416217251e-05,0.05,-6.0,4.0,0.0,0.0,735471,3 5 6 12 13 15 17 20,0 1 3 4 8 9 19 22,27.686456344604423,27.903631396977005,17.641790631906257,17.64427320497298,0.5691468853928814,26.71992084131514,0.5143678932484574,0.03617284306451962,0.03617284306451962,29.700751565482253,29.700751565482253,-2.0142952208778304,0,0.0727538113150541,1.0078440898925263,502,250,0,1,9997.62189041628,8331.231076408003,0.16667871942683476,0.7192427641592052,0.040674638687251276,0.7207670555128138,0.02574169672129526,0.024122815676447983,0.025943429638740707,0.24257408297853544,0.22300525000900961,4.153247292008018,4.208999729518837
free,40.0,8.888587416217251e-05,0.05,-4.8,4.0,0.0,0.0,735471,0 3 5 8 10 13 15 16,4 5 13 14 18 19 21 22,23.544523835458733,24.29643837920089,13.222275778474025,13.224147319215984,0.7804190521415495,22.891281442500798,0.7310213573647595,0.02853673327981987,0.02853673327981987,24.83212691908995,24.83212691908995,-1.2876030836312182,0,0.05468800697052334,1.0319358568895647,106,106,0,1,9997.624859589974,7835.177426380105,0.21629611668571413,0.7206402039776736,0.05440538030287237,0.7353623390900585,0.03017737486797071,0.028805333002990072,0.030383411293925387,0.2506094589771237,0.2144912910007406,4.031221417011693,4.084845531768224
free,40.0,8.888587416217251e-05,0.05,-3.6,4.0,0.0,0.0,735471,0 1 2 8 9 14 15 18,2 6 10 11 14 15 17 18,20.526561251501224,21.09824751467065,12.780465474203213,12.782269421769517,0.6058620401587205,20.413307634898928,0.5970018281834186,0.005548028699115637,0.005548028699115637,22.06419809888397,22.06419809888397,-1.5376368473827462,0,0.07490961727796908,1.0278510489976793,418,392,0,1,9994.273681679291,9261.552771410634,0.07331407299880366,0.7207809231704037,0.056300234037740156,0.7375658805056525,0.03486974659011178,0.03274506234242824,0.03494432609455657,0.31266591598978266,0.22636483400128782,4.295135209016735,4.351727417495567
free,40.0,8.888587416217251e-05,0.05,-2.4000000000000004,4.0,0.0,0.0,735471,0 2 11 17 18 20 22 23,0 4 6 8 10 12 21 22,19.58258310374689,20.085332013931286,13.344422028740857,13.346439680451162,0.4672514597604598,18.746637755549088,0.40461712669392425,0.044591748082952076,0.044591748082952076,20.36501676713751,20.36501676713751,-0.7824336633906199,0,0.03995559008969107,1.0256732683079077,207,136,0,1,9989.32582658163,9625.600210142742,0.036411427833399124,0.7175693378194611,0.0536759649025211,0.7357151739969127,0.036540589480619966,0.03521775994752031,0.03666136442871422,0.22314354201080278,0.221722292015329,4.052148499991745,4.107580198004143
free,40.0,8.888587416217251e-05,0.05,-1.2000000000000002,4.0,0.0,0.0,735471,1 3 5 6 14 15 16 18,0 2 4 8 9 18 19 23,19.969415426122143,20.58416354121831,15.95572397842259,15.957564882591543,0.25140744048656294,19.632264396265565,0.23027946561463364,0.017173313431980475,0.017173313431980475,20.88990636301483,20.88990636301483,-0.920490936892687,0,0.046095036697398006,1.0307844822684198,42,42,0,1,9991.438086142009,9151.686030097811,0.08404716606400453,0.720078871073319,0.04503572282217275,0.730680593714741,0.03540833470765091,0.034653298902820186,0.03594679800705729,0.24409566601389088,0.1815564589924179,4.010805999976583,4.056196031728177
free,40.0,8.888587416217251e-05,0.05,0.0,4.0,0.0,0.0,735471,0 1 10 11 12 13 14 23,0 1 2 3 4 5 6 7,2.260095392222357,2.6113625048245543,2.248432127580243,2.506233753864188,-0.09821045673107198,2.260095392222357,-0.09821045673107198,0.0,,2.7525510385788117,2.7525510385788117,-0.49245564635645467,0,0.21789153150399643,1.155421365757839,735471,199936,1,0,2.827489405271096,2.7971807815115235,0.010719270495963773,0.730486269604985,0.29137884672607867,0.723338714399168,0.27690778274721173,0.3142841969535322,0.3199465538451219,6.415613374992972,0.21776925001177005,9.983164375007618,10.037607687518175
free,40.0,8.888587416217251e-05,0.05,1.1999999999999993,4.0,0.0,0.0,735471,6 8 9 10 11 13 16 19,1 5 6 7 11 15 16 21,37.92845313894025,37.934536464044776,29.675768565128152,29.679604017217496,0.27792989141423496,37.23260409458866,0.254484529948229,0.01868923921044585,0.01868923921044585,37.944320375274614,37.944320375274614,-0.015867236334365487,0,0.000418346518805901,1.000160389486021,11,11,0,1,9997.818633406514,9857.416445217143,0.014043282173596738,0.719248668611285,0.02414488315436126,0.7198145145386002,0.018886290353992266,0.01886258510019029,0.018888727990039142,0.1532236670027487,0.1597853339917492,3.435824040992884,3.475770958488283
free,40.0,8.888587416217251e-05,0.05,2.4000000000000004,4.0,0.0,0.0,735471,4 7 8 9 12 13 14 19,0 2 6 8 11 14 22 23,60.45427037902746,60.518903407186635,45.980508051756324,45.990438718318785,0.31449649239696176,57.37717227723305,0.247589148445734,0.053629309003354164,0.053629309003354164,60.518903407186635,60.42794887512736,0.026321503900099685,1,0.0010691226236616558,1.0010691226236617,37,37,0,1,9997.84074931926,7073.335896824641,0.2925136462784472,0.7196379870791358,0.015558670599190007,0.7194430635538829,0.011799020598849843,0.011808507259994954,0.011811316297456527,0.1741891249839682,0.16800366598181427,3.5743343329813797,3.6163364584790543
free,40.0,8.888587416217251e-05,0.05,3.5999999999999996,4.0,0.0,0.0,735471,6 8 9 12 19 20 22 23,4 5 7 8 10 11 19 23,107.50210884046848,107.5431222381672,84.96243464489143,84.99059166086658,0.2648706961522094,105.09860170270413,0.2365910114153984,0.022869068653865066,0.022869068653865066,108.15379611579795,108.15379611579795,-0.6516872753294649,0,0.006062088291649781,1.0003815124944162,7,7,0,1,9996.561484345133,9268.951260119049,0.07278605001985328,0.7172710713336038,0.008350531446235975,0.719481460989479,0.0066012812515058045,0.006601281251505806,0.0066036204800702224,0.1424665840168018,0.1696197090204805,3.6169349999981932,3.6593404272571206
free,40.0,8.888587416217251e-05,0.05,4.799999999999999,4.0,0.0,0.0,735471,1 2 7 8 10 13 17 20,0 1 5 8 10 13 19 20,176.46211454965024,176.54176322014,153.70193717042875,153.761050914023,0.14763858272743446,155.6226647222809,0.012107187074955839,0.13391012076909714,0.13391012076909714,176.54176322014,173.70862914529633,2.75348540435391,1,0.00045136413950985776,1.0004513641395099,89,89,0,1,9985.329166349326,9816.849606643857,0.016872709642186567,0.7200762518932269,0.004594200301516117,0.7201609661663883,0.003990380997486653,0.003990380997486653,0.0039920887441669455,0.18266170800779946,0.20269804101553746,4.4248803340015,4.475556177239923
free,40.0,8.888587416217251e-05,0.05,6.0,4.0,0.0,0.0,735471,3 4 8 10 11 15 16 22,0 5 12 13 16 19 22 23,264.753842933495,264.8873156988128,241.38573898167468,241.49749632095953,0.09630057026192462,245.86451487436688,0.018083080031618293,0.07682819974562127,0.07682819974562127,264.8873156988128,264.08048969085155,0.6733532426434294,1,0.0005041391046072263,1.0005041391046072,12,12,0,1,9995.146623217632,9526.557282193233,0.04688168755182809,0.7193655074579595,0.0028898841686621837,0.7178336563127176,0.0026210727149041393,0.0026210727149041393,0.0026223492616575597,0.18252454200410284,0.1720348329981789,4.045502416003728,4.088511791254859
free,40.0,8.888587416217251e-05,0.08,0.0,0.0,0.0,0.0,735471,9 10 11 12 13 14 15 16,0 1 2 3 4 5 6 7,0.5718523317599427,0.9998251256571444,0.5606691740939618,0.9998217158090347,-0.4280456978300259,0.5718523317599427,-0.4280456978300259,0.0,,0.9998251264028107,0.9998250799494877,-0.427972748189545,0,0.7483973936518393,1.7483973923478904,735471,199936,1,0,0.9999000100159464,0.9998999649241239,4.5096331668936784e-08,0.4984739630295087,0.4984739630295087,0.5081953638951119,0.5081953638951119,0.8881933200451229,0.8884731284790698,6.29455170800793,0.20271404201048426,9.773552708007628,9.824231718514056
free,40.0,8.888587416217251e-05,0.08,-6.0,1.0,0.0,0.0,735471,2 6 14 17 18 19 20 23,5 6 7 8 9 10 11 22,6.224502177948176,7.127373624711986,4.272902050504542,4.625996689123155,0.3455483426054968,6.224502177948176,0.3455483426054968,0.0,0.0,7.9832077801560555,7.9832077801560555,-1.758705602207879,0,0.2825455838763338,1.1450511897903182,56296,56296,0,1,9993.640554905342,9227.06533787247,0.07670630265530232,0.5114576801741239,0.11047273242026624,0.5677892267891604,0.07957429115089586,0.06385294035503535,0.08045790990659779,2.1399796250043437,0.27678304197615944,5.446373915998265,5.515570551469864
free,40.0,8.888587416217251e-05,0.08,-4.8,1.0,0.0,0.0,735471,1 3 7 12 13 21 22 23,6 7 9 10 13 15 16 19,4.542952769276309,5.059355969368733,3.1896515602936324,3.3537944069919625,0.35457103745095386,4.542952769276309,0.35457103745095386,0.0,0.0,5.864637305843424,5.864637305843424,-1.3216845365671146,0,0.2909307236266201,1.1136712676356277,55200,55200,0,1,9993.012952819852,3106.797244590963,0.6891030503753846,0.49802964054909304,0.1484084816182533,0.5367630782237701,0.10600427726231965,0.08759200792431064,0.10976416000697664,2.15865495899925,0.11495474999537691,5.331198084022617,5.359937521498068
free,40.0,8.888587416217251e-05,0.08,-3.6,1.0,0.0,0.0,735471,1 16 17 18 19 21 22 23,3 4 6 7 11 12 20 23,3.292491598550967,3.7645614139516455,1.8182611008294705,1.8190402891971627,0.8100157638642052,3.2631191257866443,0.7938685279075535,0.009001348596870962,0.009001348596870962,4.090450050017119,4.090450050017119,-0.797958451466152,0,0.24235701977716073,1.1433776826062176,19270,18461,0,1,9993.88068006852,5494.2438312324875,0.4502392006550534,0.4932337037391051,0.27106162501243003,0.5641543292088116,0.14977035858338036,0.12259106539645136,0.15183434563114984,0.7733404169848654,0.12434424998355098,4.042507917009061,4.073594770488853
free,40.0,8.888587416217251e-05,0.08,-2.4000000000000004,1.0,0.0,0.0,735471,5 6 7 8 15 19 21 23,3 9 12 13 15 16 18 19,2.564230652792436,2.7999523009832195,2.050060330893686,2.184229511518235,0.17397491393203723,2.526844132066497,0.1568583423772687,0.01479573680524715,0.01479573680524715,3.172779524875143,3.172779524875143,-0.6085488720827072,0,0.23732220477904375,1.09192685062636,20417,18694,0,1,9991.83260819807,3929.431390470906,0.6067356665636194,0.49780336466413844,0.22781910732849375,0.5181787032835172,0.18497808941022242,0.16195089542533905,0.19399041272689224,0.8591044160129968,0.15069908398436382,4.654266917001223,4.691942771009053
free,40.0,8.888587416217251e-05,0.08,-1.2000000000000002,1.0,0.0,0.0,735471,1 2 4 7 14 16 17 19,2 3 4 5 6 11 12 13,2.3112282054602287,2.339037075083981,2.162393754523593,2.1914972353376183,0.0546343240557019,2.3012362077520803,0.05007488517208003,0.004342013077357709,0.004342013077357709,2.405533235139941,2.405533235139941,-0.09430502967971233,0,0.04080299360180817,1.0120320743568525,316,276,0,1,9986.436023697475,9977.176964826858,0.0009271634894215675,0.5010918224452134,0.22856384266465166,0.5044291727648729,0.21556788080909434,0.20630554784118732,0.2181333619581797,0.26728612498845905,0.18643475000862963,3.3739613750076387,3.420570979513286
free,40.0,8.888587416217251e-05,0.08,0.0,1.0,0.0,0.0,735471,0 1 10 11 12 13 14 23,0 1 2 3 4 5 6 7,0.6353544022857576,1.093676728977625,0.625693153275376,1.0810708159439686,-0.41229159744639,0.6353544022857576,-0.41229159744639,0.0,,1.1087002829679955,1.1087002829679955,-0.47334588068223793,0,0.745010782925756,1.7213648399113979,735471,199936,1,0,1.1112857420127809,1.1110716821522353,0.000192623600261288,0.5253718014836776,0.48588464493929695,0.5082004893867303,0.4645826902156015,0.7994095674549302,0.7996635955648065,6.3396844580129255,0.168483457993716,10.084714917000383,10.12683657251182
free,40.0,8.888587416217251e-05,0.08,1.1999999999999993,1.0,0.0,0.0,735471,0 2 10 12 14 16 20 22,0 1 2 3 6 7 8 9,5.479319929334346,5.481746242015345,2.722359879496436,2.7232352740853845,1.0120626306056533,5.417618309359649,0.9894051611751358,0.011389067381897044,0.011389067381897044,5.481746242015343,5.44245134261754,0.03686858671680593,1,0.0004428127417799299,1.0004428127417802,5,5,0,1,9994.380296960511,9915.084165526485,0.007934071856175229,0.4988814148894481,0.18310550046361046,0.507119642544068,0.09242171570334305,0.0922433051916899,0.09245016648095933,0.26321224999264814,0.18948579099378549,4.043683583004167,4.091056030731124
free,40.0,8.888587416217251e-05,0.08,2.4000000000000004,1.0,0.0,0.0,735471,0 3 8 14 18 21 22 23,0 3 7 9 10 18 20 23,12.930558872714277,13.03986106440217,10.866826619786464,11.088748791098965,0.1660971960239328,12.447135048055678,0.12250131034144274,0.038838160170368896,0.038838160170368896,13.460326395035835,13.460326395035835,-0.5297675223215581,0,0.04097019529754897,1.0084530137300205,79,79,0,1,9995.653449715912,8990.69438144661,0.10053960687261154,0.4970455740641338,0.04473542960344307,0.49968925378984264,0.03823125046179591,0.037768550336664694,0.03854983481849022,0.2257784170215018,0.2007917080190964,4.084108375012875,4.134307468004408
free,40.0,8.888587416217251e-05,0.08,3.5999999999999996,1.0,0.0,0.0,735471,3 7 8 9 12 14 17 23,3 4 8 11 13 16 20 21,27.20727684164097,27.344484363195953,20.17918025974131,20.19135471606512,0.3474715899074208,26.70326401603134,0.322509776661249,0.018874577478882104,0.018874577478882104,27.57853048297759,27.57853048297759,-0.3712536413366223,0,0.013645380370019833,1.0050430450042316,19,19,0,1,9992.401296166941,9044.462551104963,0.09486596033984396,0.4993545840978815,0.024642222618551955,0.49892250305747354,0.018156932786400813,0.018156932786400813,0.018246469911429097,0.1414080000249669,0.17709483299404383,3.881998750002822,3.9262733332579955
free,40.0,8.888587416217251e-05,0.08,4.799999999999999,1.0,0.0,0.0,735471,2 3 7 8 13 14 15 16,3 7 9 10 11 18 19 20,51.66619890702662,51.7150670660029,30.11206430085943,30.129923458451184,0.7147802907058065,46.375093245053954,0.5391706291257152,0.11409369322479956,0.11409369322479956,51.71506706600289,51.44343120291149,0.22276770411512814,1,0.0009458438981393424,1.0009458438981398,110,110,0,1,9995.347287222416,9930.599252096836,0.006477817454962342,0.501422928749339,0.01655313877089859,0.4988111944521365,0.009556488728475658,0.009556488728475662,0.009564197349925719,0.17847512502339669,0.20226712501607835,3.7345739159791265,3.7851416562334634
free,40.0,8.888587416217251e-05,0.08,6.0,1.0,0.0,0.0,735471,0 1 2 5 12 19 21 22,0 1 2 4 8 15 16 22,82.0066001984679,83.22291643908338,68.78936603245485,68.83812967422983,0.19129616952925144,82.0066001984679,0.19129616952925144,0.0,0.0,83.2229164390834,83.06265502998941,-1.0560548315215215,0,0.014831931060083514,1.0148319310600833,4,4,0,1,9994.963354734233,9103.542456992182,0.08918701010742769,0.5007349007315496,0.007185206305582278,0.5026858460449198,0.005951347604231612,0.005976995047704738,0.006040069593202724,0.20638812499237247,0.23293795899371617,3.7796949589974247,3.8379301987515646
free,40.0,8.888587416217251e-05,0.08,-6.0,2.0,0.0,0.0,735471,1 10 13 14 17 18 21 22,12 13 15 16 18 19 21 22,6.602191156169845,7.445464785466449,5.286902837847989,6.165803621785249,0.07077545136902108,6.552370546016002,0.06269530266337386,0.007603448218314712,0.007603448218314712,8.657555693058077,8.657555693058077,-2.0553645368882316,0,0.31131551454208695,1.1277263274191254,72991,72497,0,1,9996.82446390163,3920.980426504808,0.6077774056488234,0.5752166125978769,0.09320254017215236,0.5334878519406683,0.07156384062614132,0.059138025686085074,0.07464199237404237,2.480450083006872,0.19663004198810086,6.455095457989955,6.504254093495547
free,40.0,8.888587416217251e-05,0.08,-4.8,2.0,0.0,0.0,735471,6 7 11 12 13 16 17 23,2 5 6 11 15 16 19 23,5.02658554858632,5.725534550004009,4.236641402223246,4.5340088896447845,0.10864042637113713,5.02658554858632,0.10864042637113713,0.0,0.0,6.352637311723227,6.352637311723227,-1.326051763136907,0,0.26380765836360753,1.1390504537646358,47387,47387,0,1,9994.70695628616,7835.1482019988225,0.2160702423525369,0.511400272281372,0.11270318946767455,0.5595226618169886,0.09763520555003452,0.07836727542713304,0.09912296918752822,2.019411207991652,0.19543712501763366,6.115596333023859,6.164456323276681
free,40.0,8.888587416217251e-05,0.08,-3.6,2.0,0.0,0.0,735471,3 4 6 7 8 9 11 12,0 7 8 9 20 21 22 23,3.024338857922851,3.0809018717273067,2.0925129635049897,2.09329561967132,0.4447738912279,3.024338857922851,0.4447738912279,0.0,0.0,3.4048943859125282,3.4048943859125282,-0.38055552798967707,0,0.12583098186657793,1.0187026045895213,5432,5432,0,1,9997.315212063699,1146.6428289565713,0.8853049239086785,0.5039138360976735,0.24063862120235663,0.49691727649968925,0.1612006641305878,0.15768478213677603,0.164194342481793,0.48593941700528376,0.17868191600427963,4.147617999988142,4.1924411459840485
free,40.0,8.888587416217251e-05,0.08,-2.4000000000000004,2.0,0.0,0.0,735471,2 8 12 14 15 16 21 22,6 15 16 17 18 20 21 22,3.222516959007998,3.650981884497015,2.597314688778617,3.0605712987761176,0.05291353947435917,3.222516959007998,0.05291353947435917,0.0,0.0,3.789086190215582,3.789086190215582,-0.5665692312075841,0,0.17581574850175308,1.1329597115978913,9508,9508,0,1,9991.279823037694,8658.042971024553,0.13344004728393144,0.5852983495640152,0.19114938058872608,0.5439762653499122,0.14890562644039404,0.1297012670825897,0.15305115725085477,0.5633791669970378,0.1691942919860594,4.4772813330055214,4.519581448010285
free,40.0,8.888587416217251e-05,0.08,-1.2000000000000002,2.0,0.0,0.0,735471,0 3 9 10 15 20 21 22,0 1 2 3 15 21 22 23,2.991816339041451,3.295890174024198,2.74220879700601,3.1805927637380536,-0.05935259202273335,2.991816339041451,-0.05935259202273335,0.0,0.0,3.540893690241645,3.540893690241645,-0.5490773512001939,0,0.18352642307452371,1.1016351943181677,3495,3495,0,1,9979.398839871481,6002.545487940299,0.3985063044120599,0.5708971462173965,0.17940506026260716,0.5196543606640649,0.15757849174648839,0.1440689608496134,0.16701047519931192,0.4273568330099806,0.19169825001154095,4.223816500016255,4.2717422285059
free,40.0,8.888587416217251e-05,0.08,0.0,2.0,0.0,0.0,735471,0 1 10 11 12 13 14 23,0 1 2 3 4 5 6 7,0.8258521461238041,1.373880265656346,0.8133233741719489,1.3252947579647891,-0.37685398575631757,0.8258521461238041,-0.37685398575631757,0.0,,1.4347750904884096,1.4347750904884096,-0.6089229443646055,0,0.7373268292909678,1.6635910823804854,735471,199936,1,0,1.4487335147852305,1.4459419461743184,0.0019269027619106538,0.5253718014836776,0.39632994723921516,0.5082004893867303,0.36981270023235846,0.6133585054801393,0.6151862117400224,6.663481041992782,0.20324320899089798,10.508499541989295,10.559311427248758
free,40.0,8.888587416217251e-05,0.08,1.1999999999999993,2.0,0.0,0.0,735471,0 2 3 4 7 9 19 20,0 1 2 5 8 11 12 13,6.821175488222337,7.1759371313978795,4.999962917514335,5.001653050790058,0.363784216729081,6.65079747562461,0.32971987622653165,0.025617681672336134,0.025617681672336134,7.277745729631594,7.277745729631594,-0.4565702414092563,0,0.06693424647959656,1.0520088720467733,145,132,0,1,9987.329941383818,4360.0265685753375,0.5634442244158779,0.5032483844526628,0.1005275262084732,0.5049463101814895,0.0702777158581924,0.0702777158581924,0.0739269585919084,0.2859332079824526,0.1848492089775391,4.096867374988506,4.143080343244947
free,40.0,8.888587416217251e-05,0.08,2.4000000000000004,2.0,0.0,0.0,735471,0 1 2 8 9 15 16 17,0 1 2 3 4 5 6 7,13.930809830533102,13.985677928882517,12.731499101028895,13.682340183154706,0.018159879381182575,13.930809830533102,0.018159879381182575,0.0,0.0,14.20799853900529,14.20799853900529,-0.27718870847218824,0,0.01989753013960871,1.0039386151284009,8,8,0,1,9986.867294155527,2427.372042275148,0.7569435969479954,0.5269468702078401,0.0384240339300539,0.5081955144697694,0.03624796651540056,0.03624796651540056,0.03638611206224728,0.2590041669900529,0.22184300000662915,4.018637291999767,4.074099457990087
free,40.0,8.888587416217251e-05,0.08,3.5999999999999996,2.0,0.0,0.0,735471,14 15 17 18 19 20 22 23,0 1 3 4 19 20 22 23,17.59915076559528,17.608724387227358,12.142201892854809,12.14677766485235,0.4488740348413389,16.95954276157385,0.3962174355629817,0.03771375284188805,0.03771375284188805,17.608724387227348,17.578720313932557,0.020430451662722504,1,0.000543982022745304,1.000543982022746,19,19,0,1,9986.893863637933,9688.755891523637,0.029852922859209596,0.49177543453878664,0.04039719595820538,0.49931830513121217,0.028267416044754627,0.028267416044754634,0.028278865963588126,0.10781862499425188,0.19696562498575076,3.813422500010347,3.8626652392413234
free,40.0,8.888587416217251e-05,0.08,4.799999999999999,2.0,0.0,0.0,735471,2 4 5 6 10 11 14 21,0 1 4 5 6 8 9 14,44.10327668817837,44.13332699934588,32.176773392486005,32.19390247272763,0.36992639291056784,44.10327668817837,0.36992639291056784,0.0,0.0,44.62870264752066,44.62870264752066,-0.525425959342293,0,0.01191353565534814,1.0006813623255246,7,7,0,1,9995.739384916238,5667.628255899929,0.4329955956582373,0.5020878174838278,0.01550685676403339,0.505630617812829,0.011368002880685683,0.011191359090256876,0.011374263846559084,0.18119195799226873,0.18400991699309088,3.805575124977622,3.8515790622404893
free,40.0,8.888587416217251e-05,0.08,6.0,2.0,0.0,0.0,735471,0 6 9 15 16 20 21 22,0 4 10 12 13 14 16 23,80.53765979319941,81.98103412488067,47.3253092439199,47.34742820989192,0.7009933345518715,78.47010096413499,0.6573255175819845,0.026348364582956307,0.026348364582956307,82.03085659143609,82.03085659143609,-1.4931967982366814,0,0.01854035493545303,1.017921731713927,13,13,0,1,9995.65166433391,9884.267231414116,0.011143288767977988,0.49708933921479315,0.010409875262581898,0.4994600502028847,0.006003499462695906,0.006090715665530551,0.006111856192155221,0.23490237502846867,0.17962020900449716,3.853870166989509,3.8987764692501514
free,40.0,8.888587416217251e-05,0.08,-6.0,4.0,0.0,0.0,735471,3 5 6 12 13 15 17 20,0 2 6 7 10 14 18 23,8.655738826082928,9.921425802578698,6.023193357155811,6.25212085250264,0.3844484184303878,8.652402551051948,0.38391479550311436,0.0003855894373030466,0.0003855894373030466,10.848080813853478,10.848080813853478,-2.1923419877705506,0,0.25328190138595885,1.1462251809957331,28839,28694,0,1,9997.62189041628,8053.926928999993,0.1944157303327817,0.4996308322633286,0.0798249296214761,0.5565198372192849,0.056003841954799544,0.04578030232320126,0.0577918562480574,1.2277117089834064,0.2032803329930175,4.9465404999791645,4.997361625231861
free,40.0,8.888587416217251e-05,0.08,-4.8,4.0,0.0,0.0,735471,0 3 5 8 10 13 15 16,3 4 13 14 18 19 21 22,7.200748566498376,8.200556542222946,4.5753192456749225,4.613247469241745,0.5608849545810133,7.02258920022652,0.5222658760555903,0.025369470033375974,0.025369470033375974,8.709598417227053,8.709598417227053,-1.5088498507286765,0,0.2095406938312816,1.1388477831841257,15631,11876,0,1,9997.624859589974,8161.879447220864,0.18361815312646157,0.5024999565271516,0.10883654244450222,0.5552818669867939,0.06762381924868699,0.056889996594471214,0.06884167577174592,0.7205168750078883,0.19062354101333767,4.800619457993889,4.848277552257059
free,40.0,8.888587416217251e-05,0.08,-3.6,4.0,0.0,0.0,735471,0 1 2 8 9 14 15 18,2 3 5 6 9 11 17 23,6.300685867373982,6.825873855710931,4.1813677726132505,4.346100193791519,0.4497332289703362,6.300685867373982,0.4497332289703362,0.0,0.0,7.763079485073216,7.763079485073216,-1.4623936176992336,0,0.232100702761862,1.083354098171512,12748,12748,0,1,9994.273681679291,7249.902041754177,0.2745944054900036,0.5028737831863423,0.1156180147409471,0.5176205438463137,0.07574324269839293,0.06626898939969944,0.0795167903129579,0.7125137079856358,0.17859116700128652,4.4326158330077305,4.477264374763763
free,40.0,8.888587416217251e-05,0.08,-2.4000000000000004,4.0,0.0,0.0,735471,0 2 11 17 18 20 22 23,3 5 7 9 11 12 20 21,5.736156744981675,6.31450594910487,4.2488904686543645,4.361428207282905,0.31520145978860503,5.69642885465912,0.3060925421509799,0.006974174756884999,0.006974174756884999,6.894401569876709,6.894401569876709,-1.1582448248950339,0,0.20192000957929435,1.10082520925342,6495,6139,0,1,9989.32582658163,8423.579760473205,0.15674191564979978,0.49649359497818696,0.11374850210556431,0.528215898046445,0.0835622979720299,0.0738967230915278,0.08707062562510198,0.46287566699902527,0.2029385829810053,4.199912415992003,4.250648686749628
free,40.0,8.888587416217251e-05,0.08,-1.2000000000000002,4.0,0.0,0.0,735471,1 3 5 6 14 15 16 18,1 5 8 13 15 18 22 23,5.910938669441858,6.413504626039526,4.839326075648749,5.038670676379609,0.1731147060575493,5.910938669441858,0.1731147060575493,0.0,0.0,6.853603676816116,6.853603676816116,-0.9426650073742575,0,0.1594780558708231,1.0850230368986593,1402,1402,0,1,9991.438086142009,6525.157890231801,0.34692505383363104,0.5013916223388047,0.09941982476438767,0.5088276205800744,0.0792480212069022,0.0759575116565595,0.08408938164295768,0.3053589170158375,0.2218467079801485,4.000728083017748,4.05619084398495
free,40.0,8.888587416217251e-05,0.08,0.0,4.0,0.0,0.0,735471,0 1 10 11 12 13 14 23,0 1 2 3 4 5 6 7,1.5877161504847919,2.4804787606760548,1.5637191807512538,2.296704781839751,-0.3086981996819944,1.5877161504847919,-0.3086981996819944,0.0,,2.7342720027481535,2.7342720027481535,-1.1465558522633617,0,0.7221415817388224,1.5622935875021915,735471,199936,1,0,2.827489405271096,2.7971807815115235,0.010719270495963773,0.5253718014836776,0.22866136781008978,0.5082004893867303,0.2047911144884373,0.3143384437846607,0.31994707248404725,5.93662070800201,0.1729932090092916,9.401552499999525,9.44480230226327
free,40.0,8.888587416217251e-05,0.08,1.1999999999999993,4.0,0.0,0.0,735471,6 8 9 10 11 13 16 19,0 1 5 8 10 16 18 21,10.858272546868367,10.941902247836351,8.561049066186966,8.708196264024533,0.24690259815643678,10.810801952653193,0.24145134363989773,0.004391033562826774,0.004391033562826774,11.579615631581909,11.579615631581909,-0.721343084713542,0,0.0664325823099352,1.0077019342263704,95,95,0,1,9997.818633406514,6841.736206661921,0.31567710342323296,0.4995419845628069,0.05727568991365331,0.5012211416449818,0.04571860996085985,0.043826371133294746,0.04606375182088951,0.18526487500639632,0.1715771669987589,3.587025832996005,3.6299210837460123
free,40.0,8.888587416217251e-05,0.08,2.4000000000000004,4.0,0.0,0.0,735471,4 7 8 9 12 13 14 19,0 2 6 8 11 14 22 23,17.465114392668422,17.596092738593313,13.19251557901534,13.216040548468287,0.3215088383405871,16.503910119547538,0.2487787139439661,0.058241002656844065,0.058241002656844065,17.79052989769887,17.79052989769887,-0.325415505030449,0,0.018632314550831364,1.0074994267417954,245,135,0,1,9997.84074931926,7073.335896824641,0.2925136462784472,0.5003569590724373,0.03777093736392767,0.5002276993331616,0.02833945368760984,0.028284367358109578,0.028548583799894348,0.21361058301408775,0.19071033300133422,3.7201573330094106,3.7678357502591098
free,40.0,8.888587416217251e-05,0.08,3.5999999999999996,4.0,0.0,0.0,735471,6 8 9 12 19 20 22 23,0 3 5 6 7 9 14 23,30.54128374631167,30.910816266260685,23.954342846692942,23.964909035099563,0.27441684429430535,30.417695649099887,0.26925980000797933,0.004063032868679484,0.004063032868679484,31.67410164707905,31.67410164707905,-1.1328179007673782,0,0.03709136492679965,1.0120994429382373,12,12,0,1,9996.561484345133,9575.162568744374,0.042154386411835776,0.4957444256774937,0.020597377735326806,0.5028745727792566,0.016179677480735278,0.01607148153942947,0.01637383860973616,0.2516077909967862,0.17006937498808838,3.5419447089952882,3.584462760751194
free,40.0,8.888587416217251e-05,0.08,4.799999999999999,4.0,0.0,0.0,735471,1 2 7 8 10 13 17 20,1 2 6 9 11 14 20 21,49.84184135271643,49.87898222126972,43.53716796206571,43.558853014362164,0.14424136320308167,46.457701990492815,0.06655016777358314,0.07284345151028249,0.07284345151028249,50.42789829814773,50.42789829814773,-0.5860569454313023,0,0.01175833254802816,1.0007451744868425,64,64,0,1,9985.329166349326,9844.073068234398,0.014146363706362575,0.5013849042380877,0.01142163080709139,0.5005376966721509,0.009946156429862794,0.00985850454305478,0.009952275858172365,0.24334325001109391,0.18503037499613129,4.675526291015558,4.721784676738025
free,40.0,8.888587416217251e-05,0.08,6.0,4.0,0.0,0.0,735471,3 4 8 10 11 15 16 22,0 4 12 13 16 20 22 23,75.69640981899772,75.74477272501498,68.26721313459474,68.30663927231777,0.10818524561308296,70.42386780904742,0.03099594064771516,0.07486867980961609,0.07486867980961609,77.42100257943079,77.42100257943079,-1.7245927604330689,0,0.02278301922847925,1.0006389062061583,49,49,0,1,9995.146623217632,9613.86068340771,0.038147108209922176,0.499897846559612,0.007229551277557027,0.49694751787113106,0.00647193013983865,0.00647193013983865,0.00647503803154921,0.18128808299661614,0.14948729201569222,3.5939304170024116,3.631303240013949
