control,snr_db,sigma2,eps_over_lambda,xP,yP,alpha_db_m,q,family_size,S_nom,S_hat,L_hat,U_hat,L_nom,U_nom,Gamma,swap_L,swap_Gamma,incumbent_improvement,selection_gap,U_star,rival_U,margin,unique,global_gap,bracket_hat,survivors,n_eval,capped,exact,nom_slnr_nom,nom_slnr_hat,nominal_sacrifice,GD_nom_wit,IP_nom_wit,GD_hat_wit,IP_hat_wit,F_end,Ibar_hat,gcs_seconds,setup_seconds,case_seconds,case_seconds_amortized
endpoints,20.0,0.007393215095946545,0.03,0.0,0.0,0.08,2.0,74613,0 6 7 8 9 10 11 23,0 1 2 3 4 5 6 23,0.9204468163365389,0.9893503805392553,0.9195598215193682,0.9893435351058163,-0.06963882243583719,0.9204468163365389,-0.06963882243583719,0.0,0.0,0.9893503811850194,0.9893501278389109,-0.06890331150237194,0,0.07485882250396925,1.0748588218023925,74613,74613,0,1,0.9900949956281199,0.9900917998205454,3.227778736958342e-06,0.6863842401257916,0.6863842401257916,0.6868301910265475,0.6868301910265475,0.7377499013127926,0.7387892926438524,1.5364168749947567,0.1968808330129832,1.8901211670017801,1.988562124519376
endpoints,20.0,0.007393215095946545,0.03,-6.0,1.0,0.08,2.0,74613,0 6 7 8 9 12 15 23,0 8 9 14 15 17 20 23,85.8956918285037,86.36129670478168,84.89737275017161,84.92853670212281,0.01138786989552254,85.88180913298704,0.011224406635047979,0.00016164884807157165,0.00016164884807157165,86.36129670478171,86.21573376015627,-0.3200419316525682,0,0.005420584739076473,1.0054205847390763,7,7,0,1,99.94053901524826,99.89538687696434,0.0004517900216350901,0.6861749768783115,0.0006862244366688855,0.6852457270057524,0.0005414240671058955,0.0005616679484640587,0.0005842661641094471,0.15317170799244195,0.3416842500155326,0.574851958983345,0.7456954170047538
endpoints,20.0,0.007393215095946545,0.03,-4.8,1.0,0.08,2.0,74613,0 3 6 9 10 11 12 23,0 1 2 5 8 9 20 23,77.01809516935454,77.51192178232098,73.10551839065332,73.11411586726983,0.05339569870709959,77.01809516935454,0.05339569870709959,0.0,0.0,77.51192178232098,77.32464918276484,-0.30655401341030597,0,0.006411825842752572,1.0064118258427526,6,6,0,1,99.94454106598154,99.87796631218735,0.0006661169593068506,0.6863198892414453,0.0019937532220097192,0.6861642559814134,0.0014591554840061585,0.001473821232750696,0.0015157753701598759,0.15023100000689737,0.2254791250161361,0.5691387919941917,0.6818789375101915
endpoints,20.0,0.007393215095946545,0.03,-3.6,1.0,0.08,2.0,74613,0 3 5 8 10 15 16 23,0 1 4 5 7 10 12 23,57.95718573923872,58.30867338727236,54.87038901091714,55.46020832351746,0.04502286398124533,55.555228092359194,0.001713296284201693,0.043235492488417515,0.043235492488417515,58.30867338727235,57.5534019325616,0.40378380667711866,1,0.006064608616695999,1.006064608616696,25,25,0,1,99.91566601193048,99.73880400155403,0.0017701129105753832,0.6931839910471224,0.005105547746838941,0.6865206690200651,0.004380687981222746,0.004409482480357158,0.004451900167413987,0.10282974998699501,0.24373445901437663,0.6943894579890184,0.8162573544977931
endpoints,20.0,0.007393215095946545,0.03,-2.4000000000000004,1.0,0.08,2.0,74613,0 4 5 7 8 13 22 23,0 8 10 18 19 21 22 23,36.43285100793434,36.67238512305181,30.60702564806511,30.619362695488785,0.18986313889877482,34.78517600694824,0.13605160084122891,0.047367160098801264,0.047367160098801264,36.67238512305181,36.40336880222405,0.0294822057102877,1,0.00657467391353217,1.0065746739135322,58,58,0,1,99.9019430066649,99.29111368910833,0.006114288663192635,0.6858560887823225,0.015006208941816694,0.6879046076646511,0.011364894183186291,0.011364894183186295,0.011394068298291059,0.19980174998636357,0.2262568750011269,0.6584480830060784,0.7715775625110837
endpoints,20.0,0.007393215095946545,0.03,-1.2000000000000002,1.0,0.08,2.0,74613,0 4 7 10 13 14 21 23,0 6 7 13 20 21 22 23,21.911508604221773,21.92185333982961,19.007794289158678,19.01540496569207,0.15230302187909772,21.911508604221773,0.15230302187909772,0.0,0.0,21.921853339829607,21.87817010329325,0.03333850092852231,1,0.0004721142571553205,1.0004721142571555,1,1,0,1,99.90657231004607,99.69925600353326,0.002075101784789757,0.6856350057786118,0.02866360341597295,0.6847609361320383,0.023843237658159905,0.02384323765815991,0.023857351281719678,0.114244416996371,0.21877362500526942,0.5208978329901583,0.6302854785026284
endpoints,20.0,0.007393215095946545,0.03,0.0,1.0,0.08,2.0,74613,0 1 10 11 12 13 14 23,0 1 2 3 4 5 6 23,1.0214268967299158,1.0926836629589383,1.020175866999179,1.088400571889042,-0.06153403157707438,1.0214268967299158,-0.06153403157707438,0.0,0.0,1.094407960188908,1.094407960188908,-0.07298106345899225,0,0.07145010934472174,1.0697619834147212,74613,74613,0,1,1.0991179365675197,1.0988209384979661,0.00027021492386980484,0.6893827697601675,0.6259974570199877,0.686831280047488,0.6211796311270671,0.6640089129726919,0.6650203622770027,2.435944832977839,0.23809666698798537,2.825239458004944,2.944288458500523
endpoints,20.0,0.007393215095946545,0.03,1.1999999999999993,1.0,0.08,2.0,74613,0 2 6 8 11 13 21 23,0 2 3 13 17 18 20 23,40.07266293294544,40.094359260937566,35.55615278932065,35.5715313623381,0.12653746966241042,40.07266293294544,0.12653746966241042,0.0,0.0,40.094359260937566,39.973806593316084,0.09885633962935714,1,0.0005414246622050811,1.000541424662205,1,1,0,1,99.88558708839392,99.49173405264158,0.003943041706345518,0.6858192526545187,0.011886788502117279,0.6852971574719127,0.009698893871600221,0.009698893871600221,0.00970779999418492,0.11185820799437352,0.1922626669984311,0.5004185840080027,0.5965507085202262
endpoints,20.0,0.007393215095946545,0.03,2.4000000000000004,1.0,0.08,2.0,74613,0 1 10 11 12 14 20 23,0 5 6 7 8 15 16 23,73.91797062582233,74.25229706276724,69.83184266743032,69.85730424893063,0.05812801425061953,72.05701261484921,0.031488595066309744,0.025826188783596882,0.025826188783596882,74.25229706276723,72.93907346579662,0.9788971600257099,1,0.004522938523803255,1.0045229385238035,11,11,0,1,99.90295507179064,99.89826689152528,4.692734326017245e-05,0.6856475988100659,0.0024217585303877654,0.6860849408001375,0.001846700272869232,0.0018852275197823172,0.0018883853202255776,0.08821295900270343,0.21545520800282247,0.4900645409943536,0.5977931450033793
endpoints,20.0,0.007393215095946545,0.03,3.5999999999999996,1.0,0.08,2.0,74613,0 4 5 7 9 14 18 23,0 1 3 7 12 14 17 23,87.1127390568053,87.43272866759659,86.55945350397224,86.57023165654248,0.0062666737732106625,86.63549819452079,0.0007539143274706284,0.005508606428429097,0.005508606428429097,87.43272866759662,87.12122738189343,-0.008488325088137572,0,0.003673281477037049,1.0036732814770368,12,12,0,1,99.92061630136392,99.88416112355486,0.00036484140269021914,0.6860298728779871,0.000531331942344081,0.6860239580740505,0.0004530910702739954,0.00047699399270026015,0.0004817385120138417,0.12395837501389906,0.24676704200101085,0.5374623330135364,0.66084664601658
endpoints,20.0,0.007393215095946545,0.03,4.799999999999999,1.0,0.08,2.0,74613,0 1 7 10 11 12 13 23,0 1 3 4 12 14 20 23,91.34543078920481,91.36764828438218,90.92934174683596,90.93329331335546,0.00453230561472262,91.15014172979195,0.0023846977112027545,0.002142498691793282,0.002142498691793282,91.36764828438221,91.30142104125893,0.04400974794587853,1,0.00024322503036500187,1.0002432250303646,20,20,0,1,99.93876792916916,99.89653199043607,0.00042261816518507356,0.6861833869193875,0.00015279321318622372,0.6858958608361341,0.00011377314020987165,0.00011526318185439337,0.0001154860117965306,0.06562358301016502,0.2238752499979455,0.47163841701694764,0.5835767919925274
endpoints,20.0,0.007393215095946545,0.03,6.0,1.0,0.08,2.0,74613,0 4 6 7 9 11 13 23,0 1 3 4 7 8 9 23,92.35461508077148,92.35728625662709,92.2865807400345,92.28897525876117,0.0007112422889761216,92.2865807400345,-2.594588053406177e-05,0.0007372072970026622,0.0007372072970026622,92.35728625662709,92.31216712641417,0.04244795435731419,1,2.8923035987782342e-05,1.0000289230359878,4,4,0,1,99.94323265389083,99.91674407295437,0.0002650362634175618,0.6863504635684691,4.375623940602286e-05,0.6866754866038888,4.177476176613126e-05,3.839314525738113e-05,4.1863294466549176e-05,0.1280094999819994,0.20878937499946915,0.5406897089851554,0.6450853124988498
endpoints,20.0,0.007393215095946545,0.03,-6.0,2.0,0.08,2.0,74613,0 1 5 7 8 9 12 23,0 1 3 4 12 15 17 23,83.79451589391232,83.80629469538599,83.29915838926115,83.49039649514233,0.0036425674273528053,83.46634379003996,-0.0002880894822888669,0.003931789616876902,0.003931789616876902,83.97777395214203,83.97777395214203,-0.1832580582297112,0,0.00218699345983131,1.0001405676892814,12,12,0,1,99.93824610034862,99.88766357785066,0.0005061377847993542,0.6864852317495485,0.0008291105914094817,0.6860167329508533,0.0007925272214336138,0.0007925272214336138,0.0007935518308533568,0.15321641700575128,0.2160544999933336,0.529573874984635,0.6376020409952616
endpoints,20.0,0.007393215095946545,0.03,-4.8,2.0,0.08,2.0,74613,0 6 7 9 10 13 15 23,0 6 7 10 11 17 22 23,73.47352861447784,73.49784922751516,71.14135485127952,71.15217041547812,0.03262526196241988,72.78486488859453,0.022946516790459448,0.009461633636847377,0.009461633636847377,73.56249108831162,73.56249108831162,-0.08896247383377442,0,0.0012108098727716676,1.0003310119099482,23,23,0,1,99.91638613796717,99.89723952537136,0.0001916263521517525,0.6860917473528643,0.0022493824994124713,0.6854820382726129,0.001933344054793762,0.001933344054793762,0.0019363013589600948,0.07838925000396557,0.1955557500186842,0.4463068750046659,0.5440855420165462
endpoints,20.0,0.007393215095946545,0.03,-3.6,2.0,0.08,2.0,74613,0 1 3 8 19 20 22 23,0 5 8 9 20 21 22 23,48.05166979398756,48.06107264268924,46.35654023644125,46.36701023732973,0.036333150402298786,48.002420644385715,0.035270991135402774,0.0010259722101659818,0.0010259722101659818,48.06107264268924,48.016264092270525,0.035405701717031945,1,0.00019568203856379363,1.0001956820385638,2,2,0,1,99.8265742163282,98.08619414389956,0.01743403583756331,0.6851045168602452,0.007382473768906612,0.684876467579892,0.006856913540832252,0.006856913540832252,0.0068594562829766195,0.10420141700888053,0.1837557080143597,0.4689074580091983,0.5607858960138401
endpoints,20.0,0.007393215095946545,0.03,-2.4000000000000004,2.0,0.08,2.0,74613,0 3 4 8 9 11 12 23,0 16 17 19 20 21 22 23,38.43088119584187,38.44537325656084,33.93389449674252,33.945211118361264,0.13214441535920418,38.43088119584187,0.13214441535920418,0.0,0.0,38.44537325656086,38.4394466593911,-0.008565463549231822,0,0.0003770941562630803,1.0003770941562626,2,2,0,1,99.93661050803475,99.49943398618291,0.004374538216069368,0.6863922551830168,0.012827376633169001,0.6838332898207032,0.010393926291840725,0.010393926291840725,0.010400249886135644,0.15291554198483936,0.20130387498647906,0.5548023330047727,0.6554550625005504
endpoints,20.0,0.007393215095946545,0.03,-1.2000000000000002,2.0,0.08,2.0,74613,0 8 10 11 15 16 17 23,0 6 10 12 20 21 22 23,26.76422346610815,27.05990963861586,23.524805202529084,23.53247433462411,0.13733146313173972,25.452927228760203,0.08160862588556905,0.051518484517028895,0.051518484517028895,27.192734784470918,27.148420077819782,-0.38419661171163355,0,0.016010601574351524,1.0110478143661497,17,17,0,1,99.9151611284714,99.0755413438577,0.008403327134048455,0.6855332102021362,0.02173815462123991,0.6919212859183552,0.018176762600170687,0.01778730384467509,0.018189963899351534,0.131755707989214,0.18507841601967812,0.5015158749883994,0.5940558330039494
endpoints,20.0,0.007393215095946545,0.03,0.0,2.0,0.08,2.0,74613,0 1 10 11 12 13 14 23,0 1 2 3 4 5 6 23,1.3230412133705944,1.4011863216584857,1.3216212735001698,1.3853152929978443,-0.04495300091034704,1.3230412133705944,-0.04495300091034704,0.0,0.0,1.4079161947872034,1.4079161947872034,-0.08487498141660899,0,0.06415142669696627,1.059064757392408,74613,74613,0,1,1.427969674922384,1.4246653448876234,0.0023140057473141074,0.6893827697601675,0.49024279112205477,0.686831280047488,0.4827851926082723,0.509901240509831,0.5117299283965824,2.3991971669893246,0.20443208300275728,2.887791624991223,2.9900087074784096
endpoints,20.0,0.007393215095946545,0.03,1.1999999999999993,2.0,0.08,2.0,74613,0 8 11 12 13 15 20 23,0 1 11 17 20 21 22 23,44.91498192600783,44.93166807579823,41.866156063042204,41.87865057362492,0.0725030847649899,42.22894122634638,0.008364420723290245,0.06360663141574685,0.06360663141574685,44.931668075798214,44.92322901168699,-0.008247085679158772,0,0.0003715052099513283,1.0003715052099516,9,9,0,1,99.88082032038338,99.70693042355525,0.00174097385534433,0.6854377149674932,0.008974019893214745,0.6845236772655395,0.007841555981565444,0.007841555981565444,0.007846857705909541,0.11458620798657648,0.2023696250107605,0.5529507909959648,0.6541362285061041
endpoints,20.0,0.007393215095946545,0.03,2.4000000000000004,2.0,0.08,2.0,74613,0 1 2 9 10 11 14 23,0 2 3 11 12 14 17 23,70.59755950246428,70.61676978563641,63.420622027949136,63.43791339541944,0.11286068100029589,69.53357322501019,0.09608859281980875,0.015301763279315983,0.015301763279315983,70.61676978563644,70.35542415695858,0.2421353455057016,1,0.00027210973449420806,1.0002721097344938,6,6,0,1,99.93079956925875,99.52362408129241,0.004074574502770156,0.6862844772000015,0.003424991879466913,0.6859197290923065,0.002320054587366326,0.002320054587366327,0.002322565493105965,0.1098165409930516,0.23713633298757486,0.507513459015172,0.6260825005156221
endpoints,20.0,0.007393215095946545,0.03,3.5999999999999996,2.0,0.08,2.0,74613,0 3 5 8 9 12 18 23,0 1 3 4 19 20 22 23,82.8152925640573,82.82792200842377,81.59069426408739,81.59996504856761,0.01489372593194549,82.14048280378941,0.006623994935538224,0.00821531280598653,0.00821531280598653,82.82792200842374,82.72428719400182,0.09100537005548404,1,0.00015250135543110055,1.0001525013554313,39,39,0,1,99.92659543478167,99.83189449941374,0.000947705012423361,0.6860917491771168,0.0010147756276862505,0.6851634421981034,0.0008789161562225127,0.0008789161562225132,0.0008800059784442079,0.07375529099954292,0.20078304200433195,0.47710525000002235,0.5774973960069474
endpoints,20.0,0.007393215095946545,0.03,4.799999999999999,2.0,0.08,2.0,74613,0 2 8 9 10 12 15 23,0 2 8 10 14 17 20 23,90.4815967432901,90.71766970066572,90.38917259687658,90.39412831587204,0.0009676339497672881,90.4815967432901,0.0009676339497672881,0.0,0.0,90.71766970066574,90.68305520307506,-0.20145845978495913,0,0.0026090715225264294,1.0026090715225262,4,4,0,1,99.93382952287156,99.89298614800569,0.0004087041901713606,0.6861421821035338,0.00019734631425797329,0.6855142177512739,0.000163352659962679,0.00018263093864235734,0.00018293138953304384,0.12454633301240392,0.2025096669967752,0.5364815829962026,0.6377369164983975
endpoints,20.0,0.007393215095946545,0.03,6.0,2.0,0.08,2.0,74613,0 4 7 8 10 11 14 23,0 4 7 8 10 11 14 23,92.14823363133584,92.15057924019882,92.14823363133584,92.15057924019882,-2.5454087020593263e-05,92.14823363133584,-2.5454087020593263e-05,0.0,0.0,92.15057924019882,92.14040984964105,0.00782378169479614,1,2.5454734947638613e-05,1.0000254547349476,1,1,0,1,99.94659097493214,99.94659097493214,0.0,0.6862465715089318,5.379801202500631e-05,0.6862465715089318,5.379801202500631e-05,5.379801202500633e-05,5.389473322168186e-05,0.08995279201189987,0.26518975000362843,0.49761324998689815,0.6302087499934714
endpoints,20.0,0.007393215095946545,0.03,-6.0,4.0,0.08,2.0,74613,0 1 5 8 9 10 11 23,0 6 7 10 13 14 18 23,78.04545228075136,78.19774044890963,72.33850526811041,72.3450258605656,0.07879500148596952,76.81412386238773,0.06177477924239971,0.016029974130402858,0.016029974130402858,78.19774044890963,77.89149211130592,0.15396016944544044,1,0.0019512753620856138,1.0019512753620856,30,30,0,1,99.94284815276816,99.91858633976439,0.0002427568700732463,0.6864525949542544,0.0020953791341155304,0.6857829851630081,0.001376641695645321,0.0013766416956453214,0.0013936398642227614,0.11932220900780521,0.19216054101707414,0.5290087919856887,0.6250897705031093
endpoints,20.0,0.007393215095946545,0.03,-4.8,4.0,0.08,2.0,74613,0 5 9 11 16 18 21 23,0 11 15 16 19 20 22 23,67.29012003342422,67.6859934427233,64.01747966286756,64.50962964412192,0.04310194314618365,67.29012003342422,0.04310194314618365,0.0,0.0,67.6859934427233,67.3107668911481,-0.02064685772388941,0,0.005883083714257831,1.0058830837142578,2,2,0,1,99.87690769671998,99.70882770316925,0.0016828714207003381,0.6887145399938862,0.0032829357949095074,0.6843894956743282,0.0027180274353973554,0.0027180274353973562,0.0027773178037427257,0.11143037499277852,0.20926991701708175,0.5258223749988247,0.6304579164861934
endpoints,20.0,0.007393215095946545,0.03,-3.6,4.0,0.08,2.0,74613,0 4 8 9 11 15 17 23,0 4 8 9 11 15 17 23,55.63958010452105,56.24712105362404,55.63958010452105,56.24712105362404,-0.010801280807310687,55.63958010452105,-0.010801280807310687,0.0,0.0,56.247121053624014,56.152702901106075,-0.5131227965850229,0,0.010919222394591532,1.0109192223945922,2,2,0,1,99.92844611923486,99.92844611923486,0.0,0.6892821775522874,0.0048613174852881426,0.6892821775522874,0.0048613174852881426,0.004861317485288143,0.004934004997509894,0.09936920797917992,0.1948837090167217,0.4854889999842271,0.5829311455017887
endpoints,20.0,0.007393215095946545,0.03,-2.4000000000000004,4.0,0.08,2.0,74613,0 1 5 10 12 14 15 23,0 4 5 9 11 15 17 23,45.04322010996793,45.054170721633305,42.97668714910634,43.1909556311173,0.04288547108497309,44.566961003937884,0.03185864616130951,0.010686371592354416,0.010686371592354416,45.28629756813827,45.28629756813827,-0.24307745817033322,0,0.005396538204348822,1.0002431134283614,6,6,0,1,99.90778272245942,99.86186190480396,0.0004596320367055151,0.6892946386459403,0.008566020548965467,0.685940593680146,0.00783158169186301,0.007790441204856959,0.007835058621680144,0.10475233301986009,0.23787799998535775,0.6209138340200298,0.7398533340165159
endpoints,20.0,0.007393215095946545,0.03,-1.2000000000000002,4.0,0.08,2.0,74613,0 1 3 13 15 18 22 23,0 4 8 9 14 18 19 23,39.05907511828081,39.278112421279744,30.667879376343194,30.672892306004307,0.27340697866418306,39.05907511828081,0.27340697866418306,0.0,0.0,39.42664720908707,39.42664720908707,-0.36757209080626296,0,0.009410670623745121,1.0056078466357852,2,2,0,1,99.84504406832967,99.71231592233967,0.001329341353178859,0.6852727854166795,0.014948101092306603,0.6888424537120645,0.010144350007076829,0.010081126682722178,0.010157745454146572,0.06339137500617653,0.225862249993952,0.48392233400954865,0.5968540839821799
endpoints,20.0,0.007393215095946545,0.03,0.0,4.0,0.08,2.0,74613,0 1 10 11 12 13 14 23,0 1 2 3 4 5 6 23,2.50994877503655,2.6134619544116697,2.507854532017682,2.562037526959205,-0.02033098710481307,2.50994877503655,-0.02033098710481307,0.0,0.0,2.6382830812387583,2.6382830812387583,-0.1283343062022082,0,0.0511302491423713,1.0412411521719651,74613,74613,0,1,2.7494007317670697,2.716076395162694,0.012120581848742651,0.6893827697601675,0.2616827693524048,0.686831280047488,0.25541194221199837,0.26142008384781895,0.2662463589408229,2.266394250007579,0.20543941701180302,2.6741899170156103,2.77691066749685
endpoints,20.0,0.007393215095946545,0.03,1.1999999999999993,4.0,0.08,2.0,74613,0 3 4 6 8 9 13 23,0 1 5 10 13 15 21 23,53.64127236922352,53.68395355776923,50.13743263002331,50.144249106214275,0.06973926871657676,53.64127236922352,0.06973926871657676,0.0,0.0,53.68395355776923,52.529292750471356,1.1119796187521658,1,0.0007956781534175228,1.0007956781534175,1,1,0,1,99.92656275965975,99.62472713806811,0.0030205744424293135,0.6864721076998673,0.006296731805956395,0.6856334737183262,0.005378449959990829,0.005386549642831127,0.005388413291691906,0.10381254201638512,0.21029716701013967,0.48050133301876485,0.5856505005212966
endpoints,20.0,0.007393215095946545,0.03,2.4000000000000004,4.0,0.08,2.0,74613,0 1 9 11 12 13 18 23,0 2 6 8 11 14 22 23,69.34155543530542,69.46209097588489,66.72271061774431,66.73266036527359,0.03909472596703867,68.41303626461807,0.02518071196542504,0.013572254958775565,0.013572254958775565,69.46209097588486,68.89766864583623,0.4438867894691896,1,0.0017382872337194932,1.00173828723372,6,6,0,1,99.91660226296248,99.61393653117922,0.0030291835883961005,0.6858200172715867,0.002883911778924374,0.6857174713308231,0.0024786079617394544,0.0024940580722966465,0.0024956060258803274,0.11433862501871772,0.190741792001063,0.5182272499951068,0.6135993549978593
endpoints,20.0,0.007393215095946545,0.03,3.5999999999999996,4.0,0.08,2.0,74613,0 5 8 9 11 12 14 23,0 4 7 8 10 11 19 23,83.06940165644949,83.07976377152579,82.74122017240533,82.75058638994294,0.0038527251638338367,82.74122017240533,-0.00011318611681454538,0.0039663602175594725,0.0039663602175594725,83.43865124104653,83.43865124104653,-0.3692495845970427,0,0.004445073363163798,1.0001247404564098,5,5,0,1,99.94156927043188,99.92748940663927,0.00014088095569642078,0.6861305125451026,0.0008983335501485013,0.6860071925096679,0.0008639965446188732,0.0008639965446188736,0.0008649081353230558,0.0911061659862753,0.20171595801366493,0.44220583300921135,0.5430649790214375
endpoints,20.0,0.007393215095946545,0.03,4.799999999999999,4.0,0.08,2.0,74613,0 5 7 9 10 12 16 23,0 3 5 8 12 13 20 23,88.32766816442546,88.33356757713464,87.7274380422953,87.77981344760067,0.006241238108256164,87.7274380422953,-0.0005966679951607823,0.006841988498977658,0.006841988498977658,88.45983797450734,88.45983797450734,-0.13216981008187645,0,0.001496357968330253,1.0000667900877696,38,38,0,1,99.92671505713847,99.88462019072034,0.0004212573824132759,0.6860957760541493,0.00042288463253724334,0.6858564207347017,0.00037117662451462754,0.00037117662451462754,0.00037157409755705467,0.10275558402645402,0.19781795900780708,0.4735192090156488,0.5724289795034565
endpoints,20.0,0.007393215095946545,0.03,6.0,4.0,0.08,2.0,74613,0 1 7 8 9 10 11 23,0 4 12 13 16 20 22 23,90.97898826972363,90.98386988944296,90.61581364961386,90.61868395662442,0.00397604883857805,90.78782691975402,0.00186653519720692,0.002105583495665808,0.002105583495665808,90.98386988944296,90.97644238687778,0.0025458828458511107,1,5.365656194000756e-05,1.00005365656194,10,10,0,1,99.94444461670493,99.86189268411862,0.0008259782012187689,0.6864184461299147,0.00018158533327262088,0.6849292944183688,0.0001348148202423966,0.00013481482024239666,0.00013500520873245805,0.10172404197510332,0.2046332909958437,0.52446325001074,0.6267804375092965
endpoints,20.0,0.007393215095946545,0.05,0.0,0.0,0.08,2.0,74613,0 6 7 8 9 10 11 23,0 1 2 3 4 5 6 23,0.8048134104088783,0.9878392973735219,0.8025467896118327,0.9878091007308047,-0.18525410444846258,0.8048134104088783,-0.18525410444846258,0.0,0.0,0.9878393240453092,0.9878382935005109,-0.18302488309163256,0,0.22741409532856327,1.2274140621882268,74613,74613,0,1,0.9900949956281199,0.9900917998205454,3.227778736958342e-06,0.5990604133601805,0.5990604133601805,0.6005663184139842,0.6005663184139842,0.7377434283735226,0.7387943592814824,1.5192881659895647,0.24227854100172408,1.8616561249946244,1.9827958954992937
endpoints,20.0,0.007393215095946545,0.05,-6.0,1.0,0.08,2.0,74613,0 6 7 8 9 12 15 23,0 1 2 4 11 14 15 23,67.26745265238016,67.94276846567445,65.2175077278517,65.99231915691009,0.019322453154558605,67.26745265238016,0.019322453154558605,0.0,0.0,68.41093359099129,68.41093359099129,-1.143480938611134,0,0.01699902246217544,1.0100392654495798,141,141,0,1,99.94053901524826,99.8958084604914,0.0004475716780959482,0.5986545714284451,0.0016783644314378903,0.5990392367745816,0.0014236060360510996,0.0013558761941401389,0.0015117079952028962,0.1797693340049591,0.2173741250007879,0.581899082986638,0.690587103497819
endpoints,20.0,0.007393215095946545,0.05,-4.8,1.0,0.08,2.0,74613,0 3 6 9 10 11 12 23,0 8 11 15 18 19 21 23,52.73769465904362,53.16339956608385,48.42004287280142,48.619896140683466,0.08469369219640344,52.530777798322134,0.08043788588775236,0.003938964344215146,0.003938964344215146,54.846367270816366,54.846367270816366,-2.1086726117727466,0,0.03998416361211099,1.008072118240899,191,191,0,1,99.94454106598154,99.7998445213417,0.0014477683632997396,0.5990043984679644,0.004926934596161458,0.5961883685713221,0.0038210483529181275,0.0036196442676130233,0.003911037833123371,0.13173125000321306,0.23269733300548978,0.6105346670083236,0.7268841244949726
endpoints,20.0,0.007393215095946545,0.05,-3.6,1.0,0.08,2.0,74613,0 3 5 8 10 15 16 23,0 4 5 7 8 14 22 23,31.816677631193816,32.58251764324968,28.774269892561982,29.794316168508647,0.06787742505138339,31.816677631193816,0.06787742505138339,0.0,0.0,33.21743433792823,33.21743433792823,-1.4007567067344162,0,0.04402586351005677,1.0240703954364179,15,15,0,1,99.91566601193048,99.57765330460114,0.003382980075306463,0.617401333476995,0.013328902840412153,0.6087790623343871,0.011291009033078413,0.010751096575090468,0.011408475505780691,0.1275119580095634,0.22713808302069083,0.7110212080006022,0.8245909585093614
endpoints,20.0,0.007393215095946545,0.05,-2.4000000000000004,1.0,0.08,2.0,74613,0 4 5 7 8 13 22 23,0 10 18 19 20 21 22 23,16.220081700169004,16.9197814685419,13.181814276032913,13.189794384981218,0.22974484868682055,16.03609844157254,0.21579593839857858,0.01147306866859199,0.01147306866859199,17.325984441001296,17.273750118514887,-1.0536684183458824,0,0.0681810832568599,1.0431378695438756,76,76,0,1,99.9019430066649,99.01826956638897,0.008845407943837258,0.5983030892972663,0.03796784754340242,0.6142989638743678,0.028913339159290327,0.027448596693414606,0.029275378109622288,0.13290245798998512,0.2072197500092443,0.5930904159904458,0.6967008750216337
endpoints,20.0,0.007393215095946545,0.05,-1.2000000000000002,1.0,0.08,2.0,74613,0 4 7 10 13 14 21 23,0 7 10 13 20 21 22 23,8.69529906789991,8.70131145531523,7.301496609716022,7.304834850965083,0.19034848087648748,8.69529906789991,0.19034848087648748,0.0,0.0,8.70131145531523,8.69066390579446,0.004635162105449453,1,0.0006914526307111313,1.0006914526307111,1,1,0,1,99.90657231004607,99.58715907363701,0.003197119358852696,0.597738410209988,0.07443456368416063,0.5960145350801578,0.06110387734131818,0.06110387734131818,0.06114757848572132,0.15139199999975972,0.21194558299612254,0.6111242499900982,0.717097583488794
endpoints,20.0,0.007393215095946545,0.05,0.0,1.0,0.08,2.0,74613,0 1 10 11 12 13 14 23,0 1 2 3 4 5 6 23,0.8931084921525996,1.0870959127747313,0.8898030704188429,1.0796416799024289,-0.17277323691938884,0.8931084921525996,-0.17277323691938884,0.0,0.0,1.0900534690449943,1.0900534690449943,-0.19694497689239476,0,0.22051629630988212,1.21720476552023,74613,74613,0,1,1.0991179365675197,1.0988209384979661,0.00027021492386980484,0.6073694116766426,0.5551725166489901,0.6005669727936728,0.5450575537242308,0.6640171956950299,0.6650242703676409,2.443425625009695,0.20195937500102445,2.8795493330108,2.9805297704879194
endpoints,20.0,0.007393215095946545,0.05,1.1999999999999993,1.0,0.08,2.0,74613,0 2 6 8 11 13 21 23,0 1 2 3 14 20 21 23,18.162897928730054,18.177078984553134,15.217617377414255,15.226467278443364,0.19285042266132835,17.775102809104318,0.16738193331746398,0.021816758180836393,0.021816758180836393,18.177078984553134,17.93395810204237,0.2289398266876823,1,0.0007807705509730312,1.000780770550973,5,5,0,1,99.88558708839392,97.5615285381727,0.0232672061902639,0.598196683326608,0.0318934212844761,0.5978970957084891,0.025499698898462653,0.025499698898462663,0.025523769729792832,0.12856291700154543,0.21628333398257382,0.5376846670114901,0.6458269590075361
endpoints,20.0,0.007393215095946545,0.05,2.4000000000000004,1.0,0.08,2.0,74613,0 1 10 11 12 14 20 23,0 5 6 7 8 15 16 23,47.717485893636905,48.12837549926348,42.761999134692196,42.79342427057654,0.11506584731163949,45.907065569401944,0.07275980718762565,0.03943663795060015,0.03943663795060015,48.12837549926348,47.38870300760133,0.3287828860355759,1,0.008610881271960746,1.0086108812719607,15,15,0,1,99.90295507179064,99.89826689152528,4.692734326017245e-05,0.5977890755638414,0.00657596558433996,0.598576780280254,0.005043871634508634,0.005105531283603466,0.005150472720874339,0.11594029198749922,0.234966334013734,0.554085333016701,0.6715694170270581
endpoints,20.0,0.007393215095946545,0.05,3.5999999999999996,1.0,0.08,2.0,74613,0 4 5 7 9 14 18 23,0 5 9 10 15 16 20 23,69.12338115331733,69.1467419109522,67.66921593721614,67.6921339287235,0.021143479183280744,67.94113220486364,0.0036783930670927223,0.01740107811110425,0.01740107811110425,69.46246257186388,69.46246257186388,-0.3390814185465558,0,0.004905451858532084,1.0003379573922038,38,38,0,1,99.92061630136392,99.85102039607084,0.0006965119698939537,0.5985285454245822,0.0014487065674302277,0.5973781291592986,0.0012460658397858645,0.0012460658397858645,0.0012485858635285147,0.07681654201587662,0.2087157919886522,0.47180875000776723,0.5761673119850457
endpoints,20.0,0.007393215095946545,0.05,4.799999999999999,1.0,0.08,2.0,74613,0 1 7 10 11 12 13 23,0 1 3 6 7 9 10 23,77.68049557657689,77.69182696681071,76.6367645851834,76.64650467831662,0.013490385538126093,77.29642131089358,0.008479403402733787,0.004968849258085717,0.004968849258085717,77.7651996231199,77.7651996231199,-0.08470404654300978,0,0.0010904158877245163,1.0001458717551905,30,30,0,1,99.93876792916916,99.89865494146079,0.0004013756477045938,0.5987732278863744,0.0004189249409593788,0.5998133669702604,0.0003272027444846713,0.000312125780979716,0.0003279415513589289,0.09290570800658315,0.20401204100926407,0.5172560000210069,0.6192630615114467
endpoints,20.0,0.007393215095946545,0.05,6.0,1.0,0.08,2.0,74613,0 4 6 7 9 11 13 23,0 1 3 4 7 8 9 23,79.93854032599437,79.94461391204129,79.77217033991873,79.77793895762836,0.0020131050070282264,79.77217033991873,-7.230843244399043e-05,0.0020855642433534882,0.0020855642433534882,79.94461391204132,79.84890584893583,0.08963447705853866,1,7.597819552596086e-05,1.0000759781955257,6,6,0,1,99.94323265389083,99.91674407295437,0.0002650362634175618,0.5990697168731085,0.00011600016707605864,0.6000232332327813,0.00011227156376706886,0.00010020758753326104,0.00011249276433500428,0.10843887500232086,0.21605291700689122,0.5306795840151608,0.6387070005002897
endpoints,20.0,0.007393215095946545,0.05,-6.0,2.0,0.08,2.0,74613,0 1 5 7 8 9 12 23,0 1 3 4 12 15 17 23,63.684037032618534,64.27375772880116,62.06253863590638,63.67873084297922,8.332750306205838e-05,63.684037032618534,8.332750306205838e-05,0.0,0.0,64.33221375631217,64.33221375631217,-0.6481767236936378,0,0.010178009339477656,1.0092601022746182,26,26,0,1,99.93824610034862,99.88766357785066,0.0005061377847993542,0.5994830249079648,0.002020964756132898,0.5987026308712659,0.0019216694234470743,0.0019216694234470751,0.0020075110851780404,0.14893891601241194,0.19943808400421403,0.5509139579953626,0.6506337500031805
endpoints,20.0,0.007393215095946545,0.05,-4.8,2.0,0.08,2.0,74613,0 6 7 9 10 13 15 23,0 1 2 5 13 17 22 23,48.51436916671375,48.679620805296686,45.51301203830749,46.49601524473733,0.043409180579294215,48.51436916671375,0.043409180579294215,0.0,0.0,50.010736367258026,50.010736367258026,-1.4963672005442774,0,0.03084379383357927,1.003406241107971,47,47,0,1,99.91638613796717,99.82764084176037,0.0008881956167254845,0.5984713111993702,0.0054782386845386236,0.5980394470224788,0.004891996603102022,0.004642442096264396,0.0049332661438129645,0.10694237501593307,0.18870116700418293,0.5859497080091387,0.6803015414916445
endpoints,20.0,0.007393215095946545,0.05,-3.6,2.0,0.08,2.0,74613,0 1 3 8 19 20 22 23,0 5 8 9 20 21 22 23,24.457852628815328,24.46672141897425,22.999926126803203,23.009306777652238,0.0629547802183239,24.457852628815328,0.0629547802183239,0.0,0.0,24.46672141897424,24.40568856532655,0.05216406348877811,1,0.0003626152423727991,1.000362615242373,1,1,0,1,99.8265742163282,98.08619414389956,0.01743403583756331,0.5971293467271656,0.01855842927550087,0.5964846419236542,0.016986211624507835,0.016986211624507842,0.01699390831368952,0.17064929200569168,0.2014837920141872,0.5928449160128366,0.6935874370246893
endpoints,20.0,0.007393215095946545,0.05,-2.4000000000000004,2.0,0.08,2.0,74613,0 3 4 8 9 11 12 23,0 16 17 19 20 21 22 23,17.515153560318037,17.96708922792217,14.665459206921573,14.998141783231455,0.16782157506343265,17.515153560318037,0.16782157506343265,0.0,0.0,17.997100788349023,17.768439929873868,-0.2532863695558305,0,0.027516014996458615,1.0258025524039953,3,3,0,1,99.93661050803475,99.49943398618291,0.004374538216069368,0.6037777676974823,0.03286362314601026,0.6028047412067993,0.026157280121163893,0.02563786948213783,0.026544928422370554,0.15057737499591894,0.2231357920099981,0.8219125830219127,0.9334813120076433
endpoints,20.0,0.007393215095946545,0.05,-1.2000000000000002,2.0,0.08,2.0,74613,0 8 10 11 15 16 17 23,0 1 2 12 15 21 22 23,10.771152297285406,10.951294694718356,9.362892928956262,9.366785788472681,0.14993046072869753,10.771152297285406,0.14993046072869753,0.0,0.0,11.268062145874932,11.268062145874932,-0.49690984858952625,0,0.04613339732600008,1.0167245242162577,20,20,0,1,99.9151611284714,99.12090472332719,0.007949308154774903,0.597352014322577,0.05638021026173737,0.5999088199676025,0.047386501521206444,0.04600135036506556,0.04804411447757538,0.10887966700829566,0.19891820900375023,0.655036874988582,0.7544967714929953
endpoints,20.0,0.007393215095946545,0.05,0.0,2.0,0.08,2.0,74613,0 1 10 11 12 13 14 23,0 1 2 3 4 5 6 23,1.1568343697123595,1.3826591049724595,1.1527265079907247,1.3538167637927665,-0.14550151789268262,1.1568343697123595,-0.14550151789268262,0.0,0.0,1.3945021093029988,1.3945021093029988,-0.23766773959063925,0,0.2054466445786305,1.1952092202414855,74613,74613,0,1,1.427969674922384,1.4246653448876234,0.0023140057473141074,0.6073694116766426,0.4412416577468711,0.6005669727936728,0.4269632872652303,0.5099102369800735,0.5117318924064771,2.3447923330240883,0.22292391600785777,2.8099815000023227,2.9214442489901558
endpoints,20.0,0.007393215095946545,0.05,1.1999999999999993,2.0,0.08,2.0,74613,0 8 11 12 13 15 20 23,0 1 11 17 20 21 22 23,20.80439667903149,20.81633554078189,18.749621810511258,18.9060215382624,0.10041113816183489,19.585526597594132,0.03594119777958227,0.06223320447187186,0.06223320447187186,21.025918174927913,21.025918174927913,-0.22152149589642178,0,0.01064782119443497,1.000573862435647,13,13,0,1,99.88082032038338,99.70693042355525,0.00174097385534433,0.5971969524340984,0.024194443429961656,0.5959189048459063,0.021234249314320296,0.0212342493143203,0.021249035448832256,0.1652808329963591,0.21506229098304175,0.5587349580018781,0.6662668954959372
endpoints,20.0,0.007393215095946545,0.05,2.4000000000000004,2.0,0.08,2.0,74613,0 1 2 9 10 11 14 23,0 2 3 11 12 14 17 23,43.955746791539,43.980478426758076,35.75104584129358,35.77060832989205,0.2288230154254034,42.68658195965117,0.19334235431438618,0.02973217281925944,0.02973217281925944,43.980478426758076,43.837143343988444,0.11860344755055507,1,0.0005626485050149732,1.000562648505015,18,18,0,1,99.93079956925875,99.52362408129241,0.004074574502770156,0.5991222241835036,0.00935579343804703,0.598358192459555,0.006211870930027859,0.006211870930027859,0.006218943132543374,0.10558091598795727,0.20272995802224614,0.5025712079950608,0.6039369370118948
endpoints,20.0,0.007393215095946545,0.05,3.5999999999999996,2.0,0.08,2.0,74613,0 3 5 8 9 12 18 23,0 1 3 4 19 20 22 23,61.06825843240818,61.08962602037322,58.96236908868256,58.97953491065054,0.035414377629831906,60.260550907165886,0.021719669347274095,0.01340358680899878,0.01340358680899878,61.08962602037322,60.8433369623527,0.22492147005547736,1,0.0003498967960366972,1.0003498967960367,23,23,0,1,99.92659543478167,99.83189449941374,0.000947705012423361,0.5986570962583643,0.002757036125350533,0.5973289380912836,0.002384696097879983,0.002384696097879983,0.002387604551858318,0.10069483297411352,0.19385545802651905,0.5009895419934765,0.5979178540146677
endpoints,20.0,0.007393215095946545,0.05,4.799999999999999,2.0,0.08,2.0,74613,0 2 8 9 10 12 15 23,0 2 8 10 14 17 20 23,75.71527801669764,76.20516930274107,75.60719800680936,75.61808605260794,0.0012853005036663756,75.64232083793827,0.0003204892717527663,0.0009645021193318559,0.0009645021193318559,76.24401452679798,76.24401452679798,-0.5287365101003445,0,0.006983220876290552,1.0064701774711227,9,9,0,1,99.93382952287156,99.89298614800569,0.0004087041901713606,0.5986649209653828,0.0005237390643172867,0.5975596215541906,0.0004482427345617675,0.0004977332820082335,0.0004985980737151395,0.11724237498128787,0.2024645000055898,0.5189781670051161,0.620211334011401
endpoints,20.0,0.007393215095946545,0.05,6.0,2.0,0.08,2.0,74613,0 4 7 8 10 11 14 23,0 2 3 4 5 6 9 23,79.44053769749453,79.44717064153566,79.40775702033895,79.41368299865981,0.00033816211288395515,79.40775702033895,-7.462162812621465e-05,0.0004128145459036947,0.0004128145459036947,79.52903512544756,79.52903512544756,-0.08849742795302973,0,0.0011140084208647316,1.0000834957092861,6,6,0,1,99.94659097493214,99.93261146479101,0.00013986980451019537,0.5988285135360203,0.0001474062544840376,0.6001916728453017,0.00016138587975536865,0.00014636140471176485,0.0001616700263871523,0.1164503330073785,0.21795362498960458,0.5082156670105178,0.617193395490176
endpoints,20.0,0.007393215095946545,0.05,-6.0,4.0,0.08,2.0,74613,0 1 5 8 9 10 11 23,0 2 6 7 10 14 18 23,54.57629835422906,55.19367436763597,47.5615432787749,47.59308812053444,0.14672740327353662,54.57629835422906,0.14672740327353662,0.0,0.0,55.47863188359179,55.47863188359179,-0.9023335293627284,0,0.01653343221458714,1.0113121635586169,6,6,0,1,99.94284815276816,99.90179309879835,0.00041078531109162153,0.5993827465099029,0.005200688140420548,0.5985091007237829,0.0034505837194251663,0.0033839789432440447,0.0035726640571651443,0.09442833298817277,0.2132974170090165,0.5639503339771181,0.6705997924873373
endpoints,20.0,0.007393215095946545,0.05,-4.8,4.0,0.08,2.0,74613,0 5 9 11 16 18 21 23,0 11 15 16 19 20 22 23,41.11144424173342,42.538538934316826,37.18633263987193,38.53128735262287,0.06696264429210452,41.11144424173342,0.06696264429210452,0.0,0.0,42.53853893431682,42.22147439686677,-1.1100301551333445,0,0.0347128328596813,1.0347128328596813,13,13,0,1,99.87690769671998,99.70882770316925,0.0016828714207003381,0.6160968656697365,0.008596306874380203,0.5953923077523946,0.006603323635008265,0.006603323635008267,0.007088453767571112,0.11325320799369365,0.1821762920008041,0.6946378329885192,0.7857266869978048
endpoints,20.0,0.007393215095946545,0.05,-3.6,4.0,0.08,2.0,74613,0 4 8 9 11 15 17 23,0 4 8 9 15 17 21 23,29.29935859849941,29.866004040863707,28.645500458522175,30.025280112028582,-0.024177010533145915,29.29935859849941,-0.024177010533145915,0.0,0.0,30.790020723153777,30.790020723153777,-1.4906621246543672,0,0.05087695417095972,1.0193398582586486,83,83,0,1,99.92844611923486,99.70807878977058,0.0022052512374838296,0.6168901603473962,0.013152477002368324,0.597386950179643,0.012609023883271345,0.01232311776484463,0.012994432725660499,0.11284833299578167,0.19875849998788908,0.613145582989091,0.7125257499865256
endpoints,20.0,0.007393215095946545,0.05,-2.4000000000000004,4.0,0.08,2.0,74613,0 1 5 10 12 14 15 23,0 4 5 9 11 15 17 23,20.859490580200013,21.795914662678626,19.716331950543967,20.697329654023598,0.007834871883817707,20.563370935586992,-0.006472270610550224,0.014400345426855976,0.014400345426855976,22.019401244702177,22.019401244702177,-1.1599106645021635,0,0.05560589603291466,1.04489199191506,51,51,0,1,99.90778272245942,99.86186190480396,0.0004596320367055151,0.6209409510030044,0.022607802493406697,0.6199105494127791,0.021048378615844708,0.01977987255980964,0.02128803809113912,0.10383149998961017,0.23209991698968224,0.7334604999923613,0.8495110424846644
endpoints,20.0,0.007393215095946545,0.05,-1.2000000000000002,4.0,0.08,2.0,74613,0 1 3 13 15 18 22 23,0 2 4 8 9 18 19 23,17.488426021931375,17.88721095648063,12.843618185240196,12.846775649648515,0.36130858815222267,17.488426021931375,0.36130858815222267,0.0,0.0,18.135306670000357,18.135306670000357,-0.6468806480689828,0,0.03698907193007317,1.0228027916319717,14,14,0,1,99.84504406832967,99.8246875734113,0.00020388087469258576,0.5973176920132034,0.03910231874873034,0.6068268609809052,0.026531965439873587,0.025865154911349254,0.02681121584383056,0.09606662500300445,0.18611883401172236,0.4847976250166539,0.5778576670272741
endpoints,20.0,0.007393215095946545,0.05,0.0,4.0,0.08,2.0,74613,0 1 10 11 12 13 14 23,0 1 2 3 4 5 6 23,2.1946416237106208,2.536458121613817,2.18737002664867,2.4318961947792546,-0.09755949763726224,2.1946416237106208,-0.09755949763726224,0.0,0.0,2.5827278367832,2.5827278367832,-0.38808621307257907,0,0.17683352438035738,1.1557504852775302,74613,74613,0,1,2.7494007317670697,2.716076395162694,0.012120581848742651,0.6073694116766426,0.24235815709688427,0.6005669727936728,0.2293806419908652,0.2614097973660987,0.2662467997708329,2.181315750000067,0.20539575000293553,2.614714791998267,2.717413541977294
endpoints,20.0,0.007393215095946545,0.05,1.1999999999999993,4.0,0.08,2.0,74613,0 3 4 6 8 9 13 23,0 1 5 10 13 15 21 23,27.560154193507277,27.87935842481034,24.662378610137566,24.790149820814875,0.11173810536500217,26.336398921213178,0.062373527855810185,0.0464663098381457,0.0464663098381457,27.87935842481034,26.85151433650043,0.7086398570068475,1,0.0115820916335172,1.0115820916335172,8,8,0,1,99.92656275965975,99.62472713806811,0.0030205744424293135,0.5994343700694599,0.016787129694311603,0.5978906030889677,0.014052421994356584,0.014294654047401236,0.014299664890049099,0.09159820800414309,0.2075527920096647,0.45209974999306723,0.5558770630013896
endpoints,20.0,0.007393215095946545,0.05,2.4000000000000004,4.0,0.08,2.0,74613,0 1 9 11 12 13 18 23,0 2 6 8 11 14 22 23,43.07928530644954,43.146053611245755,39.37069800178047,39.38508050679837,0.09379706102196517,43.07928530644954,0.09379706102196517,0.0,0.0,43.146053611245726,43.09476145383575,-0.015476147386209504,0,0.001549893511956446,1.0015498935119571,2,2,0,1,99.91660226296248,99.61393653117922,0.0030291835883961005,0.5980850009195804,0.007792357542818108,0.5980317328248997,0.006467420646392274,0.0064839182036992,0.006488325993844273,0.12726979202125221,0.20196604199009016,0.5054140829888638,0.6063978959864471
endpoints,20.0,0.007393215095946545,0.05,3.5999999999999996,4.0,0.08,2.0,74613,0 5 8 9 11 12 14 23,0 4 7 8 10 11 19 23,61.40155671033072,61.422934523206536,60.84595496914095,60.863247583924284,0.008844567908805168,60.84595496914095,-0.0002841224461361813,0.009131284757903035,0.009131284757903035,61.99172196612712,61.99172196612712,-0.5901652557963999,0,0.009611568295907702,1.000348164020933,9,9,0,1,99.94156927043188,99.92748940663927,0.00014088095569642078,0.5985426068605393,0.0024410055646452086,0.5984345545679582,0.002349636808041539,0.002349636808041538,0.0023526225331547412,0.1101256659894716,0.19582575000822544,0.4884810829826165,0.5863944999873638
endpoints,20.0,0.007393215095946545,0.05,4.799999999999999,4.0,0.08,2.0,74613,0 5 7 9 10 12 16 23,0 3 5 6 11 14 18 23,71.47728278073792,71.65852122316662,70.2582003653843,70.36302267142794,0.01583587610374848,71.4574775660633,0.01555440418962828,0.00027716084235285265,0.00027716084235285265,71.65852122316664,71.65009488642825,-0.17281210569032623,0,0.0025356090127919284,1.0025356090127917,7,7,0,1,99.92671505713847,99.8588705919425,0.0006789422143734791,0.5985120518552945,0.001112844324640715,0.5984997139035833,0.0009588929811887835,0.0009758285420555289,0.0009797129749237897,0.14543520798906684,0.19356558300205506,0.48698129097465426,0.5837649164750474
endpoints,20.0,0.007393215095946545,0.05,6.0,4.0,0.08,2.0,74613,0 1 7 8 9 10 11 23,0 1 4 5 7 12 13 23,76.99231854377062,77.00089173338658,76.05005781273752,76.05699413999268,0.012297677739621982,76.68790909038253,0.008295291675983973,0.003969458249661217,0.003969458249661217,77.00089173338658,76.92327757491509,0.06904096885553201,1,0.000111351233189394,1.0001113512331894,7,7,0,1,99.94444461670493,99.88904108815741,0.0005543432529940828,0.5992757380737389,0.00048608311784684806,0.5994315908904773,0.00039152060511510355,0.0003646710691798178,0.00039201070481104404,0.07962608299567364,0.2673047079879325,0.43918741701054387,0.5728403960092692
endpoints,30.0,0.0007393215095946545,0.03,0.0,0.0,0.08,2.0,74613,0 6 7 8 9 10 11 23,0 1 2 3 4 5 6 23,0.9287285177482019,0.9989247319782001,0.9278308825937586,0.9989240341171899,-0.07027112570279093,0.9287285177482019,-0.07027112570279093,0.0,0.0,0.9989247320440324,0.998924706216696,-0.07019618846849418,0,0.07558313646492576,1.0755831363940414,74613,74613,0,1,0.9990005903212988,0.9990002649646839,3.256821048402969e-07,0.6863842401257916,0.6863842401257916,0.6868301910265475,0.6868301910265475,0.7377499013127926,0.7387892926438524,0.8937665830017067,0.1968808330129832,1.0936416249896865,1.1920822504907846
endpoints,30.0,0.0007393215095946545,0.03,-6.0,1.0,0.08,2.0,74613,0 3 4 5 9 15 17 23,0 7 13 14 17 19 20 23,518.7814965389802,524.7494951969817,463.9929016716276,464.111222756484,0.11779562980139624,517.2576429685225,0.1145122496637494,0.0029460242708301276,0.0029460242708301276,529.1061320068917,526.6830778754992,-7.90158133651903,0,0.019901703389175962,1.011503877254329,6,6,0,1,999.1796770204417,997.4065100211108,0.0017746227631635358,0.68608443036926,0.0007389543793063213,0.6926253302331713,0.0005805946343421243,0.0005616679484640587,0.0005809419688759049,0.1740810000046622,0.3416842500155326,0.6889246669888962,0.8597675420023734
endpoints,30.0,0.0007393215095946545,0.03,-4.8,1.0,0.08,2.0,74613,0 3 4 5 8 11 14 23,0 1 2 5 8 9 20 23,304.2678484199513,307.40269363376245,232.49252614232066,232.58161451309053,0.3082196933619876,304.2678484199513,0.3082196933619876,0.0,0.0,311.50404312210753,304.8288573752769,-0.561008955325633,0,0.023782317914079476,1.0103029131408077,3,3,0,1,999.1761157870387,996.1529402741515,0.003025668313244134,0.6864002639102609,0.002211901721645009,0.692777580354963,0.0015143268633774239,0.001473821232750696,0.0015157753701598759,0.13872808398446068,0.2254791250161361,0.7287533750059083,0.8414935625187354
endpoints,30.0,0.0007393215095946545,0.03,-3.6,1.0,0.08,2.0,74613,0 3 5 8 10 19 22 23,0 1 4 5 7 10 12 23,132.24431321470132,133.52205061042216,120.43840445241814,121.57857673405374,0.0877271042905714,120.50188920339983,-0.008855898461528344,0.09744597440693226,0.09744597440693226,133.9650117661577,130.413992430801,1.8303207839003335,1,0.01301151262862077,1.009661945868677,24,24,0,1,998.8233294827321,979.6845924530052,0.019161283547149854,0.691303951238954,0.004946745639810642,0.6924319147912991,0.0044465778353128815,0.004409482480357158,0.004451900167413987,0.10777416700148024,0.24373445901437663,0.6455293750041164,0.7673974385106703
endpoints,30.0,0.0007393215095946545,0.03,-2.4000000000000004,1.0,0.08,2.0,74613,0 3 6 7 16 17 20 23,0 8 10 18 19 21 22 23,56.41245419324162,56.83157703455661,55.45007131562297,55.48892235832566,0.01664353524388451,55.45007131562297,-0.0007001585370824959,0.01735584562444914,0.01735584562444914,56.83182001415616,56.21328679975468,0.19916739348694534,1,0.007433922649030533,1.0074296154512137,8,8,0,1,998.8452616116648,946.5009112625941,0.05240486425756441,0.685526408736181,0.011614971556493759,0.6880307190742443,0.011367164971607252,0.011364894183186295,0.011394068298291059,0.13500216699321754,0.2262568750011269,0.6858453339955304,0.7989745215018047
endpoints,30.0,0.0007393215095946545,0.03,-1.2000000000000002,1.0,0.08,2.0,74613,0 4 7 10 13 14 21 23,0 6 7 13 20 21 22 23,27.839011393152227,27.855559360567025,23.307228143167276,23.31859866031257,0.19385439059565956,27.839011393152227,0.19385439059565956,0.0,0.0,27.85555936056702,27.785975846929198,0.05303554622302897,1,0.000594416489188454,1.0005944164891887,1,1,0,1,998.9095492148214,984.020628010135,0.014905174563992873,0.6856350057786118,0.02866360341597295,0.6847609361320383,0.023843237658159905,0.02384323765815991,0.023857351281719678,0.1605172499839682,0.21877362500526942,0.5645647080091294,0.6739522284915438
endpoints,30.0,0.0007393215095946545,0.03,0.0,1.0,0.08,2.0,74613,0 1 10 11 12 13 14 23,0 1 2 3 4 5 6 23,1.0316354840664497,1.1043742550948585,1.0303721091538662,1.0999558241620382,-0.06211189449143184,1.0316354840664497,-0.06211189449143184,0.0,0.0,1.1061569146419503,1.1061569146419503,-0.07452143057550065,0,0.07223620331646186,1.0705082096843845,74613,74613,0,1,1.1101066051813746,1.1098042966721744,0.00027232385411379845,0.6893827697601675,0.6259974570199877,0.686831280047488,0.6211796311270671,0.6640089129726919,0.6650203622770027,2.4276795829937328,0.23809666698798537,2.9227947919862345,3.041843708488159
endpoints,30.0,0.0007393215095946545,0.03,1.1999999999999993,1.0,0.08,2.0,74613,0 2 6 8 15 17 21 23,0 2 3 13 17 18 20 23,65.59540953650526,65.65271288677566,52.38760500439847,52.41988988110564,0.2513458094872618,65.59540953650526,0.2513458094872618,0.0,0.0,65.65271288677566,65.31147113720361,0.2839383993016469,1,0.0008735878116366003,1.0008735878116366,1,1,0,1,997.7743939552633,961.9734935767723,0.03588075680773206,0.6854969938092045,0.01233771843390753,0.6852971574719127,0.009698893871600221,0.009698893871600221,0.00970779999418492,0.12206624998361804,0.1922626669984311,0.5209591669845395,0.6170913334935904
endpoints,30.0,0.0007393215095946545,0.03,2.4000000000000004,1.0,0.08,2.0,74613,0 1 10 11 12 14 20 23,0 5 6 7 8 15 16 23,261.09345956609917,262.6864174413288,216.6674714946418,216.90295409725817,0.2037339954762727,239.72489519095876,0.10521729032545757,0.0891378609556539,0.0891378609556539,262.6864174413288,249.6585118309089,11.434947735190264,1,0.00610110217956783,1.0061011021795678,9,9,0,1,998.7360239447978,995.6924452200881,0.003047430604023127,0.6856475988100659,0.0024217585303877654,0.6892304070799803,0.0018844548310070458,0.0018852275197823172,0.0018883853202255776,0.09099300001980737,0.21545520800282247,0.5011754590086639,0.6089038539939793
endpoints,30.0,0.0007393215095946545,0.03,3.5999999999999996,1.0,0.08,2.0,74613,0 2 3 7 9 14 18 23,0 1 6 9 13 16 20 23,563.2958983079226,563.7207404340007,546.8088905058971,547.2044623153961,0.02940662421581597,546.8088905058971,-0.0007228958035634392,0.030151316279389606,0.030151316279389606,564.8923646771074,564.8923646771074,-1.5964663691847818,0,0.00283415230606221,1.0007542077394036,10,10,0,1,999.1511754229648,998.6653528238653,0.00048623532759572985,0.6860567510721303,0.0005144269488320293,0.6856622755550428,0.00047699399270026015,0.00047699399270026015,0.00047789150253417886,0.12610012499499135,0.24676704200101085,0.518224375002319,0.6416089380072663
endpoints,30.0,0.0007393215095946545,0.03,4.799999999999999,1.0,0.08,2.0,74613,0 1 7 10 11 12 13 23,0 1 3 4 12 14 20 23,802.3859409167379,804.0090990997269,768.9498648187064,769.1649620806991,0.04319096744366968,782.6215872718021,0.017495109442714263,0.02525403587937536,0.02525403587937536,804.0090990997272,799.1103143038429,3.275626612895053,1,0.0020229145355348255,1.0020229145355344,42,42,0,1,999.3175733434545,998.8663265022009,0.0004515549944186237,0.6861833869193875,0.00015279321318622372,0.6858958608361341,0.00011377314020987165,0.00011526318185439337,0.0001154860117965306,0.09360358302365057,0.2238752499979455,0.5343915000266861,0.6463298340240726
endpoints,30.0,0.0007393215095946545,0.03,6.0,1.0,0.08,2.0,74613,0 1 2 5 9 11 14 23,0 3 4 6 7 16 17 23,881.5545544949786,881.6484302580994,863.1359614324764,863.2158925242989,0.021244583341778034,878.4849946214001,0.01768862486121514,0.0034941517412045986,0.0034941517412045986,881.6484302580997,880.948931853263,0.605622641715513,1,0.00010648888675390822,1.0001064888867537,9,9,0,1,999.2913252960014,998.6644264008958,0.0006273434775589948,0.6863825156720611,5.5824318484200044e-05,0.6860753805063373,3.88519175451083e-05,3.839314525738113e-05,3.8916543422987434e-05,0.09541199999512173,0.20878937499946915,0.4938472920039203,0.5982426044793101
endpoints,30.0,0.0007393215095946545,0.03,-6.0,2.0,0.08,2.0,74613,0 2 6 7 11 15 19 23,0 1 3 4 12 15 17 23,447.52958595195594,447.8358202447039,397.84937707033316,401.9713197053688,0.11333710643828976,438.0671433444044,0.08979701254679728,0.021600438999626714,0.021600438999626714,448.0530969567346,448.0530969567346,-0.5235110047786407,0,0.0011697796552714301,1.0006842772016884,11,11,0,1,999.1131574350455,996.9882308901653,0.0021268126929040454,0.6927164948239194,0.0009839767976867128,0.6860167329508533,0.0007925272214336138,0.0007925272214336138,0.0007935518308533568,0.1269085000094492,0.2160544999933336,0.5959572079882491,0.7039850409928476
endpoints,30.0,0.0007393215095946545,0.03,-4.8,2.0,0.08,2.0,74613,0 6 7 10 11 17 22 23,0 6 7 10 11 17 22 23,256.191745953751,256.4787930844131,256.191745953751,256.4787930844131,-0.0011191846593242571,256.191745953751,-0.0011191846593242571,0.0,0.0,256.4787930844131,255.59023191953247,0.6015140342185532,1,0.001120438637058463,1.0011204386370585,1,1,0,1,998.814847142763,998.814847142763,0.0,0.6854820382726129,0.001933344054793762,0.6854820382726129,0.001933344054793762,0.001933344054793762,0.0019363013589600948,0.07249229200533591,0.1955557500186842,0.46029233298031613,0.5580707919871202
endpoints,30.0,0.0007393215095946545,0.03,-3.6,2.0,0.08,2.0,74613,0 1 3 8 19 20 22 23,0 5 8 9 20 21 22 23,90.12826502859072,90.15998886730105,84.32061866004823,84.35382737037779,0.06845495738869967,89.97549854178105,0.06664393717098127,0.0016978676338061938,0.0016978676338061938,90.15998886730105,90.02243793365223,0.10582709493849052,1,0.0003519854587268334,1.0003519854587268,2,2,0,1,996.7335879610055,846.3421920566384,0.15088424602206818,0.6851045168602452,0.007382473768906612,0.684876467579892,0.006856913540832252,0.006856913540832252,0.0068594562829766195,0.12982533301692456,0.1837557080143597,0.5951484169927426,0.6870271040097577
endpoints,30.0,0.0007393215095946545,0.03,-2.4000000000000004,2.0,0.08,2.0,74613,0 3 4 8 9 11 12 23,0 16 17 19 20 21 22 23,61.38643171234352,61.42262365996547,50.569033051098806,50.59390634036711,0.21331670457249174,61.38643171234352,0.21331670457249174,0.0,0.0,61.4226236599655,61.38500655157654,0.0014251607669848454,1,0.0005895756865552659,1.0005895756865546,1,1,0,1,998.4110413085566,969.1653219605827,0.02929226354472536,0.6863922551830168,0.012827376633169001,0.6838332898207032,0.010393926291840725,0.010393926291840725,0.010400249886135644,0.07479391701053828,0.20130387498647906,0.4435579169949051,0.5442106044938555
endpoints,30.0,0.0007393215095946545,0.03,-1.2000000000000002,2.0,0.08,2.0,74613,0 8 10 11 15 16 17 23,0 6 10 12 20 21 22 23,36.17220115873992,36.57768169438122,30.4859285224448,30.498673703927235,0.1860253829359837,33.815024125359244,0.10873752916688217,0.06970798023512081,0.06970798023512081,36.959087809797204,36.80566872707112,-0.6334675683312057,0,0.021753905647159177,1.0112097279859158,17,17,0,1,998.7742496151452,926.3272549369171,0.07253590559242373,0.6855332102021362,0.02173815462123991,0.6919984580555575,0.018179276553493003,0.01778730384467509,0.018189963899351534,0.10630620899610221,0.18507841601967812,0.5322525839728769,0.6247927079966757
endpoints,30.0,0.0007393215095946545,0.03,0.0,2.0,0.08,2.0,74613,0 1 10 11 12 13 14 23,0 1 2 3 4 5 6 23,1.3402195620144157,1.4204683733575123,1.3387840902047157,1.4040893792751359,-0.045488427021428746,1.3402195620144157,-0.045488427021428746,0.0,0.0,1.4274205677622864,1.4274205677622864,-0.08720100574787071,0,0.06506471642363088,1.0598773616037052,74613,74613,0,1,1.4465732108511427,1.443183435884852,0.0023433137990271913,0.6893827697601675,0.49024279112205477,0.686831280047488,0.4827851926082723,0.509901240509831,0.5117299283965824,2.4268368749762885,0.20443208300275728,2.9042525419790763,3.0064697494963184
endpoints,30.0,0.0007393215095946545,0.03,1.1999999999999993,2.0,0.08,2.0,74613,0 1 5 7 16 17 21 23,0 1 11 17 20 21 22 23,79.72202504350058,79.77315583059267,51.542238587316554,51.56204515050131,0.5461377610373059,71.53551485448222,0.3873676780213344,0.1144398024627542,0.1144398024627542,79.77315583059264,79.39525737559705,0.32676766790352474,1,0.0006413633756061632,1.0006413633756066,8,8,0,1,998.0223378324636,986.9575554804663,0.011086708115199184,0.6854920754527084,0.012555187531927407,0.6845236772655395,0.007841555981565444,0.007841555981565444,0.007846857705909541,0.13809399999445304,0.2023696250107605,0.6443782080023084,0.7455641035194276
endpoints,30.0,0.0007393215095946545,0.03,2.4000000000000004,2.0,0.08,2.0,74613,0 1 2 9 10 11 14 23,0 2 3 11 12 14 17 23,224.01558177801505,224.2024868317636,164.6886847125966,164.8013521275008,0.3593066979493127,213.6309221452464,0.29629350358708195,0.048610283232818574,0.048610283232818574,224.20248683176362,221.3229540302413,2.6926277477737415,1,0.0008343395234613471,1.0008343395234611,6,6,0,1,999.2675687245447,961.1438883807175,0.03815162378629777,0.6862844772000015,0.003424991879466913,0.6859197290923065,0.002320054587366326,0.002320054587366327,0.002322565493105965,0.11509129102341831,0.23713633298757486,0.4942617920169141,0.612830791491433
endpoints,30.0,0.0007393215095946545,0.03,3.5999999999999996,2.0,0.08,2.0,74613,0 3 5 8 9 12 18 23,0 1 3 4 19 20 22 23,423.10726445616393,423.4009976847956,390.9462424985151,391.1366905487655,0.08173759884950615,405.21539041517786,0.035994321695210774,0.044153984434436966,0.044153984434436966,423.40099768479547,419.0745210539618,4.032743402202129,1,0.0006942287531013225,1.0006942287531015,37,37,0,1,999.0398517214686,997.6525242538777,0.0013886607878558221,0.6860917491771168,0.0010147756276862505,0.6851634421981034,0.0008789161562225127,0.0008789161562225132,0.0008800059784442079,0.08860729198204353,0.20078304200433195,0.4850654170149937,0.5854574799886905
endpoints,30.0,0.0007393215095946545,0.03,4.799999999999999,2.0,0.08,2.0,74613,0 10 11 13 14 15 19 23,0 2 8 10 14 17 20 23,743.2905137144402,747.3012838938891,725.8327427658011,726.1060069823569,0.023666663774757568,732.5645994384669,0.008894834079326008,0.014641595136039909,0.014641595136039909,747.3012838938893,741.5780039914509,1.712509722989239,1,0.005395965783830725,1.0053959657838305,9,9,0,1,999.0952490932035,998.5789742789464,0.0005167423373554358,0.6853667279670129,0.0002045719734180347,0.6889762482566334,0.00018263093864235748,0.00018263093864235734,0.00018293138953304384,0.11114583298331127,0.2025096669967752,0.5098845000029542,0.6111400415102253
endpoints,30.0,0.0007393215095946545,0.03,6.0,2.0,0.08,2.0,74613,0 4 7 8 10 11 14 23,0 4 7 8 10 11 14 23,865.1335907846567,865.2498807588552,865.1335907846567,865.2498807588552,-0.00013440045099633036,865.1335907846567,-0.00013440045099633036,0.0,0.0,865.2498807588552,864.0076221262985,1.125968658358147,1,0.00013441851690565443,1.0001344185169057,1,1,0,1,999.2891968414041,999.2891968414041,0.0,0.6862465715089318,5.379801202500631e-05,0.6862465715089318,5.379801202500631e-05,5.379801202500633e-05,5.389473322168186e-05,0.10219145799055696,0.26518975000362843,0.5013573750038631,0.63395312501234
endpoints,30.0,0.0007393215095946545,0.03,-6.0,4.0,0.08,2.0,74613,0 3 4 5 8 11 14 23,0 6 7 10 13 14 18 23,321.5126527417744,323.6859572063044,302.39910359060855,303.67671271428816,0.058733315004851905,302.39910359060855,-0.004207135648500171,0.06320636841914062,0.06320636841914062,324.09967407029274,317.8467977774137,3.665854964360676,1,0.00804640597020656,1.0067596234424887,21,21,0,1,999.2701640373924,998.4611975367676,0.0008095573446887938,0.6863936008309149,0.0015209558580568554,0.6887285388670363,0.0013884462342128672,0.0013766416956453214,0.0013936398642227614,0.0940251249994617,0.19216054101707414,0.6468305420130491,0.742911979497876
endpoints,30.0,0.0007393215095946545,0.03,-4.8,4.0,0.08,2.0,74613,0 4 7 9 17 18 22 23,0 11 15 16 19 20 22 23,194.61091077165102,196.70543141863627,166.8517096401681,167.9807645763425,0.1585309262192689,194.61091077165102,0.1585309262192689,0.0,0.0,197.95210334949562,194.74666842280956,-0.1357576511585421,0,0.01716857787981385,1.0107626064678505,2,2,0,1,998.6121212084245,985.6887820490259,0.012941300115364096,0.6885275652183575,0.0033595261587968128,0.6913691535416691,0.0027754220770746427,0.0027180274353973562,0.0027773178037427257,0.12061908398754895,0.20926991701708175,0.6955264580028597,0.8001622085139388
endpoints,30.0,0.0007393215095946545,0.03,-3.6,4.0,0.08,2.0,74613,0 4 8 9 11 15 17 23,0 4 8 9 11 15 17 23,120.89580054964594,122.25026487959644,120.89580054964594,122.25026487959644,-0.011079438815813636,120.89580054964594,-0.011079438815813636,0.0,0.0,123.07205984568398,122.7505082025055,-1.8547076528595596,0,0.018001115722331207,1.011203568062683,2,2,0,1,999.213067849387,999.213067849387,0.0,0.6932671108637687,0.004931562815658655,0.6932671108637687,0.004931562815658655,0.004861317485288143,0.004934004997509894,0.1188075419922825,0.1948837090167217,0.5149734579899814,0.6124157705053221
endpoints,30.0,0.0007393215095946545,0.03,-2.4000000000000004,4.0,0.08,2.0,74613,0 2 11 17 18 20 22 23,0 4 5 9 11 15 17 23,79.99767615340349,80.03130796804324,56.21134722434117,56.22864632149763,0.42272100409463986,78.54373754270594,0.3968633904792527,0.01851119715186722,0.01851119715186722,80.70026729744572,80.70026729744572,-0.7025911440422306,0,0.008782644419507157,1.0004204098950982,5,5,0,1,998.2321957562632,992.8203021863368,0.00542147768117851,0.6846943220274058,0.011437644624580799,0.685940593680146,0.00783158169186301,0.007790441204856959,0.007835058621680144,0.058947249985067174,0.23787799998535775,0.45229170902166516,0.5712312919931719
endpoints,30.0,0.0007393215095946545,0.03,-1.2000000000000002,4.0,0.08,2.0,74613,0 1 3 13 15 18 22 23,0 4 8 9 14 18 19 23,62.90906432025018,63.29136750010358,43.67331018335286,43.682942877667294,0.4401288048844383,62.90906432025018,0.4401288048844383,0.0,0.0,63.67155003872964,63.67155003872964,-0.7624857184794607,0,0.012120442844259838,1.0060770762366964,2,2,0,1,996.7373295067024,980.2538152311408,0.016537470592898784,0.6852727854166795,0.014948101092306603,0.6888424537120645,0.010144350007076829,0.010081126682722178,0.010157745454146572,0.07310729098389857,0.225862249993952,0.48175883301883005,0.5946905410237378
endpoints,30.0,0.0007393215095946545,0.03,0.0,4.0,0.08,2.0,74613,0 1 10 11 12 13 14 23,0 1 2 3 4 5 6 23,2.5725024371959297,2.6813503477148353,2.570382025294938,2.626999760179088,-0.020745081065193238,2.5725024371959297,-0.020745081065193238,0.0,0.0,2.7076114485510154,2.7076114485510154,-0.13510901135508568,0,0.052520460000946345,1.0423120728459063,74613,74613,0,1,2.8192081012877184,2.784184984647487,0.012423033483847545,0.6893827697601675,0.2616827693524048,0.686831280047488,0.25541194221199837,0.26142008384781895,0.2662463589408229,1.5206759579887148,0.20543941701180302,1.9269332910189405,2.0296535415254766
endpoints,30.0,0.0007393215095946545,0.03,1.1999999999999993,4.0,0.08,2.0,74613,0 3 8 10 11 19 20 23,0 1 5 10 13 15 21 23,111.88845991173804,112.07242328794968,89.37120975070911,89.39437357546063,0.25162754026448253,111.88845991173804,0.25162754026448253,0.0,0.0,112.07242328794965,107.1267558333205,4.761704078417537,1,0.001644167560771903,1.0016441675607721,1,1,0,1,998.4674018371572,972.5604786707472,0.025946689014325286,0.6855118471265351,0.006929078857324107,0.6856334737183262,0.005378449959990829,0.005386549642831127,0.005388413291691906,0.08961916697444394,0.21029716701013967,0.4536374579765834,0.5587866664864123
endpoints,30.0,0.0007393215095946545,0.03,2.4000000000000004,4.0,0.08,2.0,74613,0 1 9 11 12 13 18 23,0 2 6 8 11 14 22 23,211.96958215890777,213.08978825284342,189.2092977462104,189.28397998681197,0.1198495624071112,203.70779710713987,0.07620199618231216,0.04055703890127793,0.04055703890127793,213.0897882528433,208.0581997901138,3.9113823687939657,1,0.005284749266976085,1.0052847492669768,6,6,0,1,998.9603361303724,971.0632705561815,0.027926099330684684,0.6858200172715867,0.002883911778924374,0.6890001704462847,0.0024940580722966465,0.0024940580722966465,0.0024956060258803274,0.11395895801251754,0.190741792001063,0.4760998749989085,0.5714714789792197
endpoints,30.0,0.0007393215095946545,0.03,3.5999999999999996,4.0,0.08,2.0,74613,0 4 7 8 10 11 19 23,0 4 7 8 10 11 19 23,427.6179272712414,427.86719123310417,427.6179272712414,427.86719123310417,-0.000582573207224435,427.6179272712414,-0.000582573207224435,0.0,0.0,428.5636303263133,428.5636303263133,-0.9457030550718741,0,0.002211560822781067,1.000582912796602,2,2,0,1,999.0649651439115,999.0649651439115,0.0,0.6860071925096679,0.0008639965446188732,0.6860071925096679,0.0008639965446188732,0.0008639965446188736,0.0008649081353230558,0.09216470798128285,0.20171595801366493,0.45594816698576324,0.5568068129941821
endpoints,30.0,0.0007393215095946545,0.03,4.799999999999999,4.0,0.08,2.0,74613,0 4 9 11 18 20 22 23,0 3 5 8 12 13 20 23,617.3808941498861,617.6115021434226,589.6245110696301,592.5008791984317,0.04199152410560725,589.6245110696301,-0.004854622549578136,0.04707467644094976,0.04707467644094976,617.6115021434226,614.1116606418447,3.2692335080414523,1,0.00037352628777753694,1.0003735262877775,30,30,0,1,998.5660064185274,996.1751491771674,0.0023942906387681706,0.6880979815678511,0.0004220235714434503,0.6858564207347017,0.00037117662451462754,0.00037117662451462754,0.00037157409755705467,0.12195612501818687,0.19781795900780708,0.5567343340080697,0.655643896519905
endpoints,30.0,0.0007393215095946545,0.03,6.0,4.0,0.08,2.0,74613,0 1 7 8 9 10 11 23,0 4 12 13 16 20 22 23,783.356899011109,783.5497405147861,745.2367150771062,745.3722941103653,0.05096058063988029,760.9588127046889,0.020911051722048324,0.02943403234507569,0.02943403234507569,783.5497405147861,778.4728927668749,4.884006244234115,1,0.000246173237154812,1.0002461732371548,18,18,0,1,999.1503043671518,998.5393487849277,0.0006114751499886051,0.6864184461299147,0.00018158533327262088,0.6849292944183688,0.0001348148202423966,0.00013481482024239666,0.00013500520873245805,0.09243954200064763,0.2046332909958437,0.4283577499736566,0.5306753124750685
endpoints,30.0,0.0007393215095946545,0.05,0.0,0.0,0.08,2.0,74613,0 6 7 8 9 10 11 23,0 1 2 3 4 5 6 23,0.8120546530038082,0.9987704730165368,0.8097653365051735,0.9987673860680262,-0.18694316180995219,0.8120546530038082,-0.18694316180995219,0.0,0.0,0.9987704757430707,0.9987703703951293,-0.1867157173913211,0,0.22993011867932345,1.229930115321749,74613,74613,0,1,0.9990005903212988,0.9990002649646839,3.256821048402969e-07,0.5990604133601805,0.5990604133601805,0.6005663184139842,0.6005663184139842,0.7377434283735226,0.7387943592814824,0.8926688749925233,0.24227854100172408,1.088805000006687,1.2099445205094526
endpoints,30.0,0.0007393215095946545,0.05,-6.0,1.0,0.08,2.0,74613,0 3 4 5 9 15 17 23,0 2 3 14 17 20 22 23,267.72771581757445,273.9506031242157,232.01334956819963,234.1093482746152,0.14360113250806283,266.10557130873974,0.1366721289428916,0.006095868270840077,0.006095868270840077,284.6284355686888,284.6284355686888,-16.900719751114366,0,0.06312652277894992,1.0232433436621908,139,137,0,1,999.1796770204417,998.1383309724629,0.0010422009893996664,0.5987246568936262,0.0018181357696905346,0.6036415796534708,0.0014641471915848986,0.0013558761941401389,0.0014899642358961272,0.16253004199825227,0.2173741250007879,0.7991958330094349,0.9078835625114152
endpoints,30.0,0.0007393215095946545,0.05,-4.8,1.0,0.08,2.0,74613,0 3 4 5 8 11 14 23,0 8 11 15 18 19 21 23,128.19659630291002,130.73245954722188,96.59549976910829,96.64732248632542,0.3264371221566795,128.19659630291002,0.3264371221566795,0.0,0.0,139.38085049411217,139.38085049411217,-11.184254191202143,0,0.08724298861083146,1.0197810497114914,112,112,0,1,999.1761157870387,992.0462097652652,0.007135785082450052,0.5993051328131166,0.0054616276465282365,0.5961883685713221,0.0038210483529181275,0.0036196442676130233,0.003911037833123371,0.12498320799204521,0.23269733300548978,0.7118506669939961,0.8282003335043555
endpoints,30.0,0.0007393215095946545,0.05,-3.6,1.0,0.08,2.0,74613,0 3 5 8 10 19 22 23,0 4 5 7 8 14 22 23,49.24409981821864,50.52495378633752,43.31410888523382,45.12860033252681,0.09119492861216782,49.24409981821864,0.09119492861216782,0.0,0.0,52.60957054365019,52.60957054365019,-3.3654707254315497,0,0.06834261846302336,1.026010303221037,15,15,0,1,998.8233294827321,967.2041732386892,0.03165640540296322,0.6182189288231045,0.012959727968293056,0.6118798035893886,0.011371126056115883,0.010751096575090468,0.011408475505780691,0.14318945800187066,0.22713808302069083,0.7692862499970943,0.8828562915150542
endpoints,30.0,0.0007393215095946545,0.05,-2.4000000000000004,1.0,0.08,2.0,74613,0 3 6 7 16 17 20 23,0 10 18 19 20 21 22 23,19.815876392905427,20.704719968013297,19.455896762444006,19.76374207899459,0.0026378766582997315,19.528469122193524,-0.011904271764967,0.014717347730307972,0.014717347730307972,21.415866351361874,21.327311488154844,-1.5114350952494178,0,0.08074283098724222,1.0448551231085645,71,71,0,1,998.8452616116648,924.6858317509973,0.07424516360122602,0.6024939841487659,0.029745491626532634,0.6173512834541272,0.02907761319939308,0.027448596693414606,0.029275378109622288,0.14160299999639392,0.2072197500092443,0.8562313329894096,0.9598419579997426
endpoints,30.0,0.0007393215095946545,0.05,-1.2000000000000002,1.0,0.08,2.0,74613,0 4 7 10 13 14 21 23,0 7 10 13 20 21 22 23,9.630191504000118,9.637511418466355,7.9474847609225705,7.9514103690312155,0.211129982865347,9.630191504000118,0.211129982865347,0.0,0.0,9.637511418466355,9.624066525160513,0.006124978839604722,1,0.0007601006130766308,1.0007601006130766,1,1,0,1,998.9095492148214,973.1604112677744,0.025777246766022666,0.597738410209988,0.07443456368416063,0.5960145350801578,0.06110387734131818,0.06110387734131818,0.06114757848572132,0.21308045901241712,0.21194558299612254,0.7305577500083018,0.8365313744870946
endpoints,30.0,0.0007393215095946545,0.05,0.0,1.0,0.08,2.0,74613,0 1 10 11 12 13 14 23,0 1 2 3 4 5 6 23,0.9020345568103173,1.1003488661168739,0.8986962363413246,1.0925642700621505,-0.17438764791474914,0.9020345568103173,-0.17438764791474914,0.0,0.0,1.1034299480378145,1.1034299480378145,-0.20139539122749717,0,0.22326793325928773,1.2198522305041344,74613,74613,0,1,1.1101066051813746,1.1098042966721744,0.00027232385411379845,0.6073694116766426,0.5551725166489901,0.6005669727936728,0.5450575537242308,0.6640171956950299,0.6650242703676409,2.3855196670047008,0.20195937500102445,2.8672123749856837,2.968193104490638
endpoints,30.0,0.0007393215095946545,0.05,1.1999999999999993,1.0,0.08,2.0,74613,0 2 6 8 15 17 21 23,0 1 2 3 14 20 21 23,22.764564538953483,22.78656315709449,17.590264549502837,17.6017428258755,0.2933130976944145,22.15896795917574,0.2589076080921302,0.027329638315893412,0.027329638315893412,22.78656315709449,22.40495747013993,0.35960706881355264,1,0.0009663535668940071,1.000966353566894,5,5,0,1,997.7743939552633,808.2567052789924,0.18994042122589117,0.5976186906110028,0.03321292381763916,0.5978970957084891,0.025499698898462653,0.025499698898462663,0.025523769729792832,0.12215287500293925,0.21628333398257382,0.6216424579906743,0.7297850829927484
endpoints,30.0,0.0007393215095946545,0.05,2.4000000000000004,1.0,0.08,2.0,74613,0 1 10 11 12 14 20 23,0 5 6 7 8 15 16 23,101.62549369838918,103.50281675973076,81.60733124224659,81.71778740707133,0.24361533667265167,93.56508200127894,0.14497816167233157,0.08614764744181014,0.08614764744181014,103.50281675973076,99.71971548123351,1.905778217155671,1,0.01847295391167525,1.0184729539116752,14,14,0,1,998.7360239447978,995.6924452200881,0.003047430604023127,0.5977890755638414,0.00657596558433996,0.598576780280254,0.005043871634508634,0.005105531283603466,0.005150472720874339,0.09368941700085998,0.234966334013734,0.4993980419822037,0.6168820839957334
endpoints,30.0,0.0007393215095946545,0.05,3.5999999999999996,1.0,0.08,2.0,74613,0 2 3 7 9 14 18 23,0 5 9 10 15 16 20 23,300.49212033174877,300.88744614278545,277.58729674203175,277.94003549551564,0.08114010921825976,278.74855895406233,0.0029089852316714904,0.0780042108891037,0.0780042108891037,302.83655391855393,302.83655391855393,-2.3444335868051667,0,0.007801980245661255,1.001315594600618,22,22,0,1,999.1511754229648,993.723006994762,0.005432779905307994,0.5987006871153361,0.0014147427152586076,0.5973781291592986,0.0012460658397858645,0.0012460658397858645,0.0012485858635285147,0.08111524998093955,0.2087157919886522,0.4428182500123512,0.5471766880073119
endpoints,30.0,0.0007393215095946545,0.05,4.799999999999999,1.0,0.08,2.0,74613,0 1 7 10 11 12 13 23,0 1 3 4 12 14 20 23,568.8828934439824,570.5302469833377,516.6370359618815,516.9653035413651,0.1004276100290804,542.9417670583881,0.05024798248369211,0.04777883736250588,0.04777883736250588,570.5302469833379,567.1968232786814,1.6860701653009755,1,0.0028957691615272285,1.002895769161527,65,65,0,1,999.3175733434545,998.8663265022009,0.0004515549944186237,0.5987732278863744,0.0004189249409593788,0.5985231496102014,0.000309743203056209,0.000312125780979716,0.0003127347654580486,0.10896320900064893,0.20401204100926407,0.4998680829885416,0.6018753954995191
endpoints,30.0,0.0007393215095946545,0.05,6.0,1.0,0.08,2.0,74613,0 1 2 5 9 11 14 23,0 7 11 12 19 21 22 23,709.8380687469725,710.0444825456681,671.09771030686,671.2597662327116,0.05747149532106266,707.6310844942493,0.0541836708993646,0.0031188345185548805,0.0031188345185548805,710.0444825456684,708.1959919782433,1.6420767687291118,1,0.00029078998124232314,1.0002907899812417,4,4,0,1,999.2913252960014,998.0092332262801,0.0012830013002880225,0.5993935395110096,0.00015361676804853802,0.5961030033522228,0.0001002075875332611,0.00010020758753326104,0.00010041223850859788,0.12202216699370183,0.21605291700689122,0.5349250419822056,0.642952416499611
endpoints,30.0,0.0007393215095946545,0.05,-6.0,2.0,0.08,2.0,74613,0 2 6 7 11 15 19 23,0 1 3 4 12 15 17 23,217.95146722502986,222.96131042257142,180.544977924629,186.3592048512912,0.16952348771260484,217.95146722502986,0.16952348771260484,0.0,0.0,224.99236034107787,224.9671415666278,-7.015674341597929,0,0.0323048667930208,1.0229860494234206,19,19,0,1,999.1131574350455,996.9882308901653,0.0021268126929040454,0.6160596853282357,0.0025664432140734468,0.609741440986748,0.001995419508168134,0.0019216694234470751,0.0020075110851780404,0.130361042014556,0.19943808400421403,0.7238463749818038,0.8235660010104766
endpoints,30.0,0.0007393215095946545,0.05,-4.8,2.0,0.08,2.0,74613,0 6 7 10 11 17 22 23,0 1 2 5 13 17 22 23,105.42128177305972,106.19883925117043,103.89823133372812,106.77179369953569,-0.012648583297911298,105.42128177305972,-0.012648583297911298,0.0,0.0,112.6333732451166,112.6333732451166,-7.212091472056883,0,0.06841210190919833,1.0073757164116497,39,39,0,1,998.814847142763,994.1792230263209,0.004641124558473431,0.6087622614623888,0.004962205460866235,0.5980394470224788,0.004891996603102022,0.004642442096264396,0.0049332661438129645,0.16458524999325164,0.18870116700418293,0.8016917080094572,0.8960429994913284
endpoints,30.0,0.0007393215095946545,0.05,-3.6,2.0,0.08,2.0,74613,0 1 3 8 19 20 22 23,0 5 8 9 20 21 22 23,33.63497097468667,33.65115381359481,30.92654898176294,30.942950470080376,0.08699947689892351,33.63497097468667,0.08699947689892351,0.0,0.0,33.651153813594796,33.53791893579518,0.0970520388914835,1,0.000481131347498609,1.000481131347499,1,1,0,1,996.7335879610055,846.3421920566384,0.15088424602206818,0.5971293467271656,0.01855842927550087,0.5964846419236542,0.016986211624507835,0.016986211624507842,0.01699390831368952,0.09538612500182353,0.2014837920141872,0.5348666670033708,0.6356091879861197
endpoints,30.0,0.0007393215095946545,0.05,-2.4000000000000004,2.0,0.08,2.0,74613,0 3 4 8 9 11 12 23,0 16 17 19 20 21 22 23,21.786627697579554,22.401423078235418,17.518445645411056,17.95674132765234,0.2132840419118478,21.786627697579554,0.2132840419118478,0.0,0.0,22.537038098051866,22.173492226315787,-0.38686452873623267,0,0.03444362344134988,1.0282189326953142,3,3,0,1,998.4110413085566,969.1653219605827,0.02929226354472536,0.6074852077350974,0.03309116012682595,0.6050870507913706,0.026271777235254992,0.02563786948213783,0.026544928422370554,0.1676456659915857,0.2231357920099981,0.8109337079804391,0.9225023959879763
endpoints,30.0,0.0007393215095946545,0.05,-1.2000000000000002,2.0,0.08,2.0,74613,0 8 10 11 15 16 17 23,0 1 2 12 15 21 22 23,12.240300579652722,12.461762143381547,10.45312902651167,10.457929114579764,0.17043254410551434,12.240300579652722,0.17043254410551434,0.0,0.0,12.889150798933777,12.889150798933777,-0.648850219281055,0,0.05300933707131761,1.0180928207022109,19,19,0,1,998.7742496151452,930.2360606025875,0.06862230282665716,0.597352014322577,0.05638021026173737,0.6023748238469169,0.04759853126886162,0.04600135036506556,0.04804411447757538,0.14730270899599418,0.19891820900375023,0.7530470410129055,0.8525068125163671
endpoints,30.0,0.0007393215095946545,0.05,0.0,2.0,0.08,2.0,74613,0 1 10 11 12 13 14 23,0 1 2 3 4 5 6 23,1.1718546334541609,1.4041695338591136,1.1676959504969067,1.3741980768005129,-0.14724474350703476,1.1718546334541609,-0.14724474350703476,0.0,0.0,1.4164693547256062,1.4164693547256062,-0.24461472127144535,0,0.20874152329834517,1.1982454937436915,74613,74613,0,1,1.4465732108511427,1.443183435884852,0.0023433137990271913,0.6073694116766426,0.4412416577468711,0.6005669727936728,0.4269632872652303,0.5099102369800735,0.5117318924064771,2.394553583988454,0.22292391600785777,2.8737080419959966,2.9851705000037327
endpoints,30.0,0.0007393215095946545,0.05,1.1999999999999993,2.0,0.08,2.0,74613,0 1 5 7 16 17 21 23,0 1 11 17 20 21 22 23,27.10001221284588,27.119802676647232,17.31350155177684,17.32140332427304,0.5645390679674183,25.046620476346796,0.44599256812224697,0.08198278639779932,0.08198278639779932,27.457429897373007,27.457429897373007,-0.3574176845271282,0,0.013188838503833011,1.0007302750879195,12,12,0,1,998.0223378324636,986.9575554804663,0.011086708115199184,0.5976952049300355,0.03376684370927454,0.5959189048459063,0.021234249314320296,0.0212342493143203,0.021249035448832256,0.13702512500458397,0.21506229098304175,0.5987804589967709,0.7063127705041552
endpoints,30.0,0.0007393215095946545,0.05,2.4000000000000004,2.0,0.08,2.0,74613,0 1 2 9 10 11 14 23,0 2 3 11 12 14 17 23,85.98876460582858,86.07993486827549,59.29558599324693,59.34773673116662,0.44889711625129847,81.246582447509,0.3689920951078518,0.05836777394770243,0.05836777394770243,86.07993486827549,85.42142035869377,0.5673442471348125,1,0.0010602578472296287,1.0010602578472296,18,18,0,1,999.2675687245447,961.1438883807175,0.03815162378629777,0.5991222241835036,0.00935579343804703,0.598358192459555,0.006211870930027859,0.006211870930027859,0.006218943132543374,0.13317520800046623,0.20272995802224614,0.5315586250217166,0.6329245210363297
endpoints,30.0,0.0007393215095946545,0.05,3.5999999999999996,2.0,0.08,2.0,74613,0 3 5 8 9 12 18 23,0 1 3 4 19 20 22 23,191.01750735205417,191.2053685811798,171.0924871782814,171.2230723410391,0.1156061197850069,183.04309333298443,0.06903287524477086,0.04356577390529015,0.04356577390529015,191.2053685811798,188.87975676420675,2.137750587847421,1,0.0009834764976772714,1.0009834764976773,22,22,0,1,999.0398517214686,997.6525242538777,0.0013886607878558221,0.5986570962583643,0.002757036125350533,0.5973289380912836,0.002384696097879983,0.002384696097879983,0.002387604551858318,0.11805795802501962,0.19385545802651905,0.5038920000079088,0.6008203540259274
endpoints,30.0,0.0007393215095946545,0.05,4.799999999999999,2.0,0.08,2.0,74613,0 10 11 13 14 15 19 23,0 2 8 10 14 17 20 23,482.689535130519,490.47955229745673,458.83509172703265,459.18356870414175,0.05119078300800983,475.6137392471022,0.03578126845724894,0.014877189827648296,0.014877189827648296,490.47955229745673,483.24146523035193,-0.55193009983293,0,0.01613877368365002,1.01613877368365,9,9,0,1,999.0952490932035,998.5789742789464,0.0005167423373554358,0.59702182306912,0.000560859646177035,0.6067500803528081,0.0004977332820082333,0.0004977332820082335,0.0004985980737151395,0.1278173750033602,0.2024645000055898,0.5311712500115391,0.6324043750209967
endpoints,30.0,0.0007393215095946545,0.05,6.0,2.0,0.08,2.0,74613,0 4 7 8 10 11 14 23,0 4 7 8 10 11 14 23,675.091253861636,675.323969536695,675.091253861636,675.323969536695,-0.0003445985712882127,675.091253861636,-0.0003445985712882127,0.0,0.0,676.1082039421791,676.1082039421791,-1.016950080543097,0,0.0015063890618134401,1.000344717360398,5,5,0,1,999.2891968414041,999.2891968414041,0.0,0.5988285135360203,0.0001474062544840376,0.5988285135360203,0.0001474062544840376,0.00014636140471176485,0.0001476776568183644,0.08301962501718663,0.21795362498960458,0.4985682080150582,0.6075456034886884
endpoints,30.0,0.0007393215095946545,0.05,-6.0,4.0,0.08,2.0,74613,0 3 4 5 8 11 14 23,0 2 6 7 10 14 18 23,138.79385334454267,141.88357440439526,124.89223421093743,128.7872734382101,0.07769851507209347,128.56499354921002,-0.0017259460742192756,0.07956178048900542,0.07956178048900542,145.00616379450727,145.00616379450727,-6.212310449964605,0,0.04475926202973213,1.022261224005235,183,132,0,1,999.2701640373924,997.1666102752254,0.002105090132650367,0.6174160806508814,0.004054755297591631,0.6080891502836336,0.00354651039756088,0.0033839789432440447,0.0035726640571651443,0.1009929169958923,0.2132974170090165,0.711242334014969,0.8178920005011605
endpoints,30.0,0.0007393215095946545,0.05,-4.8,4.0,0.08,2.0,74613,0 4 7 9 17 18 22 23,0 11 15 16 19 20 22 23,76.05766656925776,79.19446800980518,62.471237282166776,64.23072807512884,0.1841320945372953,76.05766656925776,0.1841320945372953,0.0,0.0,81.086896619269,79.9273733904988,-3.8697068212410386,0,0.06612390672584789,1.0412424096352082,12,12,0,1,998.6121212084245,985.6887820490259,0.012941300115364096,0.6121625058443442,0.008791358340839476,0.6157602233998348,0.007035971877357533,0.006603323635008267,0.007088453767571112,0.11629091700888239,0.1821762920008041,0.8268493750074413,0.9179383550072089
endpoints,30.0,0.0007393215095946545,0.05,-3.6,4.0,0.08,2.0,74613,0 4 8 9 11 15 17 23,0 4 8 9 15 17 21 23,43.494662440643445,44.75363294831399,42.04355773072125,44.40385936525575,-0.020475628416292913,43.494662440643445,-0.020475628416292913,0.0,0.0,46.47080821803879,46.47080821803879,-2.9761457773953452,0,0.06842554029375103,1.0289454024246918,78,78,0,1,999.213067849387,980.6458201618559,0.01858187035873493,0.6313906629182804,0.013479952939606004,0.597386950179643,0.012609023883271345,0.01232311776484463,0.012994432725660499,0.07897720800247043,0.19875849998788908,0.6026400419941638,0.7020199580001645
endpoints,30.0,0.0007393215095946545,0.05,-2.4000000000000004,4.0,0.08,2.0,74613,0 2 11 17 18 20 22 23,0 4 5 9 11 15 17 23,27.160601249021934,28.425425628534537,19.77092702119681,19.778821072754912,0.3732163888390363,26.67723379704724,0.34877775065141825,0.018119099440819575,0.018119099440819575,29.169961606579122,29.169961606579122,-2.0093603575571883,0,0.07398070238336674,1.0465683497915257,48,48,0,1,998.2321957562632,992.8203021863368,0.00542147768117851,0.5961410715373355,0.02940105285066045,0.6233409819228664,0.021189672274657873,0.01977987255980964,0.02128803809113912,0.10136358300223947,0.23209991698968224,0.6541801250132266,0.770231625487213
endpoints,30.0,0.0007393215095946545,0.05,-1.2000000000000002,4.0,0.08,2.0,74613,0 1 3 13 15 18 22 23,0 2 4 8 9 18 19 23,21.712159455872964,22.25137862563988,14.988169931941883,14.99229670616768,0.4482210352027518,21.712159455872964,0.4482210352027518,0.0,0.0,22.629834202387567,22.629834202387567,-0.9176747465146029,0,0.04226547563726468,1.0248348935932792,13,13,0,1,996.7373295067024,991.3863534470391,0.005368491679058063,0.5973176920132034,0.03910231874873034,0.6070997900956241,0.026544371798112285,0.025865154911349254,0.02681121584383056,0.12044695799704641,0.18611883401172236,0.5789344999939203,0.6719946670054924
endpoints,30.0,0.0007393215095946545,0.05,0.0,4.0,0.08,2.0,74613,0 1 10 11 12 13 14 23,0 1 2 3 4 5 6 23,2.249337020438793,2.6097995308975994,2.241906792754295,2.4984603507954906,-0.09971073996726765,2.249337020438793,-0.09971073996726765,0.0,0.0,2.6591049727949954,2.6591049727949954,-0.40976795235620234,0,0.18217276852370756,1.1602527799006699,74613,74613,0,1,2.8192081012877184,2.784184984647487,0.012423033483847545,0.6073694116766426,0.24235815709688427,0.6005669727936728,0.2293806419908652,0.2614097973660987,0.2662467997708329,1.4920661249780096,0.20539575000293553,1.8756115830037743,1.9783101250068285
endpoints,30.0,0.0007393215095946545,0.05,1.1999999999999993,4.0,0.08,2.0,74613,0 3 8 10 11 19 20 23,0 1 5 10 13 15 21 23,39.7539502615316,40.388664224924725,30.957667944100752,30.96680849447007,0.28376000609267504,37.282618353667324,0.20395417436463004,0.06628643633397546,0.06628643633397546,40.388664224924725,38.060383932927614,1.6935663286039855,1,0.01596606020829361,1.0159660602082936,7,7,0,1,998.4674018371572,972.5604786707472,0.025946689014325286,0.5975572501082079,0.018557379673380572,0.6072021907372327,0.014294654047401236,0.014294654047401236,0.014299664890049099,0.10477345797698945,0.2075527920096647,0.46275141698424704,0.5665283959970111
endpoints,30.0,0.0007393215095946545,0.05,2.4000000000000004,4.0,0.08,2.0,74613,0 1 9 11 12 13 18 23,0 2 6 8 11 14 22 23,82.73879831795453,82.98225743071589,70.05850071566992,70.10167602946125,0.18026847579482053,82.73879831795453,0.18026847579482053,0.0,0.0,82.98225743071583,82.87449795020734,-0.135699632252809,0,0.0029425024016631607,1.0029425024016638,2,2,0,1,998.9603361303724,971.0632705561815,0.027926099330684684,0.5980850009195804,0.007792357542818108,0.5980317328248997,0.006467420646392274,0.0064839182036992,0.006488325993844273,0.13940437501878478,0.20196604199009016,0.5050843750068452,0.6060683120158501
endpoints,30.0,0.0007393215095946545,0.05,3.5999999999999996,4.0,0.08,2.0,74613,0 4 7 8 10 11 19 23,0 4 7 8 10 11 19 23,193.53830263397145,193.7334509019554,193.53830263397145,193.7334509019554,-0.0010073029054888938,193.53830263397145,-0.0010073029054888938,0.0,0.0,195.5890528909468,195.5890528909468,-2.050750256975334,0,0.010596095083327262,1.001008318587732,2,2,0,1,999.0649651439115,999.0649651439115,0.0,0.5984345545679582,0.002349636808041539,0.5984345545679582,0.002349636808041539,0.002349636808041538,0.0023526225331547412,0.10943483398295939,0.19582575000822544,0.5615992079838179,0.6595127920154482
endpoints,30.0,0.0007393215095946545,0.05,4.799999999999999,4.0,0.08,2.0,74613,0 4 9 11 18 20 22 23,0 3 5 8 12 13 20 23,348.2873756631978,348.5260774464066,314.35715850781816,318.9211380571027,0.09207993482337651,348.2873756631978,0.09207993482337651,0.0,0.0,352.42881105523816,352.42881105523816,-4.141435392040364,0,0.011890857037681446,1.0006853587005682,2,2,0,1,998.5660064185274,996.1751491771674,0.0023942906387681706,0.6049284532495247,0.001157474848698826,0.5982287863732619,0.0009771319356005692,0.0009758285420555289,0.0009782330426483944,0.09710262500448152,0.19356558300205506,0.4661233329970855,0.5629068745038239
endpoints,30.0,0.0007393215095946545,0.05,6.0,4.0,0.08,2.0,74613,0 1 7 8 9 10 11 23,0 4 12 13 16 20 22 23,539.9875188473819,540.276923921022,488.85309280699244,489.0431492208043,0.10417152291724685,523.2824005364906,0.07001274094165288,0.0319237151751417,0.0319237151751417,540.2769239210223,536.7220752819276,3.2654435654543477,1,0.000535947709047413,1.0005359477090467,7,7,0,1,999.1503043671518,998.5393487849277,0.0006114751499886051,0.5992757380737389,0.00048608311784684806,0.5964617144919085,0.0003646710691798179,0.0003646710691798178,0.00036518697366220466,0.08149208300164901,0.2673047079879325,0.4196632920065895,0.5533162710053148
free,20.0,0.007393215095946545,0.03,0.0,0.0,0.08,2.0,735471,5 6 7 8 9 10 11 12,0 1 2 3 4 5 6 7,0.9209337196264136,0.9893609917287944,0.91974973751276,0.9893518891908868,-0.06915453471305044,0.9209337196264136,-0.06915453471305044,0.0,,0.9893609917287944,0.9893606881338867,-0.0684269685074731,0,0.07430205957725078,1.0743020595772508,735471,199936,1,0,0.9901008554646227,0.9900965871763742,4.310963095277565e-06,0.6869285503780873,0.6869285503780873,0.6875225991868841,0.6875225991868841,0.7377499013127926,0.7391480439583975,5.948793459014269,0.18252754100831226,9.795294832991203,9.886559603502974
free,20.0,0.007393215095946545,0.03,-6.0,1.0,0.08,2.0,735471,5 6 7 8 9 10 11 12,1 2 11 12 13 14 15 16,86.43359158635812,86.47766044042365,86.32622322280763,86.35597996524992,0.0008987405520664016,86.40906202140431,0.0006146888284488394,0.00028387722745715216,0.00028387722745715216,86.54110889151197,86.54110889151197,-0.1075173051538485,0,0.001243929624819895,1.0005098579528713,9,9,0,1,100.01555047121126,99.96346684475476,0.0005207552846643315,0.6869314050320012,0.0005614326922949404,0.6862045145618147,0.0005418343846595596,0.0005418343846595593,0.0005457644150419007,0.19378612501895986,0.21241624999674968,5.196175458986545,5.302384333990631
free,20.0,0.007393215095946545,0.03,-4.8,1.0,0.08,2.0,735471,2 5 6 7 8 9 11 15,1 5 7 8 9 17 20 23,77.46467012721038,77.91045113554944,76.25592651701909,76.26582698640179,0.01571927019190844,76.75527833383808,0.006417701961372035,0.009242254197644684,0.009242254197644684,77.91045113554944,77.86009448522869,-0.3954243580183032,0,0.005754636373032973,1.005754636373033,113,113,0,1,99.99683618900286,99.90183306411878,0.0009500613069849395,0.6869357483136846,0.0016139087425737586,0.6890936338385265,0.0014514729246584714,0.0014310366212593258,0.0014587870095960132,0.18908741700579412,0.23044470802415162,5.251865458005341,5.367088395025348
free,20.0,0.007393215095946545,0.03,-3.6,1.0,0.08,2.0,735471,0 4 5 7 8 9 10 14,3 4 6 7 11 12 19 22,59.87054599397885,59.88678138787414,51.94573511977473,51.959812854931904,0.15224714456022292,58.947758988163315,0.1344875154331533,0.015654318699389824,0.015654318699389824,59.88678138787414,59.36199740136016,0.5085485926186877,1,0.00027117497637174637,1.0002711749763717,7,7,0,1,99.99612624989604,99.89741179667912,0.000987182773162787,0.6870226231740254,0.005828976929497112,0.6860479186729724,0.0040625336147678244,0.0040625336147678244,0.004065466012702907,0.13611908300663345,0.42920899999444373,5.079514708981151,5.294120124992332
free,20.0,0.007393215095946545,0.03,-2.4000000000000004,1.0,0.08,2.0,735471,1 4 5 6 8 9 12 14,8 10 14 18 19 21 22 23,37.73561637960408,38.05163675573604,33.24015650527991,33.25482054328457,0.13474124241588648,37.73561637960408,0.13474124241588648,0.0,0.0,38.05163675573604,37.69258181733628,0.043034562267799004,1,0.00837459160473042,1.0083745916047304,1,1,0,1,99.99499202852961,99.73098227869887,0.002640229720258458,0.6869801962119285,0.013264848456606778,0.6875705049897116,0.010676191731502598,0.010676191731502598,0.010738806653436883,0.21927500001038425,0.7030699579918291,4.992059083015192,5.343594978985493
free,20.0,0.007393215095946545,0.03,-1.2000000000000002,1.0,0.08,2.0,735471,4 5 6 7 8 9 10 11,7 10 13 16 20 21 22 23,22.19943067915883,22.209757212282202,21.330373527819717,21.340173831854383,0.04026475388976625,22.19943067915883,0.04026475388976625,0.0,0.0,22.20975721228221,22.20969142253289,-0.010260743374061576,0,0.00046517107905263977,1.0004651710790524,2,2,0,1,100.0173252431097,99.81851553730051,0.001987752675108423,0.6870998497322613,0.02480426629038736,0.6843357036206228,0.023419175020690065,0.023419175020690058,0.02343295909731441,0.22174029200687073,0.24959787502302788,4.7184449170017615,4.843244854491786
free,20.0,0.007393215095946545,0.03,0.0,1.0,0.08,2.0,735471,0 1 10 11 12 13 14 23,0 1 2 3 4 5 6 7,1.0219894216743686,1.0923700297975836,1.020175866999179,1.088400571889042,-0.061017195258735835,1.0219894216743686,-0.061017195258735835,0.0,,1.0972948085850507,1.0972948085850507,-0.07530538691068211,0,0.07368509430098213,1.0688662784864325,735471,199936,1,0,1.0991179365675197,1.098875048729109,0.00022098432782302613,0.6893827697601675,0.6259974570199877,0.6875270435972677,0.6219970325700999,0.6640055620560614,0.6653290303350463,6.855261166987475,0.23801912501221523,11.449547374999383,11.56855802150676
free,20.0,0.007393215095946545,0.03,1.1999999999999993,1.0,0.08,2.0,735471,4 5 6 7 10 11 12 13,0 1 2 3 6 7 8 9,42.37124078098001,42.39424756708335,41.525430799199086,41.5477058090465,0.019821430711926213,41.525430799199086,-0.0005361309226022959,0.020368481807472083,0.020368481807472083,42.39424756708333,42.18373183533038,0.1875089456496326,1,0.0005429811749495528,1.0005429811749498,18,18,0,1,100.00094105793185,99.97523456234802,0.00025706253673096757,0.6868660345354416,0.009138769550625325,0.687391927087449,0.008821058456137171,0.008821058456137171,0.008829668571858247,0.22229845900437795,0.2728119590028655,4.641027000005124,4.777433770490461
free,20.0,0.007393215095946545,0.03,2.4000000000000004,1.0,0.08,2.0,735471,1 3 4 6 7 12 16 17,0 6 9 11 14 17 20 22,74.1167141535176,74.14438467986409,71.41553310004005,71.44088078681736,0.03745521243901018,72.18968970505321,0.010481518564564363,0.02669390125290283,0.02669390125290283,74.25229706276723,74.25229706276723,-0.1355829092496208,0,0.0018293162453044687,1.0003733371974528,61,61,0,1,99.96626195634572,99.90545275690964,0.0006082972219431104,0.6866329803724248,0.0022179903204783582,0.6854919718712391,0.0018521508859954837,0.0018521508859954832,0.0018554759644391823,0.26725629199063405,0.16939008398912847,4.458125167002436,4.542821000999538
free,20.0,0.007393215095946545,0.03,3.5999999999999996,1.0,0.08,2.0,735471,3 4 6 7 8 9 11 12,0 3 8 9 11 14 18 21,87.58439632695669,87.59591866315401,83.68329115491176,83.69109017804848,0.04651995977857859,86.94476496027163,0.03887719439788784,0.0073567553719575685,0.0073567553719575685,87.85011753074724,87.85011753074724,-0.2657212037905481,0,0.00303388748377742,1.0001315569517006,136,128,0,1,99.99875258464824,99.93530641110027,0.0006344696499515079,0.6870556573399129,0.0008162090599371625,0.6860183687371767,0.0004384097012683598,0.00043419869079978576,0.0004393221695449813,0.11724329201388173,0.1687783329980448,4.162422083987622,4.2468119164987
free,20.0,0.007393215095946545,0.03,4.799999999999999,1.0,0.08,2.0,735471,1 2 3 6 8 9 12 14,0 1 2 4 8 10 11 12,91.54158769980776,91.54595541177842,90.890168461273,90.89433518245528,0.007120933510908367,91.21343445653137,0.0035106618408677903,0.0035976415670739836,0.0035976415670739836,91.54595541177845,91.49519303300124,0.04639466680652049,1,4.7712871061422746e-05,1.0000477128710612,100,100,0,1,99.98567700370376,99.97316678373068,0.00012512012068111034,0.6870124018242499,0.0001651481446799112,0.687113312819018,0.00011245033436489671,0.0001080584697016916,0.00011271454293600295,0.20559516697539948,0.20735899999272078,4.210892458999297,4.314572499977658
free,20.0,0.007393215095946545,0.03,6.0,1.0,0.08,2.0,735471,2 3 4 7 8 10 11 14,0 2 3 4 5 6 12 19,92.47897121016723,92.48212406072021,92.3765101533135,92.37869920466854,0.0010854450902857415,92.40536239761073,0.0002886292313244443,0.0007965859409735376,0.0007965859409735376,92.48212406072018,92.45436144826904,0.02460976189819064,1,3.4092621400194645e-05,1.0000340926214006,12,12,0,1,99.99642795487269,99.95767036122199,0.000387589781388864,0.6869906641748041,4.346316526982146e-05,0.68690427722715,3.421246590481318e-05,3.4212465904813194e-05,3.428779047979948e-05,0.22062300000106916,0.2609989579941612,4.738419040979352,4.8689191449811915
free,20.0,0.007393215095946545,0.03,-6.0,2.0,0.08,2.0,735471,3 5 6 7 9 11 12 15,7 8 9 10 11 13 17 21,83.95204201432317,84.2359218918899,81.8080768345381,81.81356804081203,0.0261383780798361,83.72137406674511,0.023318944175388934,0.00275518587874779,0.00275518587874779,84.23592189188993,84.19998037660257,-0.24793836227939892,0,0.003381452919493322,1.003381452919493,94,94,0,1,99.99335385885995,99.95634565219002,0.00037010666451053886,0.6868198640220522,0.0010017233044840252,0.685947584896812,0.0007499567182964453,0.0007588810495235058,0.0007773707015677844,0.2311271249782294,0.23755616700509563,5.011633499991149,5.130412458500359
free,20.0,0.007393215095946545,0.03,-4.8,2.0,0.08,2.0,735471,2 3 5 6 7 8 9 15,3 5 13 15 16 18 19 22,74.44600864432579,74.54893114424954,69.25076059273816,69.25848494645888,0.07490091216804973,74.23426137693953,0.07184356450082952,0.00285241967062988,0.00285241967062988,74.68019696697681,74.68019696697681,-0.23418832265102196,0,0.0031457471920339763,1.0013825119949074,8,8,0,1,99.99418013442494,99.87957944951171,0.0011460735490722573,0.6870765284902243,0.002527252107766867,0.6851525197530998,0.001797426664259969,0.0017923113092571993,0.0018099844952880822,0.25608016600017436,0.2995097500097472,4.609830959001556,4.7595867500203894
free,20.0,0.007393215095946545,0.03,-3.6,2.0,0.08,2.0,735471,4 5 6 7 8 9 10 11,5 6 7 8 19 20 22 23,48.89699172655689,48.90779420727916,38.99377991887085,39.000326339761266,0.25375852757175177,47.85341750967062,0.22700043822155225,0.021807725993140847,0.021807725993140847,48.90779420727915,48.83452857603448,0.06246315052241158,1,0.00022092321717193109,1.0002209232171722,57,57,0,1,100.01536380498752,99.81075132013062,0.002045810534228032,0.6871002852828662,0.010224593516653698,0.6850071916936116,0.006612879490745303,0.006612879490745305,0.006615727760373135,0.2230789999885019,0.2895762500120327,4.481670042005135,4.6264588340127375
free,20.0,0.007393215095946545,0.03,-2.4000000000000004,2.0,0.08,2.0,735471,1 2 3 7 9 11 13 15,15 16 17 18 19 20 21 22,40.05081623845566,40.0682083377437,32.50939432922881,32.52151700004111,0.23151746698670417,40.05081623845566,0.23151746698670417,0.0,0.0,40.0682083377437,39.72169331066862,0.32912292778704,1,0.0004342508073864604,1.0004342508073865,1,1,0,1,99.97712781404296,99.82686938701922,0.001502928022729555,0.6868356924258908,0.013726208466768032,0.6838420762223035,0.009673734103729393,0.009673734103729393,0.00968074192964634,0.26541558298049495,0.26775829098187387,4.6607925000134856,4.79467260450474
free,20.0,0.007393215095946545,0.03,-1.2000000000000002,2.0,0.08,2.0,735471,0 2 4 6 7 10 12 18,4 8 9 10 16 19 20 21,27.636110321140656,27.646604570643934,23.713562004636152,23.925227563215145,0.1551033421989667,26.952967129458155,0.12655008435105275,0.025345750929806288,0.025345750929806288,27.646604570643934,27.536159832124387,0.09995048901626902,1,0.0003797296139482764,1.0003797296139483,11,11,0,1,99.96973679845073,99.78298174828085,0.0018681158533646602,0.6868054890643,0.021313115376757428,0.6853552329313075,0.017396636807206874,0.017396636807206874,0.017405511667228347,0.23281200000201352,0.23723304099985398,4.795597332995385,4.9142143954959465
free,20.0,0.007393215095946545,0.03,0.0,2.0,0.08,2.0,735471,0 1 10 11 12 13 14 23,0 1 2 3 4 5 6 7,1.3238298163143916,1.400065775547426,1.3216212735001698,1.3853152929978443,-0.04438374209411722,1.3238298163143916,-0.04438374209411722,0.0,,1.4193560859056689,1.4193560859056689,-0.0955262695912773,0,0.07215902558927634,1.057587431778262,735471,199936,1,0,1.427969674922384,1.4251117597370377,0.002001383667689982,0.6893827697601675,0.49024279112205477,0.6875270435972677,0.4836744587270526,0.509901240509831,0.5119447013664423,7.54311912500998,0.19369491600082256,11.611631292005768,11.708479540990083
free,20.0,0.007393215095946545,0.03,1.1999999999999993,2.0,0.08,2.0,735471,2 3 4 5 7 8 10 19,1 2 3 6 9 12 14 22,46.303379396734655,46.31948408808373,42.456218252946265,42.470762842943095,0.09024129300348527,43.97417603357006,0.03539878000747443,0.05296752715472075,0.05296752715472075,46.31948408808371,46.31366318571692,-0.010283788982263786,0,0.0003478081202468175,1.0003478081202473,67,67,0,1,99.97753081626911,99.94357389733983,0.00033964550486531575,0.6868796509682775,0.008779784986683447,0.6864020090951847,0.007425646180441682,0.007425646180441682,0.007430607150258815,0.23182483299751766,0.253365542012034,4.358812999998918,4.4854969380103284
free,20.0,0.007393215095946545,0.03,2.4000000000000004,2.0,0.08,2.0,735471,1 2 7 8 12 13 14 16,1 6 7 8 9 10 15 21,71.21895332434751,71.5790508729306,70.97322489501242,71.32318339476215,-0.0014613771491065464,70.97322489501242,-0.004906658439693734,0.0034622694642745255,0.0034622694642745255,71.57905087293062,71.5763220569418,-0.3573687325942956,0,0.0050562038863888326,1.0050562038863884,23,23,0,1,99.97374542166108,99.9593693706976,0.00014379826326249567,0.6897140865089644,0.0022770499382360953,0.6896244548492829,0.0022412302681520395,0.0022412302681520404,0.0022441281116390363,0.20902279199799523,0.2030077500094194,4.551578584010713,4.653083708995837
free,20.0,0.007393215095946545,0.03,3.5999999999999996,2.0,0.08,2.0,735471,4 5 7 8 9 10 12 13,0 1 3 4 18 19 21 22,82.8910999371783,82.90260583133738,80.39028829836172,80.39576845497835,0.031038094792231963,82.71128830793803,0.02880151402814657,0.0021739672167941926,0.0021739672167941926,82.90260583133741,82.82792200842374,0.06317792875455552,1,0.0001388073528743039,1.0001388073528739,3,3,0,1,100.0114629435262,99.85510141651586,0.0015634360543113068,0.6868852647505852,0.001150583638127886,0.6854035347866586,0.000874360186078841,0.000874360186078841,0.0008753427157171691,0.11036791699007154,0.17273275001207367,3.9381126249791123,4.024480083986418
free,20.0,0.007393215095946545,0.03,4.799999999999999,2.0,0.08,2.0,735471,4 6 7 8 12 13 14 16,0 4 5 6 8 9 14 19,90.59507178159461,90.59996972264967,89.90408269499011,89.90829251826503,0.007638664288837083,89.97418717021938,0.0007329096138819491,0.0069006970877170115,0.0069006970877170115,90.73135172124849,90.73135172124849,-0.13627993965387475,0,0.001504275419996537,1.0000540641003837,635,135,0,1,99.99314163696116,99.97010248972599,0.00023040727451906218,0.6864846191649682,0.0002421720295013946,0.6866632033373257,0.00018585149137552914,0.00018263093864235734,0.0001861765238383222,0.20243391598341987,0.18417670798953623,4.256682624982204,4.348771895980462
free,20.0,0.007393215095946545,0.03,6.0,2.0,0.08,2.0,735471,0 3 6 7 8 9 11 12,0 1 6 8 9 14 15 17,92.18458769279145,92.18702584898205,92.05371965174477,92.05603943281353,0.0013964131062986773,92.14663299751759,0.0009841132125847363,0.0004118945428519538,0.0004118945428519538,92.20741202098273,92.20741202098273,-0.022824328191276777,0,0.0002475937546886353,1.0000264486315078,9,9,0,1,99.9968310948374,99.96295265260555,0.00033879515841583885,0.6870626874913751,7.031137906352843e-05,0.6865016440467517,5.362070035474399e-05,5.2055449276862264e-05,5.372891824666086e-05,0.16951470900676213,0.19236575000104494,4.141830416978337,4.238014124988695
free,20.0,0.007393215095946545,0.03,-6.0,4.0,0.08,2.0,735471,3 4 8 9 11 12 13 14,0 6 7 10 13 14 18 23,78.04545228075136,78.19774044890963,72.43603593680717,72.4411253244865,0.07736388593028232,78.04545228075136,0.07736388593028232,0.0,0.0,78.32882897214279,78.32882897214279,-0.28337669139142463,0,0.0036309186904579516,1.0019512753620856,5,5,0,1,99.99646313306194,99.91858633976439,0.0007787954779352457,0.6866674134269458,0.002085757108738946,0.6857829851630081,0.001376641695645321,0.0013766416956453214,0.0013936398642227614,0.26444875000743195,0.23005737501080148,4.194959582993761,4.309988978508045
free,20.0,0.007393215095946545,0.03,-4.8,4.0,0.08,2.0,735471,3 4 5 6 7 8 10 11,1 5 12 16 17 20 21 23,68.47213266256942,68.57090812811317,52.21578529320199,52.22100315292623,0.31119910626865366,67.9950001175578,0.30206231233127245,0.007017171030027303,0.007017171030027303,68.57090812811317,68.4966090503498,-0.02447638778038197,0,0.0014425644667812598,1.0014425644667813,15,15,0,1,100.00732814525169,99.83581925709767,0.0017149632065454057,0.687189853469718,0.0057660467331937665,0.6848117035322162,0.0025936980458884876,0.0025936980458884885,0.002607824663065667,0.19249029099592008,0.19242408400168642,4.1258457909862045,4.22205870799371
free,20.0,0.007393215095946545,0.03,-3.6,4.0,0.08,2.0,735471,3 4 5 7 8 11 12 16,3 7 11 12 13 16 19 20,56.34191794534617,56.35738669404489,52.10207045445252,52.57476393126188,0.07165327492501161,55.95069773086155,0.06421205816565312,0.006992231202665122,0.006992231202665122,56.692893888807,56.692893888807,-0.3509759434608313,0,0.006229392897155073,1.000274551333409,34,34,0,1,99.98379738251595,99.89614324937617,0.0008766833770519344,0.691616511448969,0.0057616991582232525,0.6856542501569095,0.004772967375913182,0.004689422514994655,0.0047761527546234415,0.24611391700454988,0.2155977090005763,4.392302958003711,4.500102604506537
free,20.0,0.007393215095946545,0.03,-2.4000000000000004,4.0,0.08,2.0,735471,1 7 8 9 11 12 13 16,1 6 12 13 14 18 20 22,45.54460456288971,45.75867123268388,39.1497997108802,39.15717860638086,0.16312273212319717,43.4619874887074,0.10993664598769248,0.04791812787492589,0.04791812787492589,45.75867123268387,45.41187729894132,0.1327272639483894,1,0.004700154317918592,1.0047001543179188,128,128,0,1,99.98989632147158,99.87307340013211,0.0011683472594458122,0.6865423479519652,0.010139773040233668,0.6852904631524391,0.007582972907147375,0.007582972907147378,0.007653090480536807,0.1567506669962313,0.18021029199007899,4.022357375011779,4.112463270983426
free,20.0,0.007393215095946545,0.03,-1.2000000000000002,4.0,0.08,2.0,735471,2 4 5 7 8 9 11 12,0 4 8 9 14 18 19 23,39.05907511828081,39.278112421279744,34.744320714173625,34.74953417679315,0.12401722911053326,38.70048970428986,0.11369808606341802,0.009265655725054112,0.009265655725054112,39.42664720908707,39.42664720908707,-0.36757209080626296,0,0.009410670623745121,1.0056078466357852,7,7,0,1,100.00073859521245,99.71231592233967,0.002884205426124664,0.6870732755894673,0.012378942772239119,0.6888424537120645,0.010144350007076829,0.010081126682722178,0.010157745454146572,0.26832912501413375,0.1711771659902297,4.221578625001712,4.30716791699524
free,20.0,0.007393215095946545,0.03,0.0,4.0,0.08,2.0,735471,0 1 10 11 12 13 14 23,0 1 2 3 4 5 6 7,2.511630789429207,2.610470397670036,2.507854532017682,2.562037526959205,-0.01967447275833767,2.511630789429207,-0.01967447275833767,0.0,,2.684045574854496,2.684045574854496,-0.17241478542528865,0,0.06864654874870024,1.0393527618218483,735471,199936,1,0,2.7494007317670697,2.720148544832064,0.010639477394844943,0.6893827697601675,0.2616827693524048,0.6875270435972677,0.25597964069698526,0.26142008384781895,0.2663393022187292,6.98679691599682,0.20886408400838263,10.942316083004698,11.046749249988352
free,20.0,0.007393215095946545,0.03,1.1999999999999993,4.0,0.08,2.0,735471,4 7 8 11 12 13 15 16,1 5 6 7 11 15 16 21,54.1280917547715,54.136493057171,51.87122157912782,51.87831123404609,0.043366494922621124,53.504532406233686,0.0313468409727331,0.011654327596089198,0.011654327596089198,54.13649305717101,53.806969461770336,0.32112229300116724,1,0.00015521150159081287,1.0001552115015908,9,9,0,1,99.988806842881,99.91878498636567,0.0007002969504913414,0.6863289561239574,0.005836378154065446,0.6861416754174218,0.0052810760645987075,0.005281076064598705,0.0052828451296449835,0.15145908397971652,0.19562241600942798,4.034087540989276,4.131900082997163
free,20.0,0.007393215095946545,0.03,2.4000000000000004,4.0,0.08,2.0,735471,6 7 8 10 11 12 13 15,1 2 3 6 7 8 12 17,69.93127182999696,69.94507485731341,66.06361688694543,66.07488325807371,0.05836391048715228,68.3457644235444,0.03436829629499494,0.02319832720908699,0.02319832720908699,69.94507485731341,69.94193659213425,-0.010664762137295725,0,0.00019737989822377067,1.0001973798982238,85,85,0,1,100.00453456907356,99.96750282349645,0.00037030066423171526,0.686531124055084,0.0029969829672667793,0.686915624706248,0.002427571086748127,0.0024174383909930444,0.002429401761899533,0.20695091600646265,0.18485791599960066,4.118775749986526,4.211205582992989
free,20.0,0.007393215095946545,0.03,3.5999999999999996,4.0,0.08,2.0,735471,5 6 7 10 11 14 15 16,0 4 7 8 10 11 19 23,83.06940165644949,83.07976377152579,78.22956103104717,78.238547929499,0.06174518641761573,83.04784075109481,0.06146960735939877,0.0002596203002953601,0.0002596203002953601,83.43865124104653,83.43865124104653,-0.3692495845970427,0,0.004445073363163798,1.0001247404564098,2,2,0,1,99.98094570406727,99.92748940663927,0.0005346648509029217,0.6863779121399909,0.0013796715475848272,0.6860071925096679,0.0008639965446188732,0.0008639965446188736,0.0008649081353230558,0.17524799998500384,0.25378554200869985,4.043593208014499,4.170486811999581
free,20.0,0.007393215095946545,0.03,4.799999999999999,4.0,0.08,2.0,735471,4 5 7 8 9 10 12 13,0 1 5 8 10 13 19 20,88.83688605268134,88.84287940563252,85.26481744932528,85.26924614512163,0.04183970269290138,88.27051476891026,0.03519755081076603,0.00641631336640347,0.00641631336640347,88.84287940563256,88.79125809059072,0.045627962090620144,1,6.746468969742736e-05,1.0000674646896968,62,62,0,1,100.00158759023395,99.92938012471592,0.0007220631917755904,0.6868852647505852,0.0006622714458432098,0.6861679905933282,0.0003301724752787311,0.0003301724752787311,0.000330579241254591,0.15517487499164417,0.18543341700569727,4.162510916998144,4.255228333509876
free,20.0,0.007393215095946545,0.03,6.0,4.0,0.08,2.0,735471,3 5 6 7 8 10 11 17,0 4 5 9 10 12 13 16,91.14090777683265,91.14409298369917,90.43101264680011,90.43411387414737,0.007815567294316539,90.84850439074307,0.004582236711827559,0.0032185822766210848,0.0032185822766210848,91.14409298369912,91.12182483965388,0.019082937178765746,1,3.494815823290587e-05,1.0000349481582333,95,95,0,1,99.99167684047055,99.97409463580662,0.00017583668180676248,0.6868126823889465,0.00020140437856668242,0.6866582621954451,0.00014055083135553238,0.00013481482024239666,0.0001407368501448473,0.1885266250174027,0.1848644580168184,4.087072957976488,4.179506186992512
free,20.0,0.007393215095946545,0.05,0.0,0.0,0.08,2.0,735471,5 6 7 8 9 10 11 12,0 1 2 3 4 5 6 7,0.806037912703068,0.9878632446538758,0.8030129364583108,0.9878230878112403,-0.18402604408747025,0.806037912703068,-0.18402604408747025,0.0,,0.9878632446538758,0.9878621573080301,-0.18182424460496205,0,0.22557913106227478,1.2255791310622748,735471,199936,1,0,0.9901008554646227,0.9900965871763742,4.310963095277565e-06,0.5997570198192032,0.5997570198192032,0.6017658958115284,0.6017658958115284,0.7377434283735226,0.7391518084837118,5.83114637498511,0.19039233299554326,9.619629666995024,9.714826458497555
free,20.0,0.007393215095946545,0.05,-6.0,1.0,0.08,2.0,735471,5 6 7 8 9 10 11 12,6 7 8 9 10 11 18 22,67.89045971710907,68.52893140456554,67.59424572775073,68.44975547543153,-0.008170894905873083,67.89045971710907,-0.008170894905873083,0.0,0.0,68.72646472301264,68.72646472301264,-0.8360050059035729,0,0.012314027764535718,1.0094044390053758,407,407,0,1,100.01555047121126,99.95585616690272,0.0005968502300621736,0.599758756686558,0.0013688141110361973,0.5981051364877712,0.0013345605198267993,0.001326351915061202,0.0014163188485043013,0.2319786669977475,0.22657224998692982,5.224695625016466,5.337982292010565
free,20.0,0.007393215095946545,0.05,-4.8,1.0,0.08,2.0,735471,2 5 6 7 8 9 11 15,3 11 12 17 18 21 22 23,53.25529064833795,53.2708343942124,51.89964896853728,52.64672421230992,0.011559435940854401,53.00036392636631,0.006717221619150671,0.00480990512302526,0.00480990512302526,55.256071549356655,55.256071549356655,-2.0007809010187074,0,0.037569617528341315,1.0002918723320298,676,665,0,1,99.99683618900286,99.74428984946067,0.002525543298838584,0.5999523127712074,0.004002599586687135,0.5954087700625359,0.00378379718166148,0.0035312118501096956,0.003786525219981733,0.3000283750006929,0.1961922499758657,5.457956500002183,5.5560531669907505
free,20.0,0.007393215095946545,0.05,-3.6,1.0,0.08,2.0,735471,0 4 5 7 8 9 10 14,3 4 6 7 11 12 19 20,33.380760443696126,33.948584626357,27.07289327643652,27.28347283548753,0.22347916062495798,33.380760443696126,0.22347916062495798,0.0,0.0,34.18122057816419,34.18122057816419,-0.8004601344680609,0,0.023979685418437757,1.0170105226817294,20,20,0,1,99.99612624989604,99.89300514194464,0.0010312510276017095,0.6002546326546733,0.014607453084165918,0.5985768337190477,0.010238649098306924,0.010113355716763757,0.01053782687927402,0.25310362500022165,0.5309726670093369,5.210783292015549,5.476270458500949
free,20.0,0.007393215095946545,0.05,-2.4000000000000004,1.0,0.08,2.0,735471,1 4 5 6 8 9 12 14,8 10 14 18 19 21 22 23,16.65629609753584,17.424068810039216,14.425071179602337,14.636676257685547,0.13798350146535587,16.65629609753584,0.13798350146535587,0.0,0.0,17.80675524016133,17.745033222864848,-1.0887371253290077,0,0.06907052659778845,1.0460950446610373,57,57,0,1,99.99499202852961,99.73098227869887,0.002640229720258458,0.6001374917883469,0.03360909179549827,0.6146967778914544,0.027885386279714045,0.02651441752815206,0.028322773890074027,0.2381211659812834,0.25808624998899177,4.879494250024436,5.008538124995539
free,20.0,0.007393215095946545,0.05,-1.2000000000000002,1.0,0.08,2.0,735471,4 5 6 7 8 9 10 11,7 10 13 16 20 21 22 23,8.798018812513739,8.806599836507777,8.36276497203188,8.367100544934873,0.05150150464484704,8.798018812513739,0.05150150464484704,0.0,0.0,8.806599836507777,8.794655065912526,0.00336374660121308,1,0.0009753359451598609,1.0009753359451599,1,1,0,1,100.0173252431097,99.81851553730051,0.001987752675108423,0.6002055666703977,0.06434078205719386,0.5951233999072142,0.06018376250670652,0.06018376250670652,0.06024642842847702,0.22826358300517313,0.1917651669937186,4.657869417016627,4.753752583492314
free,20.0,0.007393215095946545,0.05,0.0,1.0,0.08,2.0,735471,0 1 10 11 12 13 14 23,0 1 2 3 4 5 6 7,0.8944866968730847,1.0865613114959671,0.8898030704188429,1.0796416799024289,-0.17149669791006705,0.8944866968730847,-0.17149669791006705,0.0,,1.0949051037146111,1.0949051037146111,-0.20041840684152645,0,0.22405968422128808,1.2147316615152917,735471,199936,1,0,1.0991179365675197,1.098875048729109,0.00022098432782302613,0.6073694116766426,0.5551725166489901,0.601772385592483,0.5464387493092361,0.664005285633377,0.6653318177620766,7.094166833994677,0.21552191700902767,11.682315500016557,11.79007779150561
free,20.0,0.007393215095946545,0.05,1.1999999999999993,1.0,0.08,2.0,735471,4 5 6 7 10 11 12 13,0 1 2 3 6 7 8 9,19.22939052763958,19.24411541046791,18.681926284958298,18.69593230626565,0.028533384301736575,18.681926284958298,-0.0007491480541282902,0.029304485754344967,0.029304485754344967,19.244115410467916,19.106486384890733,0.12290414274884753,1,0.0007657488055676787,1.0007657488055675,32,32,0,1,100.00094105793185,99.97523456234802,0.00025706253673096757,0.5997028645809065,0.02468343423915644,0.6013536851785745,0.02385548989007042,0.02385548989007042,0.02387824450432532,0.1997667090035975,0.3038234160048887,4.737119208002696,4.8890318750054576
free,20.0,0.007393215095946545,0.05,2.4000000000000004,1.0,0.08,2.0,735471,1 3 4 6 7 12 16 17,0 6 9 11 14 17 20 22,48.08442488764854,48.12067443576613,44.4816053847395,44.512959260829014,0.08023428875829386,44.505965646665764,-0.00015711411416774457,0.08040403548127162,0.08040403548127162,48.12837549926348,48.12837549926348,-0.04395061161493885,0,0.0009140300984702421,1.0007538729682697,510,130,0,1,99.96626195634572,99.90545275690964,0.0006082972219431104,0.5995787021559332,0.006076540950660693,0.5973533611633095,0.005020438041036948,0.005020438041036945,0.005029275493764038,0.1679062079929281,0.17233329199370928,4.152753916976508,4.238921562980977
free,20.0,0.007393215095946545,0.05,3.5999999999999996,1.0,0.08,2.0,735471,3 4 6 7 8 9 11 12,0 4 7 10 11 15 18 20,69.82462056044427,70.26372568947583,62.604551628955214,62.62004670189047,0.1150521955509225,69.7098428902309,0.11321927340763849,0.0016465059373911295,0.0016465059373911295,70.33581058950763,70.33581058950763,-0.5111900290633571,0,0.007321057027740441,1.0062886862185159,14,14,0,1,99.99875258464824,99.90745771811568,0.000912960053729539,0.6001661556126932,0.0021910344730429075,0.5983429300681771,0.001122458164997508,0.0011627188177862795,0.0011755489338834534,0.13659041601931676,0.2057799170142971,4.164161541993963,4.267051875503967
free,20.0,0.007393215095946545,0.05,4.799999999999999,1.0,0.08,2.0,735471,1 2 3 6 8 9 12 14,0 1 2 4 8 10 11 12,78.10739163785465,78.11749624625914,76.59431063531132,76.60420277263616,0.01962279889107399,77.54886007427733,0.012331664157447575,0.007202318164862165,0.007202318164862165,78.11749624625914,77.99483236311329,0.11255927474135774,1,0.00012936814548036857,1.0001293681454804,59,59,0,1,99.98567700370376,99.97316678373068,0.00012512012068111034,0.6003173975021929,0.0004433966795712452,0.6006631554220289,0.0002960118286912656,0.00029450354356093394,0.0002967103538891229,0.20535158400889486,0.20049058299628086,4.961041792004835,5.06128762550361
free,20.0,0.007393215095946545,0.05,6.0,1.0,0.08,2.0,735471,2 3 4 7 8 10 11 14,0 2 3 4 5 6 12 19,80.19703732062443,80.20307927774374,79.92014888022987,79.92562633637414,0.0033957942738920277,80.03932058167148,0.0014225005234096422,0.0019704907263926597,0.0019704907263926597,80.20307927774377,80.1751571511893,0.0218801694351356,1,7.533890678756983e-05,1.0000753389067871,13,13,0,1,99.99642795487269,99.95767036122199,0.000387589781388864,0.6001483350476922,0.00011561983669338675,0.6003674157008768,9.237549617774151e-05,9.237549617774151e-05,9.258311884263427e-05,0.22571091700228862,0.2510742499725893,4.828539749985794,4.95407745798002
free,20.0,0.007393215095946545,0.05,-6.0,2.0,0.08,2.0,735471,3 5 6 7 9 11 12 15,0 1 3 4 12 15 17 23,63.684037032618534,64.27375772880116,60.85548269135173,60.917407713671764,0.04541607108350165,63.684037032618534,0.04541607108350165,0.0,0.0,65.07719757694952,65.07719757694952,-1.393160544330982,0,0.021876134259789737,1.0092601022746182,527,527,0,1,99.99335385885995,99.88766357785066,0.0010569730580141101,0.5996638018922047,0.0024506673737538427,0.5987026308712659,0.0019216694234470743,0.0018350872734255882,0.0020075110851780404,0.31822466698940843,0.26067216700175777,4.858353959018132,4.9886907925247215
free,20.0,0.007393215095946545,0.05,-4.8,2.0,0.08,2.0,735471,2 3 5 6 7 8 9 15,2 5 6 15 16 19 22 23,49.18113648982028,50.05769296930115,43.43741176398934,43.99668973379598,0.11783720064834502,49.18113648982028,0.11783720064834502,0.0,0.0,50.67219605639717,50.67219605639717,-1.4910595665768867,0,0.030317712704453603,1.0178230220373679,94,94,0,1,99.99418013442494,99.86843616373675,0.0012575128924418033,0.6003702487444827,0.006252589903862551,0.5966320124066081,0.004525672431940612,0.0043807370944923775,0.004737401629126979,0.2662330419989303,0.27681704200222157,5.025491874985164,5.1639012709929375
free,20.0,0.007393215095946545,0.05,-3.6,2.0,0.08,2.0,735471,4 5 6 7 8 9 10 11,7 9 10 14 20 21 22 23,24.941355127618525,24.951821501410738,18.121278522199617,18.128266624381336,0.37582680376479183,23.56428630110669,0.29986428318603076,0.058438809005947334,0.058438809005947334,24.951821501410734,24.860068836489237,0.0812862911292882,1,0.00041963933950883714,1.000419639339509,675,136,0,1,100.01536380498752,98.3628701765617,0.016522397815278533,0.6002048549137955,0.025715568404984488,0.5955290844017346,0.016473943635052887,0.01647394363505289,0.016482853283362044,0.23133270800462924,0.2626247080042958,4.669018375017913,4.800331395003013
free,20.0,0.007393215095946545,0.05,-2.4000000000000004,2.0,0.08,2.0,735471,1 2 3 7 9 11 13 15,15 16 17 18 19 20 21 22,17.98924895515529,18.50775686006898,13.8387366661893,14.17041131235274,0.26949377534818364,17.98924895515529,0.26949377534818364,0.0,0.0,18.57404452405484,18.44099575486901,-0.451746799713721,0,0.032508059138953715,1.0288232102522044,12,12,0,1,99.97712781404296,99.82686938701922,0.001502928022729555,0.6110940522148108,0.035731436598680215,0.6035840956212235,0.025219278151329336,0.024592366467722525,0.025630250497546078,0.32121937500778586,0.2890558330109343,4.977512791985646,5.122041625494603
free,20.0,0.007393215095946545,0.05,-1.2000000000000002,2.0,0.08,2.0,735471,0 2 4 6 7 10 12 18,4 8 9 10 16 19 20 21,11.1004195860376,11.34098353355261,9.109893504264539,9.391425027344159,0.18197393406405493,10.691319625979881,0.13841292400790484,0.03826468334775113,0.03826468334775113,11.514754527338052,11.514754527338052,-0.4143349413004529,0,0.037326061243812214,1.0216716085054658,154,133,0,1,99.96973679845073,99.78298174828085,0.0018681158533646602,0.6175677722271253,0.05836547119809396,0.6053851717544783,0.04598709093866057,0.04507241124635511,0.04638022779723749,0.25791487499373034,0.20064908399945125,4.481301624997286,4.581626999977743
free,20.0,0.007393215095946545,0.05,0.0,2.0,0.08,2.0,735471,0 1 10 11 12 13 14 23,0 1 2 3 4 5 6 7,1.1586717708010679,1.3805968915087539,1.1527265079907247,1.3538167637927665,-0.14414431717110143,1.1586717708010679,-0.14414431717110143,0.0,,1.4142637949725494,1.4142637949725494,-0.2555920241714815,0,0.2205905335855154,1.1915340705627566,735471,199936,1,0,1.427969674922384,1.4251117597370377,0.002001383667689982,0.6073694116766426,0.4412416577468711,0.601772385592483,0.4284852004601321,0.5099102369800735,0.511945917615455,7.149455707985908,0.22964633299852721,11.410526166990167,11.525350208496093
free,20.0,0.007393215095946545,0.05,1.1999999999999993,2.0,0.08,2.0,735471,2 3 4 5 7 8 10 19,0 1 2 5 12 13 17 20,21.92222482677206,21.935205018395017,19.010292760976533,19.304438634999016,0.13560540356905215,20.695180359259506,0.07204258826460097,0.05929131547595068,0.05929131547595068,21.995004088015115,21.995004088015115,-0.07277926124305623,0,0.0033198848117903523,1.0005921019296868,78,78,0,1,99.97753081626911,99.7800115830284,0.0019756362417441276,0.6000900958681824,0.023692386884740787,0.5991181864661532,0.019919872972468066,0.019824426519086724,0.019934847428635806,0.2858785839925986,0.1944135830271989,4.604250375006814,4.701457875518827
free,20.0,0.007393215095946545,0.05,2.4000000000000004,2.0,0.08,2.0,735471,1 2 7 8 12 13 14 16,0 1 2 3 4 5 7 19,44.8165682720432,44.840907177403075,44.14793334183172,44.79829044182358,0.000408002850987188,44.29525824843875,-0.01122882566329364,0.01176898034278473,0.01176898034278473,45.42776926585036,45.42776926585036,-0.6112009938071594,0,0.013637835679364718,1.0005430782922096,58,58,0,1,99.97374542166108,99.0216210375617,0.009523744259891331,0.6077003139418012,0.006172041701764951,0.6008833105174528,0.006007122861985298,0.006007122861985298,0.006013752911486801,0.21761191700352356,0.22587937497883104,4.5343272919999436,4.647267645472311
free,20.0,0.007393215095946545,0.05,3.5999999999999996,2.0,0.08,2.0,735471,4 5 7 8 9 10 12 13,0 1 3 4 19 20 22 23,61.06825843240818,61.08962602037322,56.873907150578745,56.884544424240154,0.07354746443895621,60.82075678432365,0.06919651726007592,0.004069361533303395,0.004069361533303395,61.08962602037322,61.04829743410102,0.019960998307155364,1,0.0003498967960366972,1.0003498967960367,5,5,0,1,100.0114629435262,99.83189449941374,0.0017954786264235967,0.5997196246088629,0.0031495365544174665,0.5973289380912836,0.002384696097879983,0.002384696097879983,0.002387604551858318,0.13553900000988506,0.2028791249904316,4.244201917026658,4.345642479500384
free,20.0,0.007393215095946545,0.05,4.799999999999999,2.0,0.08,2.0,735471,4 6 7 8 12 13 14 16,0 1 4 5 6 8 9 14,76.14693094029865,76.1568414664691,74.30762542700104,74.31739845832408,0.024617821935741357,76.14693094029865,0.024617821935741357,0.0,0.0,76.33218483423511,76.33218483423511,-0.18525389393646208,0,0.002432847806850047,1.0001301500408235,6,6,0,1,99.99314163696116,99.87354798379756,0.0011960185589307004,0.5989235042491694,0.0006657793881652123,0.6007397193197858,0.0004949760074657967,0.0004888288799850343,0.0004957229116811858,0.1946366660122294,0.23413787499885075,4.172368791012559,4.289438853520551
free,20.0,0.007393215095946545,0.05,6.0,2.0,0.08,2.0,735471,0 3 6 7 8 9 11 12,0 1 6 8 9 14 15 17,79.4756743452262,79.48177936227479,79.1887783941901,79.19473469979101,0.003547453583879756,79.40043033528005,0.0025973397886713823,0.0009476524198726022,0.0009476524198726022,79.5766070150561,79.5766070150561,-0.10093266982990201,0,0.001269981924173047,1.0000768161717266,31,31,0,1,99.9968310948374,99.96295265260555,0.00033879515841583885,0.6003211052478512,0.0001871007864606645,0.5993101833676053,0.0001470059229611136,0.00014149355571473123,0.0001472988309131834,0.206021083984524,0.2106954580231104,4.083027583023068,4.18837627103494
free,20.0,0.007393215095946545,0.05,-6.0,4.0,0.08,2.0,735471,3 4 8 9 11 12 13 14,0 2 6 7 10 14 18 23,54.57629835422906,55.19367436763597,47.54525213845841,47.67054747547619,0.14486409836819036,54.57629835422906,0.14486409836819036,0.0,0.0,55.58466514700028,55.58466514700028,-1.0083667927712199,0,0.018476276757107835,1.0113121635586169,89,89,0,1,99.99646313306194,99.90179309879835,0.0009467338273515535,0.5993062615606705,0.005178619995080672,0.5985091007237829,0.0034505837194251663,0.0033654325896167615,0.0035726640571651443,0.322331542003667,0.18600983399664983,4.231817417021375,4.324823083996307
free,20.0,0.007393215095946545,0.05,-4.8,4.0,0.08,2.0,735471,3 4 5 6 7 8 10 11,4 5 13 14 18 19 21 22,42.05419403175064,42.91051545907089,27.41033416729443,27.417373201467598,0.5338520478504323,41.234735582869284,0.5039637561143921,0.019873013305359732,0.019873013305359732,43.010747482086806,43.010747482086806,-0.9565534503361661,0,0.022745732556757048,1.020362331202299,172,136,0,1,100.00732814525169,99.81080324236268,0.001965105023139624,0.6005066262044464,0.014509197720621255,0.5962239222264835,0.006501372648989227,0.006471268924803034,0.006783606220565771,0.23576554100145586,0.18462212500162423,4.321037332993001,4.413349520502379
free,20.0,0.007393215095946545,0.05,-3.6,4.0,0.08,2.0,735471,3 4 5 7 8 11 12 16,2 6 10 11 14 15 17 18,29.908438578673195,30.700855511490463,26.194805849514736,27.09785617936437,0.10371973268679269,29.671061839791733,0.09495975044649163,0.008000277851974769,0.008000277851974769,31.328402600467435,31.328402600467435,-1.4199640217942395,0,0.04747703622370891,1.0264947610264856,482,450,0,1,99.98379738251595,99.90802054943357,0.0007578911290243573,0.6161192317867012,0.01534361056688541,0.609806503373258,0.012469635408171318,0.011786528621075106,0.012599755197933313,0.3356800420151558,0.22731445799581707,4.454062375007197,4.56772060401272
free,20.0,0.007393215095946545,0.05,-2.4000000000000004,4.0,0.08,2.0,735471,1 7 8 9 11 12 13 16,0 4 6 10 12 18 21 22,21.523551430468938,22.08380587830302,17.885420595889507,17.908170346997725,0.20188444790382087,21.11619304551439,0.17913737899273907,0.0192912796391147,0.0192912796391147,22.223360949726132,22.223360949726132,-0.6998095192571938,0,0.03251366399815114,1.0260298329317987,167,136,0,1,99.98989632147158,99.8053537650264,0.0018456120391591169,0.5990856512459207,0.026059987528204084,0.6068309373971118,0.020085333698639324,0.019466744200552426,0.020372487021200383,0.20464525002171285,0.23511379200499505,3.953285625000717,4.070843646011781
free,20.0,0.007393215095946545,0.05,-1.2000000000000002,4.0,0.08,2.0,735471,2 4 5 7 8 9 11 12,0 2 4 8 9 18 19 23,17.488426021931375,17.88721095648063,15.111732589091417,15.121376897902103,0.15653661303539557,17.319812163289544,0.14538591824217062,0.009735316818228368,0.009735316818228368,18.135306670000357,18.135306670000357,-0.6468806480689828,0,0.03698907193007317,1.0228027916319717,41,41,0,1,100.00073859521245,99.8246875734113,0.001760497215063439,0.6002565970110932,0.03230268039452107,0.6068268609809052,0.026531965439873587,0.025865154911349254,0.02681121584383056,0.27565200001117773,0.18803437499445863,4.159296291007195,4.253314228481031
free,20.0,0.007393215095946545,0.05,0.0,4.0,0.08,2.0,735471,0 1 10 11 12 13 14 23,0 1 2 3 4 5 6 7,2.198288585113156,2.5294597052925334,2.18737002664867,2.4318961947792546,-0.09605986068303518,2.198288585113156,-0.09605986068303518,0.0,,2.664044950950696,2.664044950950696,-0.4657563658375401,0,0.21187225780620866,1.1506495200048226,735471,199936,1,0,2.7494007317670697,2.720148544832064,0.010639477394844943,0.6073694116766426,0.24235815709688427,0.601772385592483,0.23051228872898502,0.2614097973660987,0.26633954074877164,7.043222792010056,0.1843386249965988,10.970403083018027,11.062573270493886
free,20.0,0.007393215095946545,0.05,1.1999999999999993,4.0,0.08,2.0,735471,4 7 8 11 12 13 15 16,1 5 6 7 11 15 16 21,27.809909411908823,27.916265309784432,25.918632663735966,25.92497443502634,0.07270730320705021,27.38899743396325,0.0564715310561279,0.01536792206288018,0.01536792206288018,28.116884770411655,28.116884770411655,-0.3069753585028323,0,0.011038344424501467,1.0038243885048423,24,24,0,1,99.988806842881,99.91878498636567,0.0007002969504913414,0.5985645313661222,0.015695121321366266,0.5985517198552975,0.014047751781722075,0.013949909343274416,0.014128804783125438,0.17688795799040236,0.19174425001256168,3.9754863339767326,4.071359208988724
free,20.0,0.007393215095946545,0.05,2.4000000000000004,4.0,0.08,2.0,735471,6 7 8 10 11 12 13 15,0 2 6 8 11 14 22 23,43.07928530644954,43.146053611245755,38.531760724493274,38.54419821595611,0.11765939623608634,42.56862241079517,0.1044106345730933,0.011996227895898937,0.011996227895898937,43.146053611245726,43.09476145383575,-0.015476147386209504,0,0.001549893511956446,1.0015498935119571,13,13,0,1,100.00453456907356,99.61393653117922,0.003905803267596264,0.5988909484843468,0.00814455650663992,0.5980317328248997,0.006467420646392274,0.00648095605403696,0.006488325993844273,0.1860622499953024,0.21331424999516457,4.113329417014029,4.219987749995198
free,20.0,0.007393215095946545,0.05,3.5999999999999996,4.0,0.08,2.0,735471,5 6 7 10 11 14 15 16,0 4 7 8 10 11 19 23,61.40155671033072,61.422934523206536,53.74117015052271,53.75661414529163,0.14221398960091847,61.37498071383787,0.1417196132917815,0.0004330102622234211,0.0004330102622234211,61.99172196612712,61.99172196612712,-0.5901652557963999,0,0.009611568295907702,1.000348164020933,3,3,0,1,99.98094570406727,99.92748940663927,0.0005346648509029217,0.5986815679186426,0.0037436761952450016,0.5984345545679582,0.002349636808041539,0.002349636808041538,0.0023526225331547412,0.20277637499384582,0.16015350000816397,4.15320470900042,4.233282249988406
free,20.0,0.007393215095946545,0.05,4.799999999999999,4.0,0.08,2.0,735471,4 5 7 8 9 10 12 13,0 1 5 8 10 13 19 20,72.21752319880818,72.2301958964397,65.41950517839362,65.42897282007576,0.1037545002792628,71.07041507753985,0.08622238764129153,0.016140444937838172,0.016140444937838172,72.23019589643972,72.20476190763962,0.012761291168558841,1,0.00017547953834773367,1.0001754795383473,158,128,0,1,100.00158759023395,99.92938012471592,0.0007220631917755904,0.5997196246088629,0.0017727491361076882,0.5987970363630123,0.0008969055237114668,0.0008969055237114668,0.000898008182587752,0.1826052910182625,0.2184367919981014,4.086851000000024,4.1960702299984405
free,20.0,0.007393215095946545,0.05,6.0,4.0,0.08,2.0,735471,3 5 6 7 8 10 11 17,0 2 5 7 8 11 12 14,77.19057181704676,77.30516734041153,75.4709960704365,75.47864021646433,0.02268100744359991,76.46460237148679,0.013062797000513493,0.009494189769443828,0.009494189769443828,77.30516734041153,77.1731501745608,0.017421642485956568,1,0.0014845792778472866,1.0014845792778473,260,128,0,1,99.99167684047055,99.96012142006384,0.00031558047033297676,0.5996957751616225,0.0005520230991476147,0.6000873084275365,0.00036936183225627406,0.0003646710691798178,0.0003805269244311221,0.2074348329915665,0.21539520798251033,4.084019292000448,4.191718104004394
free,30.0,0.0007393215095946545,0.03,0.0,0.0,0.08,2.0,735471,5 6 7 8 9 10 11 12,0 1 2 3 4 5 6 7,0.9292157842439132,0.9989258137238706,0.9280175948497134,0.99892488577725,-0.06978412744127116,0.9292157842439132,-0.06978412744127116,0.0,,0.9989258137238706,0.9989257827745223,-0.06970999853060911,0,0.07502028125434745,1.0750202812543475,735471,199936,1,0,0.9990011868906624,0.9990007523518621,4.349732573016851e-07,0.6869285503780873,0.6869285503780873,0.6875225991868841,0.6875225991868841,0.7377499013127926,0.7391480439583975,6.159213917009765,0.18252754100831226,9.639629334007623,9.730893979518441
free,30.0,0.0007393215095946545,0.03,-6.0,1.0,0.08,2.0,735471,4 5 6 7 8 9 10 11,1 2 11 12 13 14 15 16,533.967806751372,535.6135952223581,527.7784431135365,528.2363436953927,0.010850186899075354,533.7903764431238,0.010514295000750185,0.00033239697843656657,0.00033239697843656657,536.1405721372,536.1405721372,-2.172765385828029,0,0.004069094350550806,1.0030821866977317,10,10,0,1,999.8804054683958,999.4804101282859,0.0004000431830869511,0.6871007984872842,0.00056142351995125,0.6862045145618147,0.0005418343846595596,0.0005418343846595593,0.0005457644150419007,0.28967208400717936,0.21241624999674968,4.796128874993883,4.902337666993844
free,30.0,0.0007393215095946545,0.03,-4.8,1.0,0.08,2.0,735471,0 1 3 4 6 7 10 14,1 5 7 8 9 17 20 23,311.95794797415357,314.54052605964773,300.6172018645491,303.70117522173206,0.02718716101902885,300.6172018645491,-0.01015463096226532,0.03772487415645087,0.03772487415645087,317.4870579163091,317.4870579163091,-5.5291099421555145,0,0.01772389508926242,1.0082786096724425,94,94,0,1,999.7475550114488,997.8270065942156,0.0019210333724808404,0.6936739045518083,0.0015447457286877043,0.6890936338385265,0.0014514729246584714,0.0014310366212593258,0.0014587870095960132,0.1821000420022756,0.23044470802415162,4.961893833999056,5.07711697902414
free,30.0,0.0007393215095946545,0.03,-3.6,1.0,0.08,2.0,735471,0 4 5 7 8 9 10 14,3 4 6 7 11 12 19 22,142.78206708663845,142.8714321663455,104.54061067780466,104.59674290759293,0.3650718284103811,137.7506223276842,0.3169685642064535,0.03652574974932121,0.03652574974932121,142.8714321663455,139.88645531810718,2.8956117685312677,1,0.0006258844792661478,1.0006258844792661,6,6,0,1,999.903265145996,994.9636406393154,0.004940102386763789,0.6870226231740254,0.005828976929497112,0.6860479186729724,0.0040625336147678244,0.0040625336147678244,0.004065466012702907,0.20011016700300388,0.42920899999444373,4.821173750009621,5.0357789999834495
free,30.0,0.0007393215095946545,0.03,-2.4000000000000004,1.0,0.08,2.0,735471,1 4 5 6 8 9 12 14,8 10 14 18 19 21 22 23,59.61102779154347,60.22049381065696,49.023696436755564,49.05540263149697,0.21517762761708648,59.61102779154347,0.21517762761708648,0.0,0.0,60.23123888239849,59.356384422586764,0.2546433689567067,1,0.010404301248149395,1.0102240481617724,1,1,0,1,999.7571744219929,987.2688186225918,0.012491389028162048,0.6869801962119285,0.013264848456606778,0.688355447361211,0.010691263060593571,0.010676191731502598,0.010738806653436883,0.16264983301516622,0.7030699579918291,4.875187042023754,5.226722770996275
free,30.0,0.0007393215095946545,0.03,-1.2000000000000002,1.0,0.08,2.0,735471,4 5 6 7 8 9 10 11,7 10 13 16 20 21 22 23,28.310258689921625,28.32691607123606,26.88359622668728,26.89911280719716,0.052460684961583404,28.310258689921625,0.052460684961583404,0.0,0.0,28.326916071236067,28.32584073584405,-0.01558204592242518,0,0.0005883867574962842,1.000588386757496,2,2,0,1,1000.1426949337546,995.4769238908323,0.004665105356022603,0.6870998497322613,0.02480426629038736,0.6843357036206228,0.023419175020690065,0.023419175020690058,0.02343295909731441,0.24467487502261065,0.24959787502302788,4.121286167006474,4.24608622949745
free,30.0,0.0007393215095946545,0.03,0.0,1.0,0.08,2.0,735471,0 1 10 11 12 13 14 23,0 1 2 3 4 5 6 7,1.032198897682898,1.1040419257573673,1.0303721091538662,1.0999558241620382,-0.061599679724191114,1.032198897682898,-0.061599679724191114,0.0,,1.1090425274475322,1.1090425274475322,-0.07684362976463421,0,0.07444653345119279,1.0696019228810882,735471,199936,1,0,1.1101066051813746,1.1098540800533025,0.00022747826820723738,0.6893827697601675,0.6259974570199877,0.6875270435972677,0.6219970325700999,0.6640055620560614,0.6653290303350463,7.667919083003653,0.23801912501221523,12.210690541978693,12.329700895497808
free,30.0,0.0007393215095946545,0.03,1.1999999999999993,1.0,0.08,2.0,735471,0 2 6 8 10 12 16 18,0 1 2 3 6 7 8 9,71.83450961901472,71.90006354886866,37.40426247912642,37.41221408364388,0.920081753472586,69.36349921200826,0.8540335265090087,0.035624073685410096,0.035624073685410096,71.90006354886863,71.30325195380775,0.5312576652069794,1,0.000912568766761046,1.0009125687667615,24,24,0,1,999.586081238821,999.1387258573997,0.000447540626883125,0.6864549109009727,0.017609095650807555,0.687391927087449,0.008821058456137171,0.008821058456137171,0.008829668571858247,0.16431587500846945,0.2728119590028655,4.045898291980848,4.182305063484819
free,30.0,0.0007393215095946545,0.03,2.4000000000000004,1.0,0.08,2.0,735471,2 4 5 9 12 13 15 20,0 6 9 11 14 17 20 22,264.17575879290524,264.51833831520975,246.69727184046116,248.1109575035787,0.0647484554933242,246.69727184046116,-0.0056977961688658985,0.07084994017991164,0.07084994017991164,264.51833831520975,262.6864174413288,1.4893413515764564,1,0.0012967863662807222,1.0012967863662807,14,14,0,1,999.5573305981627,998.6208428092202,0.0009369025270237197,0.689384815919106,0.0020392128318769934,0.6854919718712391,0.0018521508859954837,0.0018521508859954832,0.0018554759644391823,0.23211337500833906,0.16939008398912847,4.80002329099807,4.8847194999980275
free,30.0,0.0007393215095946545,0.03,3.5999999999999996,1.0,0.08,2.0,735471,0 3 7 10 14 15 16 17,5 6 10 13 15 18 22 23,583.2958812634425,583.7993756346422,558.4731193357701,558.8884609312545,0.04367136206662581,558.4731193357701,-0.0007431565053110933,0.04444755005790757,0.04444755005790757,584.443903955976,584.443903955976,-1.1480226925334591,0,0.0019681652646796888,1.0008631886275436,89,89,0,1,999.5248941007806,996.302191578471,0.0032242343750815694,0.6861840704256353,0.0004884441688777065,0.6851003602849144,0.00043419869079978587,0.00043419869079978576,0.00043519223965129766,0.13622391602257267,0.1687783329980448,4.568870499992045,4.653260707505979
free,30.0,0.0007393215095946545,0.03,4.799999999999999,1.0,0.08,2.0,735471,0 2 4 6 8 10 14 15,0 1 3 7 11 18 21 22,808.9631914456713,809.2826682622263,775.9777278890715,776.1759486862913,0.04224202362218743,783.8555637204014,0.009894167742646731,0.03203093642163113,0.03203093642163113,809.2826682622264,807.8010362810816,1.1621551645897625,1,0.0003949213263758633,1.0003949213263759,252,128,0,1,999.6644881371178,998.8793920262837,0.0007853596082993963,0.6868547379654406,0.00014559993009691228,0.6857098621124287,0.00010798424524729013,0.0001080584697016916,0.00010830457770119111,0.1859327080019284,0.20735899999272078,4.702855207986431,4.806535374984378
free,30.0,0.0007393215095946545,0.03,6.0,1.0,0.08,2.0,735471,2 5 6 9 10 11 12 16,0 2 3 4 5 6 12 19,887.9001655372398,888.0078949132374,876.1598351294703,876.2418610954785,0.01330489327134643,878.3206340340377,0.0023723734631444504,0.01090664517262252,0.01090664517262252,888.0078949132371,887.7130101461755,0.18715539106426604,1,0.0001213305055891567,1.0001213305055894,189,128,0,1,999.8834300172488,999.4712431236682,0.00041223494780140424,0.6867064048834057,4.4373535543778706e-05,0.68690427722715,3.421246590481318e-05,3.4212465904813194e-05,3.428779047979948e-05,0.24281837500166148,0.2609989579941612,4.8387723750201985,4.969272312024259
free,30.0,0.0007393215095946545,0.03,-6.0,2.0,0.08,2.0,735471,0 1 5 7 9 11 12 13,7 8 9 10 11 13 17 21,452.25877544978755,457.1948637033265,434.2813097133759,438.78512961809736,0.030706705679422575,445.7523715053689,0.015878482238756764,0.014596453906561724,0.014596453906561724,460.0769975231484,456.67697087996277,-4.418195430175217,0,0.017287054442637118,1.0109143006647685,73,73,0,1,999.8622695162393,998.6592288552218,0.0012032063792141168,0.6935785728265812,0.0008413577933485578,0.6931300940414655,0.000776728098721237,0.0007588810495235058,0.0007773707015677844,0.23059441600344144,0.23755616700509563,5.149110708007356,5.267889874492539
free,30.0,0.0007393215095946545,0.03,-4.8,2.0,0.08,2.0,735471,4 8 10 11 12 13 14 16,3 5 13 15 16 18 19 22,268.7560751876171,270.0376887356503,229.83660961022943,229.9355608546416,0.16883214666180613,245.49057575346058,0.06764945292064839,0.09477145655286345,0.09477145655286345,270.9622485843292,270.9622485843292,-2.2061733967120745,0,0.008208831726583155,1.004768686799502,283,140,0,1,999.7685217734605,996.9883691204697,0.0027807963467976204,0.6863010572393022,0.0022454323696592,0.6863414198470967,0.0018023289654210063,0.0017923113092571993,0.0018099844952880822,0.2579737500054762,0.2995097500097472,4.944621208007447,5.094376750013907
free,30.0,0.0007393215095946545,0.03,-3.6,2.0,0.08,2.0,735471,3 4 6 7 8 9 11 12,5 6 7 8 19 20 22 23,93.13264096547262,93.17035696683722,62.73671581942855,62.753568000475326,0.484101126564902,89.31704678363396,0.42329830206558805,0.04271966348240053,0.04271966348240053,93.17035696683719,92.96133373121869,0.17130723425393057,1,0.0004049708133859742,1.0004049708133862,62,62,0,1,1000.100295932083,992.3678690514865,0.007731651427409947,0.6870556573399129,0.010209150094995364,0.6850071916936116,0.006612879490745303,0.006612879490745305,0.006615727760373135,0.18538124999031425,0.2895762500120327,4.210247000009986,4.3550361250236165
free,30.0,0.0007393215095946545,0.03,-2.4000000000000004,2.0,0.08,2.0,735471,1 3 5 7 10 14 19 20,15 16 17 18 19 20 21 22,65.62588791159223,65.67160510957918,44.49284084249081,44.51244117431605,0.4743268663831173,65.62588791159223,0.4743268663831173,0.0,0.0,65.67160510957918,64.72100153685699,0.9048863747352414,1,0.0006966335914346811,1.0006966335914347,1,1,0,1,999.3685942901542,998.1286774169535,0.0012407002584281512,0.6861483272024059,0.014675432413142741,0.6838420762223035,0.009673734103729393,0.009673734103729393,0.00968074192964634,0.2684826669865288,0.26775829098187387,4.079743792011868,4.21362356247846
free,30.0,0.0007393215095946545,0.03,-1.2000000000000002,2.0,0.08,2.0,735471,0 2 4 6 7 10 12 18,4 8 9 10 16 19 20 21,37.77055109695539,37.789854881634795,30.786592514610117,31.10487515428357,0.21429682355609336,36.517371889276156,0.1740079877558105,0.0343173438515505,0.0343173438515505,37.789854881634795,37.521736528702725,0.24881456825266213,1,0.0005110803024783728,1.0005110803024784,11,11,0,1,999.5314618782193,986.0648631324536,0.013472911318329617,0.6934067088292399,0.021553219623905065,0.6853552329313075,0.017396636807206874,0.017396636807206874,0.017405511667228347,0.2539563750033267,0.23723304099985398,4.405203750007786,4.523821061491617
free,30.0,0.0007393215095946545,0.03,0.0,2.0,0.08,2.0,735471,0 1 10 11 12 13 14 23,0 1 2 3 4 5 6 7,1.3410112035454222,1.4192970382910968,1.3387840902047157,1.4040893792751359,-0.044924615669607815,1.3410112035454222,-0.044924615669607815,0.0,,1.4390641215330726,1.4390641215330726,-0.09805291798765037,0,0.07311864190874307,1.058378210814868,735471,199936,1,0,1.4465732108511427,1.4436323730858642,0.002032968496318288,0.6893827697601675,0.49024279112205477,0.6875270435972677,0.4836744587270526,0.509901240509831,0.5119447013664423,7.100509707990568,0.19369491600082256,11.3245617079956,11.421410208000452
free,30.0,0.0007393215095946545,0.03,1.1999999999999993,2.0,0.08,2.0,735471,2 3 4 5 7 8 10 19,1 2 3 6 9 12 14 22,84.01457272799648,84.06671467087337,72.11687155516651,72.15799626118715,0.1643141035110316,76.68459135165038,0.06273171824337398,0.0955861046808375,0.0955861046808375,84.06671467087332,84.03467884455357,-0.020106116557087717,0,0.0006206297453379417,1.0006206297453384,65,65,0,1,999.6901198500841,999.2826398804283,0.000407606278750583,0.6868796509682775,0.008779784986683447,0.6864020090951847,0.007425646180441682,0.007425646180441682,0.007430607150258815,0.19469712499994785,0.253365542012034,4.391709832998458,4.51839314600511
free,30.0,0.0007393215095946545,0.03,2.4000000000000004,2.0,0.08,2.0,735471,3 5 6 7 11 12 17 18,1 6 7 8 9 10 15 21,230.05633853737965,231.3747608741899,227.31336527659943,228.6091365296236,0.006330464432546812,227.31336527659943,-0.005668064158303121,0.012066924694210224,0.012066924694210224,231.37476087418992,230.7443438001392,-0.6880052627595603,0,0.0057308672527449644,1.0057308672527447,12,12,0,1,999.6574437758113,998.9574731193374,0.0007002105179451101,0.6896014745455216,0.0022771873010939405,0.6896244548492829,0.0022412302681520395,0.0022412302681520404,0.0022441281116390363,0.17545879201497883,0.2030077500094194,4.1332927079929505,4.234797583005275
free,30.0,0.0007393215095946545,0.03,3.5999999999999996,2.0,0.08,2.0,735471,4 5 7 8 9 10 12 13,0 1 3 4 18 19 21 22,424.47825446221856,424.74518774323377,363.3498923082647,363.44959723419294,0.16791504982381666,418.7723916801821,0.15221586395194509,0.013625212395553588,0.013625212395553588,424.7451877432339,423.40099768479547,1.077256777423088,1,0.0006288503078997199,1.0006288503078995,4,4,0,1,1000.0396959926215,997.9894355953635,0.002050179013367015,0.6868852647505852,0.001150583638127886,0.6854035347866586,0.000874360186078841,0.000874360186078841,0.0008753427157171691,0.14311933401040733,0.17273275001207367,4.1363537079887465,4.222721416997956
free,30.0,0.0007393215095946545,0.03,4.799999999999999,2.0,0.08,2.0,735471,4 6 7 8 12 13 14 16,0 2 8 10 14 17 20 23,743.2905137144402,747.3012838938891,699.2168538383431,699.4285665876286,0.06271111764966264,709.0637790359208,0.013775834886613936,0.0482703188210456,0.0482703188210456,747.3012838938893,743.3427860693165,-0.052272354876322424,0,0.005395965783830725,1.0053959657838305,580,132,0,1,999.925603089448,998.5789742789464,0.0013467290029788304,0.6864846191649682,0.0002421720295013946,0.6889762482566334,0.00018263093864235748,0.00018263093864235734,0.00018293138953304384,0.199284375004936,0.18417670798953623,4.106759583984967,4.198848812986398
free,30.0,0.0007393215095946545,0.03,6.0,2.0,0.08,2.0,735471,5 6 7 10 11 14 15 16,0 4 10 12 13 14 16 18,866.8119913738836,866.9411030494462,836.4593377378648,836.541150349011,0.03618571664076953,859.0006095395012,0.026848002852124964,0.009093569605928442,0.009093569605928442,866.9411030494459,866.8118391192113,0.00015225467234358803,1,0.00014895003397175088,1.000148950033972,63,63,0,1,999.850743844623,999.536667879635,0.00031412284975684823,0.6863779121399909,8.117358721394732e-05,0.6860772136519888,5.205544927686222e-05,5.2055449276862264e-05,5.216075261877554e-05,0.1711402079963591,0.19236575000104494,3.996387582999887,4.09257166700263
free,30.0,0.0007393215095946545,0.03,-6.0,4.0,0.08,2.0,735471,0 1 4 5 7 8 10 13,0 6 7 10 13 14 18 23,321.5126527417744,323.6859572063044,287.62432347105505,289.9695200802526,0.10878085618375288,321.5126527417744,0.10878085618375288,0.0,0.0,324.09967407029274,323.6649495856708,-2.1522968438964085,0,0.00804640597020656,1.0067596234424887,5,5,0,1,999.7664606730269,998.4611975367676,0.001305568037740179,0.6918670079450094,0.0016466775697345343,0.6887285388670363,0.0013884462342128672,0.0013766416956453214,0.0013936398642227614,0.2885178750148043,0.23005737501080148,4.398096874996554,4.513126354504493
free,30.0,0.0007393215095946545,0.03,-4.8,4.0,0.08,2.0,735471,0 4 5 7 8 9 11 12,1 5 12 16 17 20 21 23,204.58996584497547,205.45336529016674,106.69092677215771,106.7112137655101,0.9172302387502274,200.50015594950665,0.8789042770152604,0.020398038475834213,0.020398038475834213,205.46285196726015,204.82173436744924,-0.23176852247377155,0,0.004266514824808665,1.004220145605017,15,15,0,1,999.778405515184,996.0138934860718,0.00376534640910986,0.6870682979569206,0.00569925484721356,0.6853993019830964,0.0025967119548126597,0.0025936980458884885,0.002607824663065667,0.19246637501055375,0.19242408400168642,4.155017584009329,4.2512309169978835
free,30.0,0.0007393215095946545,0.03,-3.6,4.0,0.08,2.0,735471,1 4 5 7 9 12 13 18,3 7 11 12 13 16 19 20,124.31306756913109,124.38648706520786,101.33406844664125,102.43307468612744,0.21360281286144844,122.5239506147206,0.1961366090996981,0.01460218141379066,0.01460218141379066,126.18014201283309,126.18014201283309,-1.8670744437019948,0,0.015019132583657724,1.0005906015957329,27,27,0,1,999.6021090047707,994.9931686381507,0.004610774952454655,0.6938596459023868,0.006034463696292137,0.6856542501569095,0.004772967375913182,0.004689422514994655,0.0047761527546234415,0.2546932499972172,0.2155977090005763,4.179178666003281,4.286978354502935
free,30.0,0.0007393215095946545,0.03,-2.4000000000000004,4.0,0.08,2.0,735471,1 7 8 9 11 12 13 16,1 6 12 13 14 18 20 22,81.65448007308827,82.34393411675447,63.087734162299625,63.106570570507564,0.29391407796209634,80.45835875569925,0.2749600878058318,0.014866340003539813,0.014866340003539813,82.34393411675443,81.16718082977576,0.4872992433125063,1,0.008443554389777841,1.0084435543897785,9,9,0,1,999.7181474408131,996.0182735124903,0.003700917041262297,0.6865423479519652,0.010139773040233668,0.6852904631524391,0.007582972907147375,0.007582972907147378,0.007653090480536807,0.19084100000327453,0.18021029199007899,4.150607667019358,4.2407136039983016
free,30.0,0.0007393215095946545,0.03,-1.2000000000000002,4.0,0.08,2.0,735471,1 5 6 8 9 10 13 16,0 4 8 9 14 18 19 23,62.90906432025018,63.29136750010358,53.08210619273071,53.09404721192805,0.18486097074394992,62.00440518922109,0.1678221654816936,0.014590239649397763,0.014590239649397763,63.67155003872964,63.67155003872964,-0.7624857184794607,0,0.012120442844259838,1.0060770762366964,7,7,0,1,999.8283016399383,980.2538152311408,0.019577847893174294,0.6867527495351289,0.012195325321789557,0.6888424537120645,0.010144350007076829,0.010081126682722178,0.010157745454146572,0.2219951669976581,0.1711771659902297,4.134655208006734,4.220244458003435
free,30.0,0.0007393215095946545,0.03,0.0,4.0,0.08,2.0,735471,0 1 10 11 12 13 14 23,0 1 2 3 4 5 6 7,2.5742045879899886,2.678131127080592,2.570382025294938,2.626999760179088,-0.020097136280477046,2.5742045879899886,-0.020097136280477046,0.0,,2.7554042939175827,2.7554042939175827,-0.18119970592759405,0,0.07039056133027866,1.0403722919209588,735471,199936,1,0,2.8192081012877184,2.7884299079132426,0.01091731871812418,0.6893827697601675,0.2616827693524048,0.6875270435972677,0.25597964069698526,0.26142008384781895,0.2663393022187292,6.9408786249987315,0.20886408400838263,11.00005983398296,11.104493000995717
free,30.0,0.0007393215095946545,0.03,1.1999999999999993,4.0,0.08,2.0,735471,6 8 9 10 11 13 16 19,1 5 6 7 11 15 16 21,113.93423531476026,113.96949569553203,92.64266312564769,92.66554389493837,0.22952103366420373,111.2771743961403,0.20084736698144545,0.023877861143031698,0.023877861143031698,113.96949569553206,112.63092589518718,1.3033094195730826,1,0.00030948011960041377,1.0003094801196002,10,10,0,1,999.7988508929091,996.4471369165434,0.003352388306280041,0.6861274142689922,0.006665020875174645,0.6861416754174218,0.0052810760645987075,0.005281076064598705,0.0052828451296449835,0.18220354200457223,0.19562241600942798,4.020377042004839,4.11818920802034
free,30.0,0.0007393215095946545,0.03,2.4000000000000004,4.0,0.08,2.0,735471,6 7 8 10 11 12 13 15,3 4 7 8 12 13 18 19,217.23911324388033,217.36721376344863,183.6630559756869,183.7460325588302,0.18227920471875558,202.81279384343108,0.10376692774847407,0.07113120985644605,0.07113120985644605,217.36721376344875,216.9052482232956,0.33386502058473866,1,0.0005896752092917623,1.000589675209291,82,82,0,1,999.9131607881908,999.3470278160639,0.0005661821389375543,0.686531124055084,0.0029969829672667793,0.6861761041109292,0.0024174383909930444,0.0024174383909930444,0.002419262234304986,0.20766679200460203,0.18485791599960066,4.252475332992617,4.344904915997176
free,30.0,0.0007393215095946545,0.03,3.5999999999999996,4.0,0.08,2.0,735471,3 4 5 6 11 15 17 19,0 4 7 8 10 11 19 23,427.6179272712414,427.86719123310417,376.54602513635587,376.7422965725026,0.1350409315906158,426.3715167873954,0.1317325414916397,0.0029232967840755464,0.0029232967840755464,428.5636303263133,428.5636303263133,-0.9457030550718741,0,0.002211560822781067,1.000582912796602,2,2,0,1,999.4882608048388,999.0649651439115,0.0004235123888162162,0.6862462693339209,0.0010822055012485665,0.6860071925096679,0.0008639965446188732,0.0008639965446188736,0.0008649081353230558,0.17740108401631005,0.25378554200869985,4.017433625005651,4.144327228990733
free,30.0,0.0007393215095946545,0.03,4.799999999999999,4.0,0.08,2.0,735471,1 2 3 4 8 11 15 18,0 1 5 8 10 13 19 20,641.3284941464311,641.5819072367779,609.8056115043947,610.0385178495752,0.05129180433910152,615.7641020802863,0.009385611011734296,0.04151653527670507,0.04151653527670507,641.5819072367781,636.7202356908376,4.6082584555935,1,0.00039513773777377637,1.0003951377377736,39,39,0,1,999.5303044620077,998.8923054568126,0.000638298811298732,0.6866741026142956,0.0003863026641622187,0.6861679905933282,0.0003301724752787311,0.0003301724752787311,0.000330579241254591,0.1502045409870334,0.18543341700569727,4.046737666998524,4.139455083510256
free,30.0,0.0007393215095946545,0.03,6.0,4.0,0.08,2.0,735471,0 2 5 7 8 9 10 14,0 4 12 13 16 20 22 23,783.356899011109,783.5497405147861,769.1898395354485,769.3435610559294,0.01821466853631204,769.1898395354485,-0.00019980867880387,0.018418157322796613,0.018418157322796613,783.5497405147861,780.4066911046579,2.950207906451169,1,0.000246173237154812,1.0002461732371548,41,41,0,1,999.7301166511822,998.5393487849277,0.0011910893214293061,0.6870327899342739,0.0001536901755766838,0.6849292944183688,0.0001348148202423966,0.00013481482024239666,0.00013500520873245805,0.1689771249948535,0.1848644580168184,4.086264082987327,4.178697354000178
free,30.0,0.0007393215095946545,0.05,0.0,0.0,0.08,2.0,735471,5 6 7 8 9 10 11 12,0 1 2 3 4 5 6 7,0.813286669013662,0.9987729209833537,0.8102314029084956,0.9987688159632102,-0.18571079111102373,0.813286669013662,-0.18571079111102373,0.0,,0.9987729209833537,0.9987728098337308,-0.18548614082006887,0,0.2280699524986014,1.2280699524986014,735471,199936,1,0,0.9990011868906624,0.9990007523518621,4.349732573016851e-07,0.5997570198192032,0.5997570198192032,0.6017658958115284,0.6017658958115284,0.7377434283735226,0.7391518084837118,5.950041459000204,0.19039233299554326,9.4167682910047,9.511965624507866
free,30.0,0.0007393215095946545,0.05,-6.0,1.0,0.08,2.0,735471,4 5 6 7 8 9 10 11,6 7 8 9 10 11 18 22,277.4504138109989,287.1318363379723,271.6451072138395,281.7808029159305,-0.015367935147177492,277.4504138109989,-0.015367935147177492,0.0,0.0,291.4002493819721,291.4002493819721,-13.949835570973221,0,0.05027866197552666,1.0348942443227656,318,318,0,1,999.8804054683958,999.1731599082932,0.0007073301529209042,0.6180513361571132,0.0014540547948284296,0.6087163369875556,0.0013806674987682426,0.001326351915061202,0.0014163188485043013,0.2860181249852758,0.22657224998692982,5.1578697499935515,5.2711565829959
free,30.0,0.0007393215095946545,0.05,-4.8,1.0,0.08,2.0,735471,0 1 3 4 6 7 10 14,3 11 12 17 18 21 22 23,131.5511451165357,131.63677778643088,123.12759872659939,128.63244878619585,0.02269020265011923,129.51053828036558,0.006826345159837821,0.015756299551103803,0.015756299551103803,141.64639018605234,141.64639018605234,-10.095245069516636,0,0.07674007748525247,1.0006509458341797,521,520,0,1,999.7475550114488,988.0848308312397,0.0116656691199164,0.6247972064366898,0.004117907069449079,0.5954087700625359,0.00378379718166148,0.0035312118501096956,0.003786525219981733,0.27042429099674337,0.1961922499758657,5.136611207999522,5.234707957992214
free,30.0,0.0007393215095946545,0.05,-3.6,1.0,0.08,2.0,735471,0 4 5 7 8 9 10 14,3 4 6 7 11 12 19 20,53.076522188136636,54.4437596105633,38.68214157696781,39.108252045723084,0.35716938016259747,53.076522188136636,0.35716938016259747,0.0,0.0,55.13809597719808,55.13809597719808,-2.061573789061441,0,0.03884153867041107,1.0257597402026515,20,20,0,1,999.903265145996,993.5058684055073,0.0063980156515986986,0.6015935915659064,0.014643457318325304,0.6031763476253367,0.01033956708920643,0.010113355716763757,0.01053782687927402,0.21098212501965463,0.5309726670093369,5.028366625017952,5.293854041505256
free,30.0,0.0007393215095946545,0.05,-2.4000000000000004,1.0,0.08,2.0,735471,1 4 5 6 8 9 12 14,8 10 14 18 19 21 22 23,20.46982778723758,21.474229385784653,17.171481129372907,17.472058649630927,0.17157503862144918,20.46982778723758,0.17157503862144918,0.0,0.0,22.154204752396897,22.064544185605456,-1.5947163983678756,0,0.08228583956184932,1.0490674181036976,51,51,0,1,999.7571744219929,987.2688186225918,0.012491389028162048,0.6001374917883469,0.03360909179549827,0.6147233143721631,0.027886772741735868,0.02651441752815206,0.028322773890074027,0.23589620800339617,0.25808624998899177,4.277139375015395,4.406183042010525
free,30.0,0.0007393215095946545,0.05,-1.2000000000000002,1.0,0.08,2.0,735471,4 5 6 7 8 9 10 11,7 10 13 16 20 21 22 23,9.757932907341372,9.768438507610304,9.21732976274093,9.22256624952104,0.058049640776300704,9.757932907341372,0.058049640776300704,0.0,0.0,9.768438507610304,9.753347044417215,0.004585862924157524,1,0.0010766214902981908,1.0010766214902982,1,1,0,1,1000.1426949337546,995.4769238908323,0.004665105356022603,0.6002055666703977,0.06434078205719386,0.5951233999072142,0.06018376250670652,0.06018376250670652,0.06024642842847702,0.2186435839976184,0.1917651669937186,4.2618696249846835,4.357753125485033
free,30.0,0.0007393215095946545,0.05,0.0,1.0,0.08,2.0,735471,0 1 10 11 12 13 14 23,0 1 2 3 4 5 6 7,0.9034224080073474,1.099774310567589,0.8986962363413246,1.0925642700621505,-0.17311737829761153,0.9034224080073474,-0.17311737829761153,0.0,,1.10833703615998,1.10833703615998,-0.20491462815263262,0,0.22682039579315605,1.2173422983754956,735471,199936,1,0,1.1101066051813746,1.1098540800533025,0.00022747826820723738,0.6073694116766426,0.5551725166489901,0.601772385592483,0.5464387493092361,0.664005285633377,0.6653318177620766,7.854058166994946,0.21552191700902767,12.213436291989638,12.321198125500814
free,30.0,0.0007393215095946545,0.05,1.1999999999999993,1.0,0.08,2.0,735471,0 2 6 8 10 12 16 18,0 1 2 3 6 7 8 9,24.426911607870153,24.450428808198282,12.365809280714075,12.370458649578723,0.9746164875383998,23.497616014956897,0.8994943260052133,0.0395485053599367,0.0395485053599367,24.45042880819829,24.232782084146645,0.19412952372350745,1,0.0009627578265178904,1.0009627578265174,38,38,0,1,999.586081238821,999.1387258573997,0.000447540626883125,0.5991956351670245,0.047698303330405124,0.6013536851785745,0.02385548989007042,0.02385548989007042,0.02387824450432532,0.17968795797787607,0.3038234160048887,4.062870583991753,4.214783000003081
free,30.0,0.0007393215095946545,0.05,2.4000000000000004,1.0,0.08,2.0,735471,2 4 5 9 12 13 15 20,0 6 9 11 14 17 20 22,103.548283114711,103.71151016153183,94.78464911133912,96.24219185348674,0.07591360005959347,94.78464911133912,-0.015144529795897643,0.09245836837015298,0.09245836837015298,103.7115101615319,103.50281675973076,0.04546635498023477,1,0.001576337549122675,1.001576337549122,61,61,0,1,999.5573305981627,998.6208428092202,0.0009369025270237197,0.607029011052709,0.005567985081851362,0.5973533611633095,0.005020438041036948,0.005020438041036945,0.005029275493764038,0.1620620829926338,0.17233329199370928,4.737723083002493,4.823890521001886
free,30.0,0.0007393215095946545,0.05,3.5999999999999996,1.0,0.08,2.0,735471,0 3 7 10 14 15 16 17,4 5 9 12 14 17 21 22,313.5283423614859,313.92347058094754,287.4143359028096,287.77744462406633,0.08948198762088122,309.78133795865955,0.07646149392749546,0.012095642776668525,0.012095642776668525,317.45929757397937,317.45929757397937,-3.9309552124934726,0,0.012537798601828687,1.0012602631598966,10,10,0,1,999.5248941007806,996.7503291063981,0.002775883833167181,0.5985873019782828,0.0013407139940920158,0.5970951007563444,0.0011627188177862795,0.0011627188177862795,0.0011650292938883307,0.17795874999137595,0.2057799170142971,4.616507500002626,4.719398249522783
free,30.0,0.0007393215095946545,0.05,4.799999999999999,1.0,0.08,2.0,735471,0 2 4 6 8 10 14 15,0 1 2 4 8 10 11 12,579.7505269350485,580.16402371093,529.4638887751452,529.7552887258586,0.09437421253393419,557.9469539790472,0.05321639227235231,0.039078218458775016,0.039078218458775016,580.16402371093,579.8660055425635,-0.11547860751500139,0,0.0007132322553764503,1.0007132322553765,89,89,0,1,999.6644881371178,999.0703674711147,0.0005943200674360938,0.600027918246915,0.0003933296050172878,0.6006631554220289,0.0002960118286912656,0.00029450354356093394,0.0002967103538891229,0.20429412499652244,0.20049058299628086,4.797094500012463,4.897340541516314
free,30.0,0.0007393215095946545,0.05,6.0,1.0,0.08,2.0,735471,2 5 6 9 10 11 12 16,0 2 3 4 5 6 12 19,721.643825847961,721.8583348671748,695.8977533183706,696.06978229468,0.036740631763920284,710.2251421017868,0.020336121703835364,0.016077554946003048,0.016077554946003048,721.858334867175,721.2812784777942,0.3625473701667943,1,0.00029725054317752964,1.0002972505431773,79,79,0,1,999.8834300172488,999.4712431236682,0.00041223494780140424,0.5994515891545604,0.00012187316427610919,0.6003674157008768,9.237549617774151e-05,9.237549617774151e-05,9.258311884263427e-05,0.25141004199394956,0.2510742499725893,4.897388040990336,5.022926040983293
free,30.0,0.0007393215095946545,0.05,-6.0,2.0,0.08,2.0,735471,0 1 5 7 9 11 12 13,0 1 3 4 12 15 17 23,217.95146722502986,222.96131042257142,203.6079137423572,210.33640187682434,0.036204219907997715,217.95146722502986,0.036204219907997715,0.0,0.0,232.5469263234184,232.5469263234184,-14.595459098388545,0,0.06696655583106992,1.0229860494234206,401,401,0,1,999.8622695162393,996.9882308901653,0.0028744345233314705,0.6181923182143255,0.002199743306092108,0.609741440986748,0.001995419508168134,0.0018350872734255882,0.0020075110851780404,0.28289791601127945,0.26067216700175777,5.220213041990064,5.35055008350173
free,30.0,0.0007393215095946545,0.05,-4.8,2.0,0.08,2.0,735471,4 8 10 11 12 13 14 16,2 5 6 15 16 19 22 23,108.93329857108576,112.41226164434784,90.02507304522241,92.73330968201691,0.174694389153355,108.93329857108576,0.174694389153355,0.0,0.0,116.52445018428672,116.52445018428672,-7.591151613200964,0,0.06968623655738537,1.0319366357109974,71,71,0,1,999.7685217734605,998.2486585989036,0.0015202150712455564,0.6155221994314451,0.00589823086012098,0.6069254673527371,0.004659782275657351,0.0043807370944923775,0.004737401629126979,0.191419084003428,0.27681704200222157,4.835708875005366,4.974118229016312
free,30.0,0.0007393215095946545,0.05,-3.6,2.0,0.08,2.0,735471,3 4 6 7 8 9 11 12,7 9 10 14 20 21 22 23,34.57760170586465,34.59710167695373,22.71207849531823,22.723003526133,0.5217003186263673,34.141097645410525,0.5024905315068029,0.012785296623666342,0.012785296623666342,34.59710167695372,34.40357760349266,0.17402410237199462,1,0.0005639480509651573,1.0005639480509652,9,9,0,1,1000.100295932083,866.6962981492344,0.1333906192463602,0.6001661556126932,0.025672950746687895,0.5955290844017346,0.016473943635052887,0.01647394363505289,0.016482853283362044,0.22528566600522026,0.2626247080042958,4.002295999991475,4.13360885399743
free,30.0,0.0007393215095946545,0.05,-2.4000000000000004,2.0,0.08,2.0,735471,1 3 5 7 10 14 19 20,15 16 17 18 19 20 21 22,22.52851672232199,23.232876182083505,15.56321027335041,15.683546985577502,0.4364427092314691,22.52851672232199,0.4364427092314691,0.0,0.0,23.452902807872686,23.23447749207361,-0.7059607697516199,0,0.04103182188798016,1.031265239005443,12,12,0,1,999.3685942901542,998.1286774169535,0.0012407002584281512,0.5986683346447258,0.037432422114169646,0.607280655913715,0.025399528073825912,0.024592366467722525,0.025630250497546078,0.34851433301810175,0.2890558330109343,4.475038582982961,4.619567582500167
free,30.0,0.0007393215095946545,0.05,-1.2000000000000002,2.0,0.08,2.0,735471,0 2 4 6 7 10 12 18,4 8 9 10 16 19 20 21,12.667943294899581,12.953549925664586,10.133739941553827,10.448467964574297,0.21242112603019425,12.140251682932629,0.1619169168240122,0.043466282722030236,0.043466282722030236,13.197978704268548,13.197978704268548,-0.530035409368967,0,0.04184068376611472,1.0225456196097749,151,132,0,1,999.5314618782193,986.0648631324536,0.013472911318329617,0.6177955497906751,0.058388538372382406,0.6069054104834863,0.04611311770330697,0.04507241124635511,0.04638022779723749,0.2889308329904452,0.20064908399945125,5.198297958006151,5.298623124981532
free,30.0,0.0007393215095946545,0.05,0.0,2.0,0.08,2.0,735471,0 1 10 11 12 13 14 23,0 1 2 3 4 5 6 7,1.1737096109338903,1.401999081578396,1.1676959504969067,1.3741980768005129,-0.14589488171414955,1.1737096109338903,-0.14589488171414955,0.0,,1.4365303749136307,1.4365303749136307,-0.2628207639797404,0,0.22392315912844984,1.1945025145213404,735471,199936,1,0,1.4465732108511427,1.4436323730858642,0.002032968496318288,0.6073694116766426,0.4412416577468711,0.601772385592483,0.4284852004601321,0.5099102369800735,0.511945917615455,7.159430917003192,0.22964633299852721,11.184168999985559,11.298993083488313
free,30.0,0.0007393215095946545,0.05,1.1999999999999993,2.0,0.08,2.0,735471,2 3 4 5 7 8 10 19,0 1 2 5 12 13 17 20,28.977799907407334,29.000074857049032,24.088024975978144,24.561937551911633,0.17978477252304637,26.879912142173517,0.09437262778487421,0.07804667493471129,0.07804667493471129,29.11201487947695,29.11201487947695,-0.1342149720696142,0,0.004631648106428798,1.0007686901598076,78,78,0,1,999.6901198500841,984.4286476617648,0.01526620288155689,0.6000900958681824,0.023692386884740787,0.5991181864661532,0.019919872972468066,0.019824426519086724,0.019934847428635806,0.23517908400390297,0.1944135830271989,4.306860917015001,4.40406833353336
free,30.0,0.0007393215095946545,0.05,2.4000000000000004,2.0,0.08,2.0,735471,3 5 6 7 11 12 17 18,0 1 2 3 4 5 7 19,88.97492602043812,89.06666644265705,86.2269437296346,87.57210609678098,0.01601902690460366,86.2269437296346,-0.015360625969869535,0.03186918348190382,0.03186918348190382,90.10591619889844,90.10591619889844,-1.1309901784603227,0,0.012711335980212235,1.0010310817476584,74,74,0,1,999.6574437758113,913.8035129759256,0.085883350676214,0.6074513522118345,0.006197263429227133,0.6008833105174528,0.006007122861985298,0.006007122861985298,0.006013752911486801,0.21374704100890085,0.22587937497883104,4.138476082996931,4.251416770493961
free,30.0,0.0007393215095946545,0.05,3.5999999999999996,2.0,0.08,2.0,735471,4 5 7 8 9 10 12 13,0 1 3 4 19 20 22 23,191.01750735205417,191.2053685811798,154.14558277767708,154.21484012459283,0.2386454325519376,187.84765417321685,0.21809064563080627,0.016874595494891675,0.016874595494891675,191.2053685811798,190.55908155355297,0.4584257985011959,1,0.0009834764976772714,1.0009834764976773,8,8,0,1,1000.0396959926215,997.6525242538777,0.002387076981353653,0.5997196246088629,0.0031495365544174665,0.5973289380912836,0.002384696097879983,0.002384696097879983,0.002387604551858318,0.12112787499791011,0.2028791249904316,4.026257083984092,4.1276975624932675
free,30.0,0.0007393215095946545,0.05,4.799999999999999,2.0,0.08,2.0,735471,4 6 7 8 12 13 14 16,0 2 3 5 9 10 15 17,488.0392125930703,488.40698105369125,425.9969430240762,426.24946379582065,0.14496146985617742,480.6334942065145,0.12758732861830557,0.01540824448529543,0.01540824448529543,490.47955229745673,490.47955229745673,-2.4403397043864175,0,0.005000294323524335,1.0007535633431315,20,20,0,1,999.925603089448,998.5608742725127,0.0013648303560972463,0.5989235042491694,0.0006657793881652123,0.5998372240545308,0.0004888288799850346,0.0004888288799850343,0.0004896996031749954,0.204982666997239,0.23413787499885075,4.113345459016273,4.230415271522361
free,30.0,0.0007393215095946545,0.05,6.0,2.0,0.08,2.0,735471,5 6 7 10 11 14 15 16,0 4 10 12 13 14 16 18,679.012059056012,679.267313598091,623.2427445717709,623.3885120536575,0.0892277382833242,679.012059056012,0.0892277382833242,0.0,0.0,681.6771790443025,681.6771790443025,-2.665119988290485,0,0.003924996548655857,1.00037592048429,4,4,0,1,999.850743844623,999.536667879635,0.00031412284975684823,0.5986815679186426,0.00022104519005205264,0.5983088831894336,0.00014149355571473128,0.00014149355571473123,0.0001417855084407895,0.22321391699369997,0.2106954580231104,4.176425082987407,4.281773562004673
free,30.0,0.0007393215095946545,0.05,-6.0,4.0,0.08,2.0,735471,0 1 4 5 7 8 10 13,0 2 6 7 10 14 18 23,138.79385334454267,141.88357440439526,118.67936005268736,122.11262910567126,0.13660523371776856,138.79385334454267,0.13660523371776856,0.0,0.0,145.68858805731475,145.68858805731475,-6.8947347127720775,0,0.04967608108448829,1.022261224005235,79,79,0,1,999.7664606730269,997.1666102752254,0.0026004577069442814,0.616880085475576,0.004312408929701295,0.6080891502836336,0.00354651039756088,0.0033654325896167615,0.0035726640571651443,0.30374337499961257,0.18600983399664983,4.372399459010921,4.465405666996958
free,30.0,0.0007393215095946545,0.05,-4.8,4.0,0.08,2.0,735471,0 4 5 7 8 9 11 12,4 5 13 14 18 19 21 22,79.2503684447004,81.70898552810266,39.78922974176053,39.80329642084564,0.9910503795156946,76.45273701441188,0.9207639539717198,0.036592953235423664,0.036592953235423664,82.69871457597917,82.69871457597917,-3.448346131278768,0,0.04351205172862982,1.0310234151796762,160,132,0,1,999.778405515184,991.7767500146695,0.008003429016244179,0.6003256322699542,0.01434298790323965,0.6099448749137137,0.006725523035610618,0.006471268924803034,0.006783606220565771,0.17725400000927038,0.18462212500162423,4.219949207996251,4.312261604500236
free,30.0,0.0007393215095946545,0.05,-3.6,4.0,0.08,2.0,735471,1 4 5 7 9 12 13 18,2 6 10 11 14 15 17 18,44.82757968565268,46.10285557864626,35.56835586010311,36.77050936147539,0.21911772406989583,44.30903752631465,0.2050156034209687,0.011702853148865433,0.011702853148865433,47.98906886176948,47.98906886176948,-3.1614891761168025,0,0.07052553803453843,1.0284484663668279,451,395,0,1,999.6021090047707,994.5333650610293,0.005070761554102798,0.6182265807774272,0.01607378746041993,0.6127810590035839,0.012552285947523672,0.011786528621075106,0.012599755197933313,0.27379750000545755,0.22731445799581707,4.56665716599673,4.6803149369952735
free,30.0,0.0007393215095946545,0.05,-2.4000000000000004,4.0,0.08,2.0,735471,1 7 8 9 11 12 13 16,0 4 6 10 12 18 21 22,28.307215682151075,29.11734410291063,22.31926829939068,22.354518558704186,0.26628608027566236,27.59318916390809,0.23434504265644862,0.025876911653870405,0.025876911653870405,29.54155346734758,29.54155346734758,-1.2343377851965052,0,0.04360505812568527,1.0286191489073357,162,134,0,1,999.7181474408131,989.4656809880553,0.010255356951359929,0.5990856512459207,0.026059987528204084,0.6095804407648788,0.0201959821571963,0.019466744200552426,0.020372487021200383,0.21397070799139328,0.23511379200499505,4.197532042016974,4.315089688025182
free,30.0,0.0007393215095946545,0.05,-1.2000000000000002,4.0,0.08,2.0,735471,1 5 6 8 9 10 13 16,0 2 4 8 9 18 19 23,21.712159455872964,22.25137862563988,18.32951153203423,18.401741598334024,0.17989698637212936,21.454657982578414,0.16590366558134817,0.012002124364026034,0.012002124364026034,22.629834202387567,22.629834202387567,-0.9176747465146029,0,0.04226547563726468,1.0248348935932792,39,39,0,1,999.8283016399383,991.3863534470391,0.008443397910473771,0.5996055961832657,0.03184485499234852,0.6070997900956241,0.026544371798112285,0.025865154911349254,0.02681121584383056,0.2927857500035316,0.18803437499445863,4.178571791009745,4.272589603511733
free,30.0,0.0007393215095946545,0.05,0.0,4.0,0.08,2.0,735471,0 1 10 11 12 13 14 23,0 1 2 3 4 5 6 7,2.2530558482119667,2.602240844816783,2.241906792754295,2.4984603507954906,-0.09822229218301937,2.2530558482119667,-0.09822229218301937,0.0,,2.744159876828094,2.744159876828094,-0.49110402861612723,0,0.21797241688698898,1.1549828411408136,735471,199936,1,0,2.8192081012877184,2.7884299079132426,0.01091731871812418,0.6073694116766426,0.24235815709688427,0.601772385592483,0.23051228872898502,0.2614097973660987,0.26633954074877164,7.0798628340126015,0.1843386249965988,11.090837583993562,11.183008229505504
free,30.0,0.0007393215095946545,0.05,1.1999999999999993,4.0,0.08,2.0,735471,6 8 9 10 11 13 16 19,1 5 6 7 11 15 16 21,40.255605273634906,40.47803835575626,31.996664336027877,32.006141791400786,0.25774626432638414,39.40227183879612,0.2310847116656365,0.02165696024660635,0.02165696024660635,40.85519719258331,40.85519719258331,-0.5995919189484056,0,0.014894619392075148,1.005525518262845,19,19,0,1,999.7988508929091,996.4471369165434,0.003352388306280041,0.5981664343629413,0.01794979254424775,0.5985517198552975,0.014047751781722075,0.013949909343274416,0.014128804783125438,0.18725454100058414,0.19174425001256168,4.205797458009329,4.301670542015927
free,30.0,0.0007393215095946545,0.05,2.4000000000000004,4.0,0.08,2.0,735471,6 7 8 10 11 12 13 15,0 2 6 8 11 14 22 23,82.73879831795453,82.98225743071589,67.37717545562626,67.41323410676301,0.227337620190722,80.8628905216655,0.19951062418400123,0.023198624043576865,0.023198624043576865,82.98225743071583,82.87449795020734,-0.135699632252809,0,0.0029425024016631607,1.0029425024016638,11,11,0,1,999.9131607881908,971.0632705561815,0.028852395751315152,0.5988909484843468,0.00814455650663992,0.5980317328248997,0.006467420646392274,0.00648095605403696,0.006488325993844273,0.1870050839788746,0.21331424999516457,4.163256208004896,4.269913791009458
free,30.0,0.0007393215095946545,0.05,3.5999999999999996,4.0,0.08,2.0,735471,3 4 5 6 11 15 17 19,0 4 7 8 10 11 19 23,193.53830263397145,193.7334509019554,162.0831543446743,162.20405027252528,0.1931779897530319,192.73080878197217,0.18819973026664694,0.004189749719323732,0.004189749719323732,195.5890528909468,195.5890528909468,-2.050750256975334,0,0.010596095083327262,1.001008318587732,2,2,0,1,999.4882608048388,999.0649651439115,0.0004235123888162162,0.5987165755560873,0.0029518105832856433,0.5984345545679582,0.002349636808041539,0.002349636808041538,0.0023526225331547412,0.18915608400129713,0.16015350000816397,4.078374625009019,4.158452332994784
free,30.0,0.0007393215095946545,0.05,4.799999999999999,4.0,0.08,2.0,735471,1 2 3 4 8 11 15 18,0 1 5 8 10 13 19 20,365.70008613594655,365.9620726062063,334.2919772618812,334.5139881558841,0.09322808338146293,337.83252120399817,0.009920461223187127,0.08248929035201069,0.08248929035201069,365.9620726062064,363.33618488115405,2.363901254792495,1,0.0007163970701458133,1.0007163970701454,155,128,0,1,999.5303044620077,998.8923054568126,0.000638298811298732,0.5997589217236525,0.0010536047743853263,0.5987970363630123,0.0008969055237114668,0.0008969055237114668,0.000898008182587752,0.1660267080005724,0.2184367919981014,3.964794458996039,4.074013813005877
free,30.0,0.0007393215095946545,0.05,6.0,4.0,0.08,2.0,735471,0 2 5 7 8 9 10 14,0 4 12 13 16 20 22 23,539.9875188473819,540.276923921022,519.3267983690189,519.6797156044381,0.03907753686195714,519.3267983690189,-0.0006791052735409808,0.03978365942841666,0.03978365942841666,541.261229221412,541.261229221412,-1.2737103740300881,0,0.002358777433872694,1.0005359477090467,88,88,0,1,999.7301166511822,998.5393487849277,0.0011910893214293061,0.600331943367653,0.0004158745185385748,0.5964617144919085,0.0003646710691798179,0.0003646710691798178,0.00036518697366220466,0.15107658397755586,0.21539520798251033,3.998417333001271,4.106115561968181
