control,snr_db,sigma2,eps_over_lambda,xP,yP,alpha_db_m,q,family_size,S_nom,S_hat,L_hat,U_hat,L_nom,U_nom,Gamma,swap_L,swap_Gamma,incumbent_improvement,selection_gap,U_star,rival_U,margin,unique,global_gap,bracket_hat,survivors,n_eval,capped,exact,nom_slnr_nom,nom_slnr_hat,nominal_sacrifice,GD_nom_wit,IP_nom_wit,GD_hat_wit,IP_hat_wit,F_end,Ibar_hat,gcs_seconds,setup_seconds,case_seconds,case_seconds_amortized
endpoints,20.0,0.0008895707312287448,0.03,0.0,0.0,1.0,2.0,74613,0 1 2 3 4 5 6 23,0 1 2 3 4 5 6 23,0.9204455874310866,0.9894511634970193,0.9204455874310866,0.9894511634970193,-0.06974126527078528,0.9204455874310866,-0.06974126527078528,0.0,0.0,0.9894511634970193,0.9894488355884687,-0.06900324815738212,0,0.07496975052976618,1.0749697505297662,74613,74613,0,1,0.9901855636403467,0.9901855636403467,0.0,0.08343922998318162,0.08343922998318162,0.08343922998318162,0.08343922998318162,0.08794951725211395,0.08975555303115133,1.1324898329912685,0.1151732090220321,1.40086891700048,1.4584557715133997
endpoints,20.0,0.0008895707312287448,0.03,-6.0,1.0,1.0,2.0,74613,0 1 2 3 4 9 10 23,0 1 2 4 11 14 15 23,86.15391144533716,86.17272330807762,85.62441870211882,85.809904170438,0.0040089460328014415,86.15391144533716,0.0040089460328014415,0.0,0.0,86.18890614731752,86.18890614731752,-0.03499470198036647,0,0.0004061881973005388,1.00021835181276,2,2,0,1,100.70981719315351,100.34228894209791,0.003649378593853614,0.0832879467871225,8.103921866344577e-05,0.0829342047057207,7.284755523089467e-05,6.704970684037466e-05,7.298595699115642e-05,0.09018924998235889,0.11749437500839122,0.39419308298965916,0.452940770497662
endpoints,20.0,0.0008895707312287448,0.03,-4.8,1.0,1.0,2.0,74613,0 1 2 5 6 10 11 23,0 1 2 5 8 9 20 23,77.32758434532295,77.90566370904556,70.7458658866026,70.76149649914751,0.09279181717495955,77.32758434532295,0.09279181717495955,0.0,0.0,77.90566370904556,77.41149725660522,-0.08391291128226896,0,0.00747571993379581,1.0074757199337958,4,4,0,1,100.56764744284573,100.35847796037541,0.0020798883914351363,0.0831768415640425,0.0002858826675704815,0.08336052213728937,0.00018044803465477397,0.00018044803465477397,0.00018325730273295525,0.09970404201885685,0.10948762501357123,0.4211610830097925,0.47590514551848173
endpoints,20.0,0.0008895707312287448,0.03,-3.6,1.0,1.0,2.0,74613,0 1 2 3 5 6 14 23,0 1 4 5 7 10 12 23,58.20955946721204,58.39894553678547,49.67397073955267,49.69295433076021,0.17138456047037653,55.58274577532246,0.1185236724981038,0.04725951651449045,0.04725951651449045,58.39894553678547,57.70422929329153,0.5053301739205054,1,0.003253521780732793,1.0032535217807328,27,27,0,1,100.65149845839538,100.32702963533053,0.0032236859662746475,0.08324544780607808,0.000785625459603256,0.08310382010502741,0.0005334655811765939,0.0005334655811765939,0.0005379896363593662,0.08142266698996536,0.1128560840152204,0.4466508750047069,0.5030793329933658
endpoints,20.0,0.0008895707312287448,0.03,-2.4000000000000004,1.0,1.0,2.0,74613,0 1 4 5 8 9 17 23,0 1 3 7 16 18 22 23,36.4570652580087,36.66827633509383,33.91466139723755,33.93545966037172,0.07430592138351355,34.95867665493523,0.03015185310008861,0.04286170834964742,0.04286170834964742,36.66827633509382,36.471452861148215,-0.014387603139518035,0,0.005793419618128182,1.0057934196181284,43,43,0,1,100.36793787762932,99.84351780212963,0.005224976088868849,0.0829982778848583,0.0015561977574114697,0.08291994911768553,0.001371783152982223,0.0013535924329907373,0.0013735801109912322,0.08213670799159445,0.10575149999931455,0.37409108300926164,0.42696700000669807
endpoints,20.0,0.0008895707312287448,0.03,-1.2000000000000002,1.0,1.0,2.0,74613,0 1 2 4 6 7 21 23,0 6 7 13 20 21 22 23,22.047849895741304,22.062975009809065,18.660868037006466,18.67152792539333,0.18082729939611242,22.047849895741304,0.18082729939611242,0.0,0.0,22.062975009809065,21.749136048088673,0.29871384765263187,1,0.0006860131096357858,1.0006860131096358,1,1,0,1,100.4631948550257,99.32399650808979,0.011339459675554275,0.08303543236776566,0.0035575978507723684,0.0820803978396055,0.002830707146215845,0.002830707146215845,0.002832948798923738,0.08757495798636228,0.11147533298935741,0.3721408330020495,0.42787879149545915
endpoints,20.0,0.0008895707312287448,0.03,0.0,1.0,1.0,2.0,74613,0 1 9 10 11 12 13 23,0 1 2 3 4 5 6 23,1.021433648403174,1.092806662409206,1.020256197339696,1.0885133038768515,-0.061625021242061484,1.021433648403174,-0.061625021242061484,0.0,0.0,1.0944461260143064,1.0944461260143064,-0.07301247761113228,0,0.07148039202083667,1.0698753307350024,74613,74613,0,1,1.099145252614501,1.0989365120452226,0.0001899117234794856,0.08318337916097415,0.07552968741169705,0.08343954611814892,0.07546386761091839,0.07915863491477754,0.08079356582850887,1.9404700419981964,0.09308074999717064,2.2521520840236917,2.298693250006181
endpoints,20.0,0.0008895707312287448,0.03,1.1999999999999993,1.0,1.0,2.0,74613,0 2 3 5 6 8 21 23,0 2 3 13 17 18 20 23,40.15507948205365,40.17020118028139,37.49395692117584,37.50793959621709,0.07057545453932468,39.83572949167848,0.06206125744364166,0.008016672330348085,0.008016672330348085,40.17020118028141,40.059256307499,0.09582317455465272,1,0.0003765824504100568,1.0003765824504094,4,4,0,1,100.34115401099758,99.4179635853376,0.009200516326120733,0.08296496408257777,0.0013223599953245556,0.08240404896849328,0.001161801842153922,0.0011618018421539215,0.0011624129937333084,0.09040349998394959,0.1158126660156995,0.36878908399376087,0.42669579200446606
endpoints,20.0,0.0008895707312287448,0.03,2.4000000000000004,1.0,1.0,2.0,74613,0 1 2 4 5 10 20 23,0 3 7 9 10 18 20 23,73.89229005882895,73.91764377320567,72.5372271161735,72.56311557685127,0.01831749465842525,72.5372271161735,-0.0003567716252530495,0.01868093110983171,0.01868093110983171,73.99416960254129,73.99416960254129,-0.10187954371234298,0,0.0013787574269417124,1.000343117182544,8,8,0,1,100.38912854287788,99.9426020643632,0.004447956516765328,0.08301880512007932,0.00025452023647721693,0.08254045574060866,0.00022708358196689115,0.00022708358196689107,0.00022738764962887818,0.06570875001489185,0.1033693749923259,0.3589347090164665,0.41061997949145734
endpoints,20.0,0.0008895707312287448,0.03,3.5999999999999996,1.0,1.0,2.0,74613,0 1 2 3 5 6 22 23,0 1 6 9 13 16 20 23,87.24825509355264,87.26263511773985,83.21059563975285,83.2203707592857,0.048400220973751296,86.85881451984923,0.04372059061221556,0.004483604523688456,0.004483604523688456,87.51141173780884,87.51141173780884,-0.263156644256199,0,0.0030161823176180214,1.0001648173269688,6,6,0,1,100.47065206971448,99.98793071079247,0.00480460063688104,0.08306642951885886,0.00010857946638486441,0.08257669856711426,5.673003605494953e-05,5.673003605494955e-05,5.68130730243073e-05,0.050045540992869064,0.11317091700038873,0.32210116702481173,0.3786871254997095
endpoints,20.0,0.0008895707312287448,0.03,4.799999999999999,1.0,1.0,2.0,74613,0 3 4 5 6 7 8 23,0 3 4 5 6 7 8 23,91.96473043793021,91.9729966019513,91.96473043793021,91.9729966019513,-8.98759888933176e-05,91.96473043793021,-8.98759888933176e-05,0.0,0.0,91.9729966019513,91.85475425057706,0.10997618735315484,1,8.988406731269549e-05,1.0000898840673127,1,1,0,1,100.66598163302692,100.66598163302692,0.0,0.08322476058034134,1.5311828383058224e-05,0.08322476058034134,1.5311828383058224e-05,1.3444245605602715e-05,1.533245952899413e-05,0.06375187501544133,0.09800312499282882,0.3331797079881653,0.38218164548743516
endpoints,20.0,0.0008895707312287448,0.03,6.0,1.0,1.0,2.0,74613,0 1 3 4 7 8 9 23,0 1 3 4 7 8 9 23,93.01213246383647,93.01902973186218,93.01213246383647,93.01902973186218,-7.414899989377499e-05,93.01213246383647,-7.414899989377499e-05,0.0,0.0,93.01902973186218,92.83704073326305,0.17509173057341343,1,7.415449837577803e-05,1.0000741544983758,1,1,0,1,100.66074574045373,100.66074574045373,0.0,0.08323752719327283,5.273339207319587e-06,0.08323752719327283,5.273339207319587e-06,4.6841135041958565e-06,5.27800744185736e-06,0.06534966599429026,0.10510300000896677,0.35186212498228997,0.4044137079908978
endpoints,20.0,0.0008895707312287448,0.03,-6.0,2.0,1.0,2.0,74613,0 1 2 3 4 5 7 23,0 1 3 4 12 15 17 23,84.10885178768144,84.12677540774253,83.22085942070349,83.34813371930963,0.009126995823729889,84.10885178768144,0.009126995823729889,0.0,0.0,84.12677540774249,84.12391768711306,-0.015065899431618845,0,0.00021310028231380507,1.0002131002823142,2,2,0,1,100.6754169352998,100.2391389794293,0.004333510296270937,0.08342093556253125,0.00011130273575813215,0.08283201277510685,9.503865589728895e-05,9.503865589728895e-05,9.51767260100333e-05,0.053054916992550716,0.11467637500027195,0.340568459010683,0.3979068544867914
endpoints,20.0,0.0008895707312287448,0.03,-4.8,2.0,1.0,2.0,74613,0 1 4 5 6 7 13 23,0 6 7 10 11 17 22 23,73.47977911815269,73.49695042039818,66.63105832699607,66.64416441531644,0.10256884099015373,73.04190410787115,0.09599849812333083,0.005994846597028314,0.005994846597028314,73.59281200633842,73.59281200633842,-0.1130328881857281,0,0.0015382856282675217,1.000233687450501,14,14,0,1,100.55459138641466,99.82875948076851,0.007218287058190054,0.08315958823496472,0.0003582442719983443,0.08242381559334928,0.00023188825614270356,0.0002308736538008031,0.00023206438906902727,0.07147204098873772,0.1183577920019161,0.381906666996656,0.44108627100649755
endpoints,20.0,0.0008895707312287448,0.03,-3.6,2.0,1.0,2.0,74613,0 1 3 4 5 6 22 23,0 5 8 9 20 21 22 23,47.871865489866316,47.886288235228676,45.38823708012539,45.403294056888086,0.054369875231634834,47.82102562470495,0.053250135657284314,0.0010631278709987146,0.0010631278709987146,47.886288235228704,47.83513467959012,0.036730810276196735,1,0.00030127811429125906,1.0003012781142906,3,3,0,1,100.14241411749803,97.74157414508882,0.023974256997562393,0.08303179146459984,0.0009391906656990882,0.08215940598900577,0.000826148089687579,0.0008247973150504148,0.0008265271335326172,0.09542399999918416,0.10441220799111761,0.4122853749722708,0.46449172896973323
endpoints,20.0,0.0008895707312287448,0.03,-2.4000000000000004,2.0,1.0,2.0,74613,0 1 2 5 6 9 11 23,0 14 16 17 19 20 21 23,38.50870312449302,38.52933722362461,26.51542354526951,26.52524692342133,0.45177548151269065,38.50870312449302,0.45177548151269065,0.0,0.0,38.52933722362463,38.433775042108195,0.0749280823848224,1,0.0005358294997601654,1.0005358294997597,1,1,0,1,100.40165065516307,98.972740703502,0.014231936849014248,0.08319681636528374,0.002246943571747353,0.08172632037037272,0.001231574511837142,0.0012315745118371408,0.0012325319327648955,0.09705429201130755,0.1207236250047572,0.3869907909829635,0.4473528954840731
endpoints,20.0,0.0008895707312287448,0.03,-1.2000000000000002,2.0,1.0,2.0,74613,0 2 3 5 7 10 12 23,0 1 6 8 12 20 21 23,26.57208079194345,26.756690254788943,19.691297367569177,19.700441612830716,0.34880635237320257,25.323897710844747,0.28544822540178627,0.049288742805345453,0.049288742805345453,26.89614924781997,26.89614924781997,-0.324068455876521,0,0.012195825325609366,1.006947497423742,20,20,0,1,100.4076965333349,99.57519932864574,0.00829116923733808,0.08310464162456084,0.003328844432136708,0.08289559828228821,0.0022085552885786363,0.0021608074363475586,0.002215108916057469,0.09832516699680127,0.13336912498925813,0.4048277919937391,0.4715129794931272
endpoints,20.0,0.0008895707312287448,0.03,0.0,2.0,1.0,2.0,74613,0 1 10 11 12 13 14 23,0 1 2 3 4 5 6 23,1.3230844007786426,1.4013892422032463,1.3214987608570363,1.3853055818658269,-0.044915130568795036,1.3230844007786426,-0.044915130568795036,0.0,0.0,1.407967792636041,1.407967792636041,-0.08488339185739835,0,0.06415568939324201,1.059183557283663,74613,74613,0,1,1.428011228120147,1.4248605865999708,0.002206314248889729,0.08308408296186139,0.05908570407417405,0.08343954611814892,0.05865102199300705,0.06084091262805668,0.06217058184870203,1.8796832080115564,0.1037558339885436,2.1228803750127554,2.1747588329890277
endpoints,20.0,0.0008895707312287448,0.03,1.1999999999999993,2.0,1.0,2.0,74613,0 1 2 3 5 12 21 23,0 2 6 12 15 17 22 23,44.74923049751652,44.98386610606938,33.724383483450765,33.730663708855396,0.3266632072160618,42.49517439980034,0.25983807394350134,0.053042636712340885,0.053042636712340885,44.983866106069364,44.07963459837272,0.6695958991438005,1,0.005243343984783433,1.0052433439847839,6,6,0,1,100.23733215537692,99.62629460404436,0.00609590796356585,0.08297330139067578,0.001570306788729233,0.08279952127830727,0.0009510785602988163,0.0009510785602988166,0.0009514376853842338,0.10266049997881055,0.09470337501261383,0.40311245899647474,0.450464687513886
endpoints,20.0,0.0008895707312287448,0.03,2.4000000000000004,2.0,1.0,2.0,74613,0 3 4 5 6 9 12 23,0 2 3 11 12 14 17 23,71.13712113426763,71.15556416297062,66.15432815470032,66.17254934468171,0.07502464146766208,69.92551911677054,0.05671490382726896,0.017327036435350607,0.017327036435350607,71.15556416297062,70.51492595014643,0.6221951841211961,1,0.000259260262559291,1.0002592602625593,4,4,0,1,100.38406240605052,99.81257962666203,0.005692963262204476,0.08310792172271615,0.00036635672729821804,0.08270427241004487,0.0002727315199434017,0.0002727315199434017,0.00027294885127279907,0.08869179198518395,0.112597375002224,0.36358079200726934,0.41988031251821667
endpoints,20.0,0.0008895707312287448,0.03,3.5999999999999996,2.0,1.0,2.0,74613,0 1 2 3 5 8 20 23,0 1 2 3 11 14 22 23,82.969175510458,82.9810512183597,82.67408321265536,82.68607534525891,0.003423794925771828,82.67408321265536,-0.00014503206922666934,0.003569344664440921,0.003569344664440921,82.9810512183597,82.87975882066883,0.08941668978917505,1,0.00014313397510146153,1.0001431339751015,12,12,0,1,100.49742118856697,100.07664828570603,0.0041869024884870765,0.08307551983895484,0.00011513918506695282,0.08279429240897535,0.00010817864882076894,0.0001056209438731866,0.00010824624796257737,0.07615375000750646,0.10285195900360122,0.3540493329928722,0.40547589550260454
endpoints,20.0,0.0008895707312287448,0.03,4.799999999999999,2.0,1.0,2.0,74613,0 1 2 4 5 6 10 23,0 1 2 5 6 10 13 23,90.87281808427421,90.88253692203014,90.69049336056347,90.69935954739869,0.0019124560277063996,90.87281808427421,0.0019124560277063996,0.0,0.0,90.88253692203011,90.84972742341438,0.02309066085983602,1,0.0001069498884351816,1.0001069498884354,1,1,0,1,100.7157454768543,100.57384923683662,0.0014088784166352841,0.08330920547912686,2.8949596752074093e-05,0.08313662300552262,2.519932054530629e-05,2.221945384002268e-05,2.522772003688054e-05,0.114805332996184,0.09872800001176074,0.3920659580035135,0.4414300830103457
endpoints,20.0,0.0008895707312287448,0.03,6.0,2.0,1.0,2.0,74613,0 2 3 4 5 6 9 23,0 2 3 4 5 6 9 23,92.80140259167877,92.80905318297528,92.80140259167877,92.80905318297528,-8.243367466997942e-05,92.80140259167877,-8.243367466997942e-05,0.0,0.0,92.80905318297528,92.6987709844507,0.1026316072280622,1,8.244047054084547e-05,1.0000824404705408,1,1,0,1,100.73182610587139,100.73182610587139,0.0,0.08329537390325344,7.921173349083473e-06,0.08329537390325344,7.921173349083473e-06,6.375347995418979e-06,7.930100014941364e-06,0.10952466700109653,0.11004716600291431,0.4053096249990631,0.4603341660113074
endpoints,20.0,0.0008895707312287448,0.03,-6.0,4.0,1.0,2.0,74613,0 1 2 5 6 7 12 23,0 2 6 7 10 14 18 23,78.18046894986617,78.19445885410845,77.23752309110833,77.25030763142148,0.012040875265930229,77.3890931083992,0.001796568599310877,0.010225935072769143,0.010225935072769143,78.22245624515338,78.22245624515338,-0.04198729528721401,0,0.0005370560684938575,1.0001789437237996,10,10,0,1,100.63532522123343,100.15501168598962,0.004772812471047327,0.08321429339046793,0.00018763266047167363,0.0827469413302039,0.0001686492826035556,0.00016561446429877008,0.0001687537152201615,0.09228220902150497,0.12521150000975467,0.3361265420098789,0.39873254201665986
endpoints,20.0,0.0008895707312287448,0.03,-4.8,4.0,1.0,2.0,74613,0 1 2 3 4 9 22 23,0 11 15 16 19 20 22 23,67.12522503780403,67.52820097853578,53.281648455442635,53.29075490789421,0.2596035682703466,67.12522503780403,0.2596035682703466,0.0,0.0,67.5282009785358,67.14001809760506,-0.014793059801036179,0,0.006003345843605512,1.006003345843605,2,2,0,1,100.16316060728545,99.06478056994425,0.010965908330785146,0.08302749773810303,0.0006684386811281398,0.0818074419809727,0.0003218852352492554,0.0003218852352492553,0.00032905611526298946,0.07683312500012107,0.11510399999679066,0.38220162500510924,0.4397551250149263
endpoints,20.0,0.0008895707312287448,0.03,-3.6,4.0,1.0,2.0,74613,0 1 2 5 6 7 11 23,0 4 8 9 11 15 17 23,55.62036039641257,56.23999645598246,45.89867340068465,45.91155342819894,0.21146762074599001,54.95086408600705,0.19688531497730044,0.012183544727479623,0.012183544727479623,56.29049142086213,56.00537177060952,-0.3850113741969494,0,0.012048304248182928,1.0111404538761286,7,7,0,1,100.63670871153988,100.0341915386061,0.005987051649918418,0.0832345792113659,0.0009233624630604972,0.08350647538221456,0.0005952528933170506,0.0005853286494480595,0.0005956999830204083,0.0880578750220593,0.12316558399470523,0.3436774160072673,0.4052611670049373
endpoints,20.0,0.0008895707312287448,0.03,-2.4000000000000004,4.0,1.0,2.0,74613,0 1 2 8 9 10 11 23,0 4 5 9 11 15 17 23,44.96320822835906,44.981357257840955,39.27776584237063,39.29063031132605,0.1443748260612101,44.85905351649041,0.1417239469319278,0.00232182143188453,0.00232182143188453,45.52266941538097,45.52266941538097,-0.5594611870219097,0,0.012442643865191227,1.0004036417817368,4,4,0,1,100.37480793538718,100.01674595116278,0.003567249508013015,0.08306512689702265,0.0012245497661733551,0.08267317653361404,0.0009483723984042056,0.000931487272727935,0.0009489737242659196,0.06970870800432749,0.1297299170109909,0.32968020800035447,0.3945456245128298
endpoints,20.0,0.0008895707312287448,0.03,-1.2000000000000002,4.0,1.0,2.0,74613,0 1 2 5 10 15 20 23,0 4 8 9 14 18 19 23,39.01714762713727,39.22031523798914,34.39103499390951,34.401958810044796,0.13415482654856614,39.01714762713727,0.13415482654856614,0.0,0.0,39.22031523798913,39.15517091379986,-0.13802328666258745,0,0.005207136431227832,1.005207136431228,3,3,0,1,100.1251908971303,99.68372054749521,0.0044091835998461,0.08280417413222343,0.0015173902964684923,0.08284619121962984,0.0012227578086342979,0.0012227578086342979,0.001223336543942942,0.09161000000312924,0.12001983300433494,0.33843191602500156,0.3984423745278036
endpoints,20.0,0.0008895707312287448,0.03,0.0,4.0,1.0,2.0,74613,0 1 10 11 12 13 14 23,0 1 2 3 4 5 6 23,2.510322622059463,2.6141735728819344,2.5076680843573596,2.562014776215715,-0.020176368472240025,2.510322622059463,-0.020176368472240025,0.0,0.0,2.6384614272683784,2.6384614272683784,-0.1281388052089154,0,0.05104475579469159,1.0413695633819657,74613,74613,0,1,2.749615904666994,2.7167936612438224,0.01193702850185796,0.08308408296186139,0.03153962668526029,0.08343954611814892,0.031028564691647154,0.031353999548172126,0.03234675652649182,1.9093618329789024,0.11906054097926244,2.181258041993715,2.2407887284934986
endpoints,20.0,0.0008895707312287448,0.03,1.1999999999999993,4.0,1.0,2.0,74613,0 1 2 3 5 8 17 23,0 1 5 10 13 15 21 23,53.32485094805275,53.58414281406567,48.34552216733069,48.350112348088196,0.10288990776587625,53.32485094805275,0.10288990776587625,0.0,0.0,53.584142814065665,52.40969280942818,0.9151581386245695,1,0.00486249584205134,1.0048624958420516,1,1,0,1,100.55197289472241,99.55703654005899,0.009894747223956668,0.08314268115063446,0.0008300257104933184,0.08296698774455458,0.0006587788996022629,0.0006587788996022626,0.0006588142323310101,0.0750742079981137,0.1169718750170432,0.3316938750213012,0.3901805625355337
endpoints,20.0,0.0008895707312287448,0.03,2.4000000000000004,4.0,1.0,2.0,74613,0 1 2 3 8 9 21 23,0 2 6 8 11 14 22 23,69.4452816146881,69.60296824507783,67.55348476645314,67.56485194935989,0.027831477625934742,68.58474743939814,0.01509505994037652,0.012547019671543369,0.012547019671543369,69.60296824507783,69.15453910833232,0.2907425063557838,1,0.0022706601042334906,1.0022706601042335,6,6,0,1,100.39435248803355,99.75577439195746,0.006360697392337911,0.08297758318624787,0.0003385468593853794,0.08261618683146643,0.0002973928267127495,0.00029989531806740195,0.00029999585229722987,0.0783409170107916,0.11742870800662786,0.3499942079943139,0.4087088539963588
endpoints,20.0,0.0008895707312287448,0.03,3.5999999999999996,4.0,1.0,2.0,74613,0 1 2 3 5 9 14 23,0 3 5 6 7 9 14 23,83.2416212060497,83.25309083113544,83.18576353770327,83.28826657538097,-0.0005600473061719846,83.18576353770327,-0.0012307020171314909,0.000671481104108862,0.000671481104108862,83.54318093920442,83.54318093920442,-0.3015597331547184,0,0.0036227037482639,1.0001377871420518,3,3,0,1,100.5906017796646,100.4359756592258,0.001537182576733076,0.08318864942674965,0.00010923321616111767,0.0830113131008038,0.00010752513959217121,0.00010542221802896403,0.00010759491194169439,0.07653979098540731,0.11537033400963992,0.3524369160004426,0.4101227080100216
endpoints,20.0,0.0008895707312287448,0.03,4.799999999999999,4.0,1.0,2.0,74613,0 1 2 3 5 6 20 23,0 3 5 8 12 13 20 23,88.47578190503982,88.48546368296148,86.35225495121317,86.36024278101127,0.024496678748264555,87.79814656235081,0.01665006645460365,0.007718105327061631,0.007718105327061631,88.77343012997278,88.77343012997278,-0.2976482249329564,0,0.003364177388705203,1.0001094285657972,41,41,0,1,100.46266011136157,100.05760743766925,0.0040318728694156425,0.08311298145340465,7.28279232558092e-05,0.08266432606245663,4.4642896883532954e-05,4.464289688353299e-05,4.4673456408590735e-05,0.08990041600191034,0.11478708399226889,0.366096124984324,0.42349045898299664
endpoints,20.0,0.0008895707312287448,0.03,6.0,4.0,1.0,2.0,74613,0 1 2 3 5 8 11 23,0 1 4 5 7 12 13 23,91.44662963259077,91.45479118261781,91.29300914540504,91.30120671505563,0.001592781987964198,91.29300914540504,-8.978599457265535e-05,0.0016827190671420134,0.0016827190671420134,91.45479118261781,91.30120671505564,0.1454229175351287,1,8.924932564302601e-05,1.000089249325643,2,2,0,1,100.70694559687398,100.42636278917198,0.0027861316420534354,0.08326986257552008,2.2463901954135374e-05,0.08304271403860317,1.8448553105770542e-05,1.6255296977256486e-05,1.8465484065149713e-05,0.0848798329825513,0.11461233298177831,0.34839562501292676,0.4057025415095268
endpoints,20.0,0.0008895707312287448,0.05,0.0,0.0,1.0,2.0,74613,0 1 2 3 4 5 6 23,0 1 2 3 4 5 6 23,0.8047704170566298,0.9879543976614547,0.8047704170566298,0.9879543976614547,-0.18541744541897076,0.8047704170566298,-0.18541744541897076,0.0,0.0,0.9879543976614547,0.9879510062121671,-0.18318058915553737,0,0.22762265699925033,1.2276226569992503,74613,74613,0,1,0.9901855636403467,0.9901855636403467,0.0,0.07296067820004871,0.07296067820004871,0.07296067820004871,0.07296067820004871,0.08795271728509471,0.08975934521812233,0.9891414169978816,0.10884449997683987,1.2158033750019968,1.270225832995493
endpoints,20.0,0.0008895707312287448,0.05,-6.0,1.0,1.0,2.0,74613,0 1 2 3 4 9 10 23,0 1 2 4 11 14 15 23,67.53312088067186,68.16701300903583,66.41265987487407,67.32074804970934,0.003154641579527606,67.53312088067186,0.003154641579527606,0.0,0.0,68.28984060535852,68.28984060535852,-0.7567197246866613,0,0.011205164441071114,1.0093863887837202,57,57,0,1,100.70981719315351,100.34228894209791,0.003649378593853614,0.07279241075212438,0.00019170677772547523,0.07240279118919603,0.00017256750826839638,0.00016167581068520342,0.00018238500868201718,0.11586629200610332,0.1327282089914661,0.4409654170158319,0.5073302294913447
endpoints,20.0,0.0008895707312287448,0.05,-4.8,1.0,1.0,2.0,74613,0 1 2 5 6 10 11 23,0 8 11 15 18 19 21 23,52.61983829538248,52.895805003349054,45.781449757894414,45.80283329183367,0.1488336968177082,52.568567285287216,0.1477143116965174,0.0009753168622044228,0.0009753168622044228,55.06929126007939,55.06929126007939,-2.44945296469691,0,0.04654999034673679,1.005244537362837,205,205,0,1,100.56764744284573,99.33433493123572,0.012263511606065203,0.07266820630594345,0.0006969731806497303,0.0714197399537808,0.0004606259421985511,0.0004394645654173047,0.0004675050141692991,0.09238912499858998,0.11721858300734311,0.40933204197790474,0.4679422494955361
endpoints,20.0,0.0008895707312287448,0.05,-3.6,1.0,1.0,2.0,74613,0 1 2 3 5 6 14 23,0 4 5 7 8 14 22 23,31.9147064274117,32.5326167375874,25.644101141411035,25.661236157064696,0.2436932590492289,31.9147064274117,0.2436932590492289,0.0,0.0,33.24371372996336,33.24371372996336,-1.329007302551659,0,0.041642473057817986,1.0193613032781956,14,14,0,1,100.65149845839538,99.73386042286106,0.009116983349369945,0.07274658526884854,0.001945311611289309,0.07212013625505627,0.0013272855652317372,0.0012997945480607172,0.0013698857167427374,0.11290220799855888,0.11093870800687,0.4402890000201296,0.49575897902832367
endpoints,20.0,0.0008895707312287448,0.05,-2.4000000000000004,1.0,1.0,2.0,74613,0 1 4 5 8 9 17 23,0 10 18 19 20 21 22 23,16.104290999507846,16.79641698002068,15.151140360497367,15.169300372450513,0.06163703032444401,15.979621398733743,0.05341848380528358,0.007801786892396745,0.007801786892396745,17.188139177081613,17.13878826635607,-1.0344972668482235,0,0.06730182518478389,1.042977736836349,80,80,0,1,100.36793787762932,98.07459206896738,0.02284938653873747,0.0724721391619142,0.0038879824440998514,0.07332501442266241,0.0034759445158553466,0.0033030270446991407,0.0035186912480235865,0.08011429102043621,0.10220295801991597,0.4336997919890564,0.48480189600377344
endpoints,20.0,0.0008895707312287448,0.05,-1.2000000000000002,1.0,1.0,2.0,74613,0 1 2 4 6 7 21 23,0 6 7 13 20 21 22 23,8.719312775067282,8.728200397102917,7.1734939143091125,7.178343976021152,0.21466912204174782,8.719312775067282,0.21466912204174782,0.0,0.0,8.728200397102922,8.725388712521124,-0.006075937453841718,0,0.0010193030419844984,1.0010193030419838,2,2,0,1,100.4631948550257,99.32399650808979,0.011339459675554275,0.07251846097919043,0.009212823528705609,0.0714710798730579,0.007298953434277438,0.007292005789703544,0.007306013739013566,0.11543366700061597,0.10288095800206065,0.456848625006387,0.5082893950166181
endpoints,20.0,0.0008895707312287448,0.05,0.0,1.0,1.0,2.0,74613,0 1 9 10 11 12 13 23,0 1 2 3 4 5 6 23,0.8930664186114461,1.0872360299618729,0.8900931511958988,1.0798277171828015,-0.17295471823839004,0.8930664186114461,-0.17295471823839004,0.0,0.0,1.0900953324588056,1.0900953324588056,-0.19702891384735954,0,0.2206206724844757,1.2174190041232598,74613,74613,0,1,1.099145252614501,1.0989365120452226,0.0001899117234794856,0.07330024551700427,0.06699185549131695,0.0729610771779592,0.06621736388766702,0.07916322869669135,0.08079703664083761,1.9206515410041902,0.10600374999921769,2.242570208996767,2.2955725840001833
endpoints,20.0,0.0008895707312287448,0.05,1.1999999999999993,1.0,1.0,2.0,74613,0 2 3 5 6 8 21 23,0 1 2 3 14 20 21 23,18.127002646087167,18.136972292933354,16.385969856054007,16.39472053455044,0.1056609722554338,18.127002646087167,0.1056609722554338,0.0,0.0,18.136972292933354,17.96384826193525,0.16315438415191608,1,0.0005499887124658098,1.0005499887124658,1,1,0,1,100.34115401099758,97.76516779479486,0.025672280148585802,0.07243890903992915,0.003528858292143168,0.07207032629424406,0.003084098364705452,0.003084098364705452,0.0030857035664043284,0.09532737502013333,0.10401808400638402,0.3849597079970408,0.4369689579762053
endpoints,20.0,0.0008895707312287448,0.05,2.4000000000000004,1.0,1.0,2.0,74613,0 1 2 4 5 10 20 23,0 3 7 9 10 18 20 23,47.721851600585246,47.75446955898856,46.339676056698686,46.372246538214675,0.029103723953903815,46.339676056698686,-0.0007023701448052311,0.029827043723728464,0.029827043723728464,48.069244372314536,48.069244372314536,-0.3473927717292895,0,0.007279532542803224,1.0006835015262256,9,9,0,1,100.38912854287788,99.9426020643632,0.004447956516765328,0.07249924797160369,0.0006738481967685895,0.07196945056010548,0.0006175018260573423,0.0006175018260573423,0.0006183243061107039,0.06389495797338895,0.10178045902284794,0.3446085409959778,0.39549906250613276
endpoints,20.0,0.0008895707312287448,0.05,3.5999999999999996,1.0,1.0,2.0,74613,0 1 2 3 5 6 22 23,0 1 3 7 12 14 17 23,69.12600732519591,69.44441010811292,61.62310909848171,61.63851481201998,0.12147425251907307,68.15088168842932,0.1056541822311945,0.014308334868280204,0.014308334868280204,69.44441010811292,69.0039076812675,0.12209964392840789,1,0.004606121418514908,1.004606121418515,27,27,0,1,100.47065206971448,100.16471451700788,0.0030450439646227956,0.0725548174212126,0.00028753124214754843,0.07225378027452535,0.00015088421917026836,0.00015142014455475164,0.0001555185463344528,0.07709795798291452,0.08866358399973251,0.3686899170279503,0.413021917003789
endpoints,20.0,0.0008895707312287448,0.05,4.799999999999999,1.0,1.0,2.0,74613,0 3 4 5 6 7 8 23,0 1 3 6 7 9 10 23,78.08722278462646,78.10367927673725,78.05587043595251,78.07091949935354,0.0002088266076212264,78.05587043595251,-0.00019276144686819485,0.00040166548010867054,0.00040166548010867054,78.10367927673725,78.0779446022741,0.009278182352360886,1,0.0002107450044186443,1.0002107450044186,3,3,0,1,100.66598163302692,100.55159999339743,0.0011362491854145507,0.07271888029347792,4.187571207950992e-05,0.07265109861849804,4.061718426087494e-05,3.689996176848884e-05,4.068992676793839e-05,0.06309362497995608,0.10538983400329016,0.3397477499966044,0.3924427089950768
endpoints,20.0,0.0008895707312287448,0.05,6.0,1.0,1.0,2.0,74613,0 1 3 4 7 8 9 23,0 1 3 4 7 8 9 23,80.48747142692213,80.49944066741817,80.48747142692213,80.49944066741817,-0.00014868725045547038,80.48747142692213,-0.00014868725045547038,0.0,0.0,80.49944066741818,80.19785274965622,0.2896186772659064,1,0.0001487093616416857,1.0001487093616417,1,1,0,1,100.66074574045373,100.66074574045373,0.0,0.07273473209105373,1.3972591408189148e-05,0.07273473209105373,1.3972591408189148e-05,1.2264047015212132e-05,1.3987062826789417e-05,0.07493445798172615,0.09928370898705907,0.3823619580070954,0.4320038964942796
endpoints,20.0,0.0008895707312287448,0.05,-6.0,2.0,1.0,2.0,74613,0 1 2 3 4 5 7 23,0 1 3 4 12 15 17 23,63.914549584859095,64.51708153095241,62.769811491630406,63.66670145351034,0.003892900459586901,63.914549584859095,0.003892900459586901,0.0,0.0,64.56846294930794,64.56846294930794,-0.6539133644488473,0,0.010231056444834241,1.0094271484350106,16,16,0,1,100.6754169352998,100.2391389794293,0.004333510296270937,0.0729401201815618,0.0002560849807264748,0.07229115687597809,0.00023092565764303073,0.00023092565764303073,0.00024133111471573784,0.1057129169930704,0.10761279097641818,0.41785754199372604,0.4716644374857424
endpoints,20.0,0.0008895707312287448,0.05,-4.8,2.0,1.0,2.0,74613,0 1 4 5 6 7 13 23,0 2 5 8 11 13 17 23,48.585484147485246,48.791554161972996,40.97089869444335,40.99784342214139,0.18507414273517742,48.53982181442051,0.1839603687106619,0.0009407190088028816,0.0009407190088028816,49.95502616908855,49.95502616908855,-1.3695420216033014,0,0.028188296270670987,1.0042413905738226,45,45,0,1,100.55459138641466,100.10926600806607,0.004428692635598086,0.07264888271716446,0.0008824464446290843,0.07221768549204355,0.0005905560393246787,0.0005598486704677995,0.0005966265352366064,0.09314166702097282,0.1098597499949392,0.48889279100694694,0.5438232909800718
endpoints,20.0,0.0008895707312287448,0.05,-3.6,2.0,1.0,2.0,74613,0 1 3 4 5 6 22 23,0 5 8 9 20 21 22 23,24.38703769417729,24.400346703879833,22.461357617322133,22.66175915579261,0.07613171274674335,24.351973230946488,0.07458441613178302,0.0014399023396691746,0.0014399023396691746,24.400346703879826,24.36728703505072,0.019750659126572145,1,0.0005457411379534705,1.0005457411379537,2,2,0,1,100.14241411749803,97.74157414508882,0.023974256997562393,0.07251549461454938,0.0023103350711420117,0.071557679638495,0.002043079386694244,0.002043079386694245,0.0020442343341896176,0.09841450001113117,0.11965575002250262,0.38082695798948407,0.4406556250032736
endpoints,20.0,0.0008895707312287448,0.05,-2.4000000000000004,2.0,1.0,2.0,74613,0 1 2 5 6 9 11 23,0 16 17 19 20 21 22 23,17.5185883655999,17.976852882997445,11.204978337410546,11.21177083858664,0.5625175200074193,17.5185883655999,0.5625175200074193,0.0,0.0,18.03162066529548,17.821566177203362,-0.30297781160346204,0,0.029285025082442573,1.0261587582192073,3,3,0,1,100.40165065516307,98.61750647919939,0.017770068164431385,0.07269033332047052,0.005593823762556136,0.07184194403804868,0.0031067875026419335,0.003042013847056405,0.0031564969273332275,0.13983854098478332,0.11284012498799711,0.5273675839998759,0.5837883964995854
endpoints,20.0,0.0008895707312287448,0.05,-1.2000000000000002,2.0,1.0,2.0,74613,0 2 3 5 7 10 12 23,0 1 2 12 15 21 22 23,10.861673563074962,11.047602457476092,7.628113240446723,7.633096508729263,0.42297081540282844,10.861673563074962,0.42297081540282844,0.0,0.0,11.232966498430285,11.232966498430285,-0.3712929353553225,0,0.0341837685692894,1.0171178864215924,14,14,0,1,100.4076965333349,99.25544524138543,0.011475726779240691,0.0725873613620649,0.008619985617109504,0.07217546146801194,0.005643562746901584,0.0055539395599055125,0.005720753655435257,0.11170345800928771,0.10959750000620261,0.43931358301779255,0.4941128330247011
endpoints,20.0,0.0008895707312287448,0.05,0.0,2.0,1.0,2.0,74613,0 1 10 11 12 13 14 23,0 1 2 3 4 5 6 23,1.1568061196533181,1.382887878144199,1.1525446799763424,1.3537709252280232,-0.14549345232948419,1.1568061196533181,-0.14549345232948419,0.0,0.0,1.3945521344616232,1.3945521344616232,-0.23774601480830504,0,0.20551932667814277,1.1954361708932133,74613,74613,0,1,1.428011228120147,1.4248605865999708,0.002206314248889729,0.07319389176392017,0.05317710362255214,0.0729610771779592,0.05187036615958496,0.060846924562752494,0.06217334418156011,1.9052440419909544,0.09923979101586156,2.222309375007171,2.2719301045144675
endpoints,20.0,0.0008895707312287448,0.05,1.1999999999999993,2.0,1.0,2.0,74613,0 1 2 3 5 12 21 23,0 2 6 12 15 17 22 23,20.60156813471317,21.090510411351808,14.36543161925193,14.369703043243847,0.4336808542748096,19.696633175973695,0.37070565179385473,0.045943636694383505,0.045943636694383505,21.09051041135182,20.500430738551803,0.10113739616136641,1,0.023733255325102842,1.0237332553251022,11,11,0,1,100.23733215537692,99.62629460404436,0.00609590796356585,0.07245082729604876,0.00415234468469996,0.07180718937260723,0.0025151448480565035,0.002554303653292543,0.002595450103646256,0.0896481660020072,0.12444866701844148,0.34540995900169946,0.407635333496728
endpoints,20.0,0.0008895707312287448,0.05,2.4000000000000004,2.0,1.0,2.0,74613,0 3 4 5 6 9 12 23,0 2 3 11 12 14 17 23,44.294193744133494,44.31698373563383,39.43502308902118,39.456408356657356,0.12261089108126777,43.078718958722675,0.09180538099976698,0.028215202652044136,0.028215202652044136,44.31698373563383,43.9980801147089,0.29611362942459607,1,0.0005145141964200128,1.00051451419642,11,11,0,1,100.38406240605052,99.81257962666203,0.005692963262204476,0.07259003334684382,0.0009501819571224729,0.0721480060865051,0.0007384282886705552,0.0007384282886705552,0.0007390399549189441,0.08223175001330674,0.10929654201027006,0.34790862500085495,0.4025574369879905
endpoints,20.0,0.0008895707312287448,0.05,3.5999999999999996,2.0,1.0,2.0,74613,0 1 2 3 5 8 20 23,0 1 3 4 19 20 22 23,61.097283155700616,61.11984711606726,60.44497507883618,60.46354673541333,0.010481297484259411,60.7519124205006,0.00476924859120742,0.005684936019947795,0.005684936019947795,61.11984711606728,61.00716632021889,0.090116835481723,1,0.0003693120086725177,1.0003693120086723,8,8,0,1,100.49742118856697,99.84983097106596,0.006443849104206589,0.07256248285121183,0.00031053225261940887,0.07188918797919948,0.0002866296581910965,0.00028662965819109635,0.00028688906508751374,0.06798750002053566,0.10244058302487247,0.34266162497806363,0.39388220848923083
endpoints,20.0,0.0008895707312287448,0.05,4.799999999999999,2.0,1.0,2.0,74613,0 1 2 4 5 6 10 23,0 2 4 7 8 10 19 23,76.0026497194126,76.02048428641245,75.60160295091443,75.61745640732009,0.005093973407643171,75.88449225994279,0.003531404854248077,0.001557069909159603,0.001557069909159603,76.34132804570906,76.34132804570906,-0.3386783262964599,0,0.004456138405000365,1.0002346571740024,9,9,0,1,100.7157454768543,100.27990069510984,0.004327474117188701,0.07281540971392846,7.337371537762929e-05,0.07234259205075098,6.204898982164004e-05,5.8924252489953214e-05,6.213346321647494e-05,0.1196688339987304,0.1088185419794172,0.39440120800281875,0.448810728994431
endpoints,20.0,0.0008895707312287448,0.05,6.0,2.0,1.0,2.0,74613,0 2 3 4 5 6 9 23,0 2 3 4 5 6 9 23,80.00333479932034,80.01658126346459,80.00333479932034,80.01658126346459,-0.00016554648967859187,80.00333479932034,-0.00016554648967859187,0.0,0.0,80.01693262858777,80.01693262858777,-0.013597829267425254,0,0.00016996578082073555,1.0001655738998565,2,2,0,1,100.73182610587139,100.73182610587139,0.0,0.07279898931141447,2.022806499468686e-05,0.07279898931141447,2.022806499468686e-05,1.719127340240812e-05,2.0252731289369384e-05,0.09079149999888614,0.12257933398359455,0.3345297909982037,0.3958199579938082
endpoints,20.0,0.0008895707312287448,0.05,-6.0,4.0,1.0,2.0,74613,0 1 2 5 6 7 12 23,0 2 6 7 10 14 18 23,54.856641487276086,55.44315301361227,53.44720262584468,53.638118277878064,0.02271748615574709,54.856641487276086,0.02271748615574709,0.0,0.0,55.472394409074646,55.472394409074646,-0.6157529217985598,0,0.01122476522631044,1.0106917140830107,4,4,0,1,100.63532522123343,100.15501168598962,0.004772812471047327,0.07270993590491517,0.00046599389779559004,0.07219456029596623,0.0004125658965031087,0.0004077142855687843,0.0004262880591589593,0.1004540830035694,0.12411633401643485,0.38933187499060296,0.4513906250067521
endpoints,20.0,0.0008895707312287448,0.05,-4.8,4.0,1.0,2.0,74613,0 1 2 3 4 9 22 23,0 11 15 16 19 20 22 23,41.07964411237437,42.506747550241464,28.497586174440663,28.509288645213168,0.4409214001651991,41.07964411237437,0.4409214001651991,0.0,0.0,42.50674755024146,42.18946829936516,-1.1098241869907923,0,0.0347399172681051,1.0347399172681053,12,12,0,1,100.16316060728545,99.06478056994425,0.010965908330785146,0.07251177385949108,0.0016538730832371805,0.07117064178938053,0.0007847667773105609,0.0007847667773105609,0.0008426603231563581,0.11364512500585988,0.1292802079988178,0.423197333002463,0.4878381040034583
endpoints,20.0,0.0008895707312287448,0.05,-3.6,4.0,1.0,2.0,74613,0 1 2 5 6 7 11 23,0 4 8 9 15 17 21 23,29.317484082035218,29.843261379533317,22.597588720577473,22.60869602650022,0.2967348513895476,28.87584864679466,0.2772009766927095,0.015294284183387408,0.015294284183387408,30.765682217328514,30.765682217328514,-1.4481981352932962,0,0.049397080978742736,1.0179339160218144,137,130,0,1,100.63670871153988,99.67098035837832,0.009596183793427526,0.07273214090201535,0.002327427755405079,0.07181812819353711,0.001516939980860866,0.0014827679954946811,0.0015596935629142335,0.09121404198231176,0.1287240420060698,0.3769750840147026,0.44133731302281376
endpoints,20.0,0.0008895707312287448,0.05,-2.4000000000000004,4.0,1.0,2.0,74613,0 1 2 8 9 10 11 23,0 2 5 7 9 14 21 23,20.926526976717,21.604381847114645,17.93246547402369,17.972002451081753,0.1643959560809769,20.814258608123637,0.1581491080238977,0.005393820203115185,0.005393820203115185,22.207482129964394,22.207482129964394,-1.280955153247394,0,0.06121202790470659,1.0323921342108908,32,32,0,1,100.37480793538718,100.05350744080162,0.003201007316421256,0.0725439383340187,0.0031469265111613047,0.07435574363357761,0.0025521266133082445,0.0023908243632191455,0.0025583343875497416,0.1178198340057861,0.12230895800166763,0.4217296249989886,0.4828850209742086
endpoints,20.0,0.0008895707312287448,0.05,-1.2000000000000002,4.0,1.0,2.0,74613,0 1 2 5 10 15 20 23,0 4 8 9 14 18 19 23,17.46738921383392,18.011500380065282,15.067887358379675,15.131220151151387,0.15439396422401286,17.46738921383392,0.15439396422401286,0.0,0.0,18.234601271273775,18.234601271273775,-0.7672120574398562,0,0.04392253748100128,1.0311501140537038,15,15,0,1,100.1251908971303,99.68372054749521,0.0044091835998461,0.0722627067733608,0.003886164870494166,0.07292695025508526,0.0031593396158403502,0.0031221662497258446,0.0032240482942759744,0.11085066600935534,0.12385883301612921,0.3964206670061685,0.4583505005139159
endpoints,20.0,0.0008895707312287448,0.05,0.0,4.0,1.0,2.0,74613,0 1 10 11 12 13 14 23,0 1 2 3 4 5 6 23,2.194834692844305,2.537234810755167,2.1870619510658202,2.431724660083969,-0.09741644320516274,2.194834692844305,-0.09741644320516274,0.0,0.0,2.5828854317739562,2.5828854317739562,-0.38805073892965103,0,0.17680180662115053,1.1560026907844902,74613,74613,0,1,2.749615904666994,2.7167936612438224,0.01193702850185796,0.07319389176392017,0.02921000960587766,0.0729610771779592,0.027866568380800667,0.03135579370167238,0.032348269973645524,1.9115354170207866,0.10393429201212712,2.206269499991322,2.2582371050229995
endpoints,20.0,0.0008895707312287448,0.05,1.1999999999999993,4.0,1.0,2.0,74613,0 1 2 3 5 8 17 23,0 1 5 10 13 15 21 23,27.615500730950302,27.84271267477402,23.485015945504312,23.48922113504473,0.17566693983519843,26.38819965200462,0.12341739644294814,0.04650946616786156,0.04650946616786156,27.842712674774013,26.792964255759507,0.8225364751907946,1,0.008227695960952186,1.0082276959609524,8,8,0,1,100.55197289472241,99.55703654005899,0.009894747223956668,0.07263419299483256,0.0022026643231922815,0.07200711160650321,0.0016966396157157503,0.001713816451765546,0.001717560600761384,0.08932758399168961,0.11047033302020282,0.3362852499994915,0.3915212915162556
endpoints,20.0,0.0008895707312287448,0.05,2.4000000000000004,4.0,1.0,2.0,74613,0 1 2 3 8 9 21 23,0 2 6 8 11 14 22 23,43.14734347792469,43.18542777580409,40.10359597640458,40.116849960576396,0.07554166192825273,43.14734347792469,0.07554166192825273,0.0,0.0,43.185427775804094,43.04455675901066,0.10278671891403235,1,0.000882656840713425,1.0008826568407132,1,1,0,1,100.39435248803355,99.75577439195746,0.006360697392337911,0.07245457517330918,0.0009165176143046581,0.07205333588798013,0.0007788933687922846,0.0007798460052061589,0.0007801300536246296,0.10435670800507069,0.10923629201715812,0.3867577920027543,0.44137664599111304
endpoints,20.0,0.0008895707312287448,0.05,3.5999999999999996,4.0,1.0,2.0,74613,0 1 2 3 5 9 14 23,0 3 5 6 7 9 14 23,61.566262055131354,61.58446992716018,61.38942286339897,61.80888214079423,-0.003925327190196004,61.38942286339897,-0.0067863915810639774,0.002880613361130324,0.002880613361130324,62.13757188085548,62.13757188085548,-0.5713098257241285,0,0.009279592534179315,1.0002957443154907,4,4,0,1,100.5906017796646,100.4359756592258,0.001537182576733076,0.07268340353157056,0.00028636711158817115,0.07248296896955782,0.00028739757028116485,0.00028601181748595244,0.0002875904160662024,0.08081458299420774,0.10867554202559404,0.3712386660045013,0.4255768540169811
endpoints,20.0,0.0008895707312287448,0.05,4.799999999999999,4.0,1.0,2.0,74613,0 1 2 3 5 6 20 23,0 3 5 6 11 14 18 23,71.62864014860293,71.83386837285911,66.94657984354562,66.95957188525698,0.06972966122523805,71.5618584044651,0.06873231697321303,0.000933203044565678,0.000933203044565678,71.92584560525138,71.92584560525138,-0.2972054566484559,0,0.004149254488593712,1.002865169907322,7,7,0,1,100.46266011136157,100.10228457881445,0.0035871589717777486,0.07260422592224051,0.0001947287031621486,0.07219367437691933,0.00011543813175205159,0.00011777956923433405,0.00011817340123590986,0.10708670798339881,0.11087575001874939,0.38028645800659433,0.4357245000137482
endpoints,20.0,0.0008895707312287448,0.05,6.0,4.0,1.0,2.0,74613,0 1 2 3 5 8 11 23,0 1 4 5 7 12 13 23,77.3396149900839,77.3536650604556,76.69490896076289,76.70901263700735,0.00822070746837289,77.07860873413935,0.0048181574032371,0.0033862346535706855,0.0033862346535706855,77.35366506045561,77.09219935128318,0.24741563880071737,1,0.00018166718794132564,1.000181667187941,2,2,0,1,100.70694559687398,100.42636278917198,0.0027861316420534354,0.07277235193012484,5.910986611499791e-05,0.07251961206523477,4.793639281711937e-05,4.3901127133417345e-05,4.797962538488148e-05,0.08475266699679196,0.10384441600763239,0.3726994580065366,0.42462237500876654
endpoints,30.0,8.895707312287448e-05,0.03,0.0,0.0,1.0,2.0,74613,0 1 2 3 4 5 6 23,0 1 2 3 4 5 6 23,0.9286477726061779,0.9989350053406175,0.9286477726061779,0.9989350053406175,-0.07036216806765427,0.9286477726061779,-0.07036216806765427,0.0,0.0,0.9989350053406175,0.9989347680652954,-0.07028699545911743,0,0.07568772015377156,1.0756877201537716,74613,74613,0,1,0.9990098100231743,0.9990098100231743,0.0,0.08343922998318162,0.08343922998318162,0.08343922998318162,0.08343922998318162,0.08794951725211395,0.08975555303115133,0.5498032920004334,0.1151732090220321,0.6707605000119656,0.7283473545248853
endpoints,30.0,8.895707312287448e-05,0.03,-6.0,1.0,1.0,2.0,74613,0 1 2 3 4 9 10 23,0 7 13 14 17 19 20 23,518.7441989872966,524.7484114904736,484.1059596024927,486.7755751817415,0.06567425613665878,517.5242138330007,0.06316799818844432,0.002357348934961312,0.002357348934961312,528.7575567967565,526.1205232810753,-7.37632429377868,0,0.019303074287882582,1.0115745149823334,5,5,0,1,1004.9512886847984,993.5015974829674,0.011393279784550958,0.08368480357491072,8.295953042418383e-05,0.08299738858544431,6.92089865888681e-05,6.704970684037466e-05,6.926278123057211e-05,0.11959945800481364,0.11749437500839122,0.46083445800468326,0.5195824795082444
endpoints,30.0,8.895707312287448e-05,0.03,-4.8,1.0,1.0,2.0,74613,0 2 3 4 5 11 13 23,0 1 2 5 8 9 20 23,304.75686680169025,309.029119870035,274.0832704497752,274.2408935668953,0.11127433563204625,304.75686680169025,0.11127433563204625,0.0,0.0,309.4244308318399,304.2235366873205,0.5333301143697327,1,0.015315697654769922,1.0140185621186504,1,1,0,1,1004.3145344836445,1000.3047137356517,0.00399259456107981,0.0831188489740834,0.00021412992419909247,0.08359198063707894,0.0001815416445132962,0.00018044803465477397,0.00018325730273295525,0.1155821249994915,0.10948762501357123,0.47637845799908973,0.5311226045305375
endpoints,30.0,8.895707312287448e-05,0.03,-3.6,1.0,1.0,2.0,74613,0 1 3 4 6 7 18 23,0 1 4 5 7 10 12 23,132.54341852879458,133.51670208495236,102.81139725522428,102.87111026489654,0.28844160607862457,120.42990422193213,0.17068731844947638,0.10058560110235804,0.10058560110235804,133.51670208495236,131.20003218713018,1.3433863416643987,1,0.007343130024568767,1.0073431300245688,25,25,0,1,1004.3940969496973,984.2174278529905,0.020088398725144452,0.083087001011789,0.0007187235361155909,0.08310382010502741,0.0005334655811765939,0.0005334655811765939,0.0005379896363593662,0.06418004198349081,0.1128560840152204,0.39503804201376624,0.4514662510191556
endpoints,30.0,8.895707312287448e-05,0.03,-2.4000000000000004,1.0,1.0,2.0,74613,0 2 3 7 8 10 18 23,0 1 3 7 16 18 22 23,56.414181355332865,56.765705247114624,53.54606162964414,54.098326286022456,0.042808257265969596,55.71480577560092,0.02988039742730675,0.012552777847755214,0.012552777847755214,56.76570524711461,56.679289143939165,-0.2651077886063007,0,0.006231126346895266,1.0062311263468955,5,5,0,1,1003.0387229438568,991.5687833835035,0.01143519118253955,0.08366527198394541,0.0014575837854907542,0.08291994911768553,0.001371783152982223,0.0013535924329907373,0.0013735801109912322,0.10580012502032332,0.10575149999931455,0.41214104200480506,0.4650169590022415
endpoints,30.0,8.895707312287448e-05,0.03,-1.2000000000000002,1.0,1.0,2.0,74613,0 1 2 4 6 7 21 23,0 6 7 13 20 21 22 23,28.08904715923651,28.11295809152877,22.7554269415191,22.770926011191783,0.23354874305203488,28.08904715923651,0.23354874305203488,0.0,0.0,28.11295809152877,27.612235688187205,0.4768114710493059,1,0.000851254660106715,1.0008512546601067,1,1,0,1,1004.2959949283163,980.615760986828,0.02357893893938956,0.08303543236776566,0.0035575978507723684,0.0820803978396055,0.002830707146215845,0.002830707146215845,0.002832948798923738,0.09429091701167636,0.11147533298935741,0.40307262499118224,0.45881050048046745
endpoints,30.0,8.895707312287448e-05,0.03,0.0,1.0,1.0,2.0,74613,0 1 10 11 12 13 14 23,0 1 2 3 4 5 6 23,1.0315442841798925,1.104386850750976,1.0302556779829053,1.0999457873236735,-0.06218624947890539,1.0315442841798925,-0.06218624947890539,0.0,0.0,1.1061559960171707,1.1061559960171707,-0.07461171183727822,0,0.07233011028372549,1.0706150648966035,74613,74613,0,1,1.1101090351512608,1.1098161622028313,0.0002638235877340245,0.08308408296186139,0.07544575010914374,0.08343954611814892,0.07546386761091839,0.07915863491477754,0.08079356582850887,1.999901958013652,0.09308074999717064,2.321199375001015,2.367740125002456
endpoints,30.0,8.895707312287448e-05,0.03,1.1999999999999993,1.0,1.0,2.0,74613,0 2 6 7 8 9 21 23,0 2 3 13 17 18 20 23,65.84588504561181,65.88323933734027,56.4622338970455,56.49128419000393,0.16559370157251907,64.95949594221622,0.14990297837326794,0.013645258334271215,0.013645258334271215,65.88323933734029,65.49558268917421,0.3503023564375951,1,0.0005672988023868175,1.0005672988023866,4,4,0,1,998.7438455608886,960.5132770621734,0.038278652397848,0.08281810224988981,0.001377076199750472,0.08240404896849328,0.001161801842153922,0.0011618018421539215,0.0011624129937333084,0.0967534160008654,0.1158126660156995,0.38143083298928104,0.4393377490050625
endpoints,30.0,8.895707312287448e-05,0.03,2.4000000000000004,1.0,1.0,2.0,74613,0 1 10 11 12 14 20 23,0 3 7 9 10 18 20 23,260.9008677117695,261.17037289764045,219.43651041320345,219.63211283875054,0.18789945759579174,241.1235680925444,0.09785206259693191,0.08202142899459108,0.08202142899459108,261.1703728976406,257.22719064734304,3.6736770644264425,1,0.0010329792623338108,1.0010329792623331,9,9,0,1,999.122190274067,998.4677587569653,0.0006550064881675199,0.0825248443029118,0.000286784175441719,0.08254045574060866,0.00022708358196689115,0.00022708358196689107,0.00022738764962887818,0.07350370797212236,0.1033693749923259,0.35538487500161864,0.4070700205047615
endpoints,30.0,8.895707312287448e-05,0.03,3.5999999999999996,1.0,1.0,2.0,74613,0 2 3 5 7 10 20 23,0 1 6 9 13 16 20 23,566.4420167796712,566.8085462957611,466.19959993849955,466.389388089027,0.21452595459042811,551.3387837344474,0.18214264263921187,0.027393743177150265,0.027393743177150265,566.808546295761,561.3370996125026,5.104917167168651,1,0.0006470733194785527,1.0006470733194788,8,8,0,1,1002.6158246780852,999.6989517073367,0.002909262849192573,0.08293073448021608,8.885729529578646e-05,0.08257669856711426,5.673003605494953e-05,5.673003605494955e-05,5.68130730243073e-05,0.07871558298938908,0.11317091700038873,0.38046679098624736,0.4370524164842209
endpoints,30.0,8.895707312287448e-05,0.03,4.799999999999999,1.0,1.0,2.0,74613,0 3 4 5 6 7 8 23,0 1 3 4 12 14 20 23,808.2257745831638,808.8585426029879,797.96290091983,798.1743298178509,0.012593044388694796,797.96290091983,-0.0002648906261732975,0.01286134186376775,0.01286134186376775,808.8585426029881,798.1743298178509,10.051444765312908,1,0.0007829099735783274,1.000782909973578,2,2,0,1,1006.2378517800603,1002.0658601027359,0.004146128740778354,0.08322476058034134,1.5311828383058224e-05,0.0827857079802703,1.3391735253257125e-05,1.3444245605602715e-05,1.346445963438322e-05,0.06731525002396666,0.09800312499282882,0.35031275000073947,0.3993146035063546
endpoints,30.0,8.895707312287448e-05,0.03,6.0,1.0,1.0,2.0,74613,0 1 2 3 6 7 14 23,0 3 4 6 7 16 17 23,883.5408134785541,883.6618754804929,869.6148622196175,869.7353493111945,0.01587317817804368,878.5360292399217,0.010118802157112805,0.005696731917713471,0.005696731917713471,883.6618754804929,883.4229264591974,0.11788701935677182,1,0.00013701913945785016,1.0001370191394579,12,12,0,1,1005.9234489611548,1001.780065190481,0.004118985172234302,0.08320841109603028,6.713881451903887e-06,0.0828209614630121,4.767646434567142e-06,4.6841135041958565e-06,4.7735487835200365e-06,0.08681129201431759,0.10510300000896677,0.38664637497277,0.4391982499801088
endpoints,30.0,8.895707312287448e-05,0.03,-6.0,2.0,1.0,2.0,74613,0 1 2 4 5 8 19 23,0 1 3 4 12 15 17 23,449.8140934430445,450.1844320855382,401.5382472433084,401.6987278026571,0.11977973120199947,437.314215870098,0.08866218785969804,0.028583286614811465,0.028583286614811465,450.184432085538,448.32997885910487,1.484114583939629,1,0.000823314893623639,1.000823314893624,15,15,0,1,1005.1421464017664,1000.7990082118492,0.004320919389824374,0.08308043873379321,0.00011786568478889123,0.08283201277510685,9.503865589728895e-05,9.503865589728895e-05,9.51767260100333e-05,0.11811999999918044,0.11467637500027195,0.42572404199745506,0.48306277149822563
endpoints,30.0,8.895707312287448e-05,0.03,-4.8,2.0,1.0,2.0,74613,0 1 4 5 6 13 16 23,0 6 7 10 11 17 22 23,256.73517380397135,256.8957939391519,190.2169005158704,190.3010667355514,0.3491000245455218,248.1020425615305,0.3037343763621738,0.03479669555844045,0.03479669555844045,256.895793939152,256.8132191842928,-0.07804538032144137,0,0.000625625748123193,1.0006256257481227,18,18,0,1,1003.5383938569654,998.0791632409374,0.005439981817781936,0.08297754088883941,0.000347075905106027,0.08242381559334928,0.00023188825614270356,0.0002308736538008031,0.00023206438906902727,0.08802754199132323,0.1183577920019161,0.4271440409938805,0.48632306199579034
endpoints,30.0,8.895707312287448e-05,0.03,-3.6,2.0,1.0,2.0,74613,0 1 3 8 19 20 22 23,0 5 8 9 20 21 22 23,89.7369998871186,89.78138177767391,84.0645778604554,84.11051045190197,0.06689401128333539,89.70407286695936,0.06650253797063832,0.00036706271083208897,0.00036706271083208897,89.78138177767397,89.74734069194658,-0.010340804827976058,0,0.0004945773829212463,1.0004945773829206,2,2,0,1,996.4251764125308,840.1198921842799,0.15686605269349274,0.08238400709543613,0.0008905163203069141,0.08215940598900577,0.000826148089687579,0.0008247973150504148,0.0008265271335326172,0.10944795800605789,0.10441220799111761,0.3318114170106128,0.38401802100997884
endpoints,30.0,8.895707312287448e-05,0.03,-2.4000000000000004,2.0,1.0,2.0,74613,0 3 4 8 9 11 12 23,0 14 16 17 19 20 21 23,61.83889621732277,61.88895540340087,50.71136874520178,50.74547247917142,0.2186091329173192,61.83889621732277,0.2186091329173192,0.0,0.0,61.888955403400935,61.72377769386231,0.1151185234604597,1,0.0008095096960050174,1.000809509696004,1,1,0,1,1003.4713281716665,978.7690157671962,0.024616859207605035,0.08295571823307844,0.0015457841989606161,0.08172632037037272,0.001231574511837142,0.0012315745118371408,0.0012325319327648955,0.08875387499574572,0.1207236250047572,0.3613079999922775,0.42167035449529067
endpoints,30.0,8.895707312287448e-05,0.03,-1.2000000000000002,2.0,1.0,2.0,74613,0 2 4 7 12 19 20 23,0 1 6 8 12 20 21 23,35.80531061531784,36.08029517502304,27.247417126395806,27.26315270024244,0.3133224542662463,33.61885366621777,0.2331242111231988,0.06503663006502691,0.06503663006502691,36.46756187683655,36.46756187683655,-0.6622512615187048,0,0.018495894886480624,1.007679993693102,20,20,0,1,998.8473740440501,966.459858476781,0.032424889336336915,0.08258821099677072,0.002940340818607611,0.08292073046872143,0.002209270534674641,0.0021608074363475586,0.002215108916057469,0.08762274999753572,0.13336912498925813,0.3815337500127498,0.4482186874811305
endpoints,30.0,8.895707312287448e-05,0.03,0.0,2.0,1.0,2.0,74613,0 1 10 11 12 13 14 23,0 1 2 3 4 5 6 23,1.3400983308596262,1.4204898851634256,1.3386303607113943,1.404048309715697,-0.04554685078394494,1.3400983308596262,-0.04554685078394494,0.0,0.0,1.4274071496449718,1.4274071496449718,-0.08730881878534569,0,0.06515105404939958,1.0599892951528647,74613,74613,0,1,1.4465845001609647,1.4432044802698454,0.002336551989008062,0.08308408296186139,0.05908570407417405,0.08343954611814892,0.05865102199300705,0.06084091262805668,0.06217058184870203,2.0417537500034086,0.1037558339885436,2.379938916012179,2.431817333010258
endpoints,30.0,8.895707312287448e-05,0.03,1.1999999999999993,2.0,1.0,2.0,74613,0 1 5 7 16 17 21 23,0 2 6 12 15 17 22 23,79.18504904916746,79.61219656089949,52.08735348436413,52.10207472139885,0.5198060628600143,72.17922460214434,0.3853426180838746,0.09706150884329379,0.09706150884329379,79.61219656089946,77.37992196461052,1.8051270845569434,1,0.005394294969329083,1.0053942949693295,6,6,0,1,997.4857082294026,981.4875271947452,0.01603850651961225,0.08252514155885145,0.001494955698108048,0.08279952127830727,0.0009510785602988163,0.0009510785602988166,0.0009514376853842338,0.09508795899455436,0.09470337501261383,0.3731495829997584,0.4205018955108244
endpoints,30.0,8.895707312287448e-05,0.03,2.4000000000000004,2.0,1.0,2.0,74613,0 1 2 9 10 11 14 23,0 2 3 11 12 14 17 23,228.5077164720744,228.66154475291967,164.7681543831553,164.83620717886913,0.38627138043835996,216.1737901374706,0.3114460338370526,0.057055604783356584,0.057055604783356584,228.66154475291967,220.69370014111468,7.814016330959731,1,0.0006731863729603216,1.0006731863729603,4,4,0,1,1003.5375087765833,970.8277997434382,0.032594406035726275,0.08294432270283324,0.00041423530264459064,0.08270427241004487,0.0002727315199434017,0.0002727315199434017,0.00027294885127279907,0.08665512502193451,0.112597375002224,0.34988608400453813,0.4061851045116782
endpoints,30.0,8.895707312287448e-05,0.03,3.5999999999999996,2.0,1.0,2.0,74613,0 1 2 3 5 8 20 23,0 1 3 4 19 20 22 23,423.5294439343487,423.77432734225437,406.86563762072876,407.04087657348117,0.04050838210567509,406.9806098609623,-0.00014806059044036868,0.04066246320442635,0.04066246320442635,423.77432734225437,420.877834153213,2.6516097811357326,1,0.0005781968914151392,1.0005781968914151,32,32,0,1,1003.9547296383461,997.815172541815,0.006115372451846235,0.08307551983895484,0.00011513918506695282,0.08245716826809552,0.0001056209438731866,0.0001056209438731866,0.00010571815526907564,0.0758840839844197,0.10285195900360122,0.3397930419887416,0.39121927149244584
endpoints,30.0,8.895707312287448e-05,0.03,4.799999999999999,2.0,1.0,2.0,74613,0 1 2 5 6 10 13 23,0 2 8 10 12 15 18 23,742.6241372801258,742.8757844717779,728.0331377342868,728.2695286185761,0.019710571563770207,731.4996908291952,0.004435393880540595,0.015207725430916419,0.015207725430916419,744.0243377441461,744.0243377441461,-1.4002004640203722,0,0.0018854766411831037,1.0003388621228686,10,10,0,1,1005.5321167288733,999.4104954151495,0.006087942107347422,0.08313662300552262,2.519932054530629e-05,0.08259034968241,2.221945384002268e-05,2.221945384002268e-05,2.2248523740090804e-05,0.10501454200129956,0.09872800001176074,0.3652838749985676,0.4146484170050826
endpoints,30.0,8.895707312287448e-05,0.03,6.0,2.0,1.0,2.0,74613,0 2 3 4 5 6 9 23,0 4 7 8 10 11 14 23,865.8941971560234,866.0438575637048,859.6528649683884,859.7944010822268,0.0070944821996035135,863.8820586034441,0.004754226726845445,0.0023291820133783947,0.0023291820133783947,866.3889000032592,866.3889000032592,-0.4947028472357715,0,0.0005713202015449337,1.0001728391392077,5,5,0,1,1006.3767468949787,1002.3442960350557,0.004006899873595593,0.08329537390325344,7.921173349083473e-06,0.0828230982645969,6.676765211351647e-06,6.375347995418979e-06,6.685971746270383e-06,0.08579662500414997,0.11004716600291431,0.3433965840085875,0.3984207079920452
endpoints,30.0,8.895707312287448e-05,0.03,-6.0,4.0,1.0,2.0,74613,0 1 2 5 6 7 12 23,0 6 7 10 13 14 18 23,321.64360429949465,323.91094075505,300.7224753821115,300.8582144717326,0.0690869945640622,306.35844831723176,0.018281813761199306,0.04989304543818296,0.04989304543818296,324.22783247357205,321.2146730497542,0.42893124974045804,1,0.008034446012708862,1.0070492197738343,14,14,0,1,1004.3261441581599,998.9233826194362,0.005379489093408352,0.08321429339046793,0.00018763266047167363,0.08285861446922152,0.00016684970597533876,0.00016561446429877008,0.00016764035000779555,0.09472595900297165,0.12521150000975467,0.3658627920085564,0.4284694590169238
endpoints,30.0,8.895707312287448e-05,0.03,-4.8,4.0,1.0,2.0,74613,0 1 3 5 10 20 21 23,0 11 15 16 19 20 22 23,195.68904422306835,197.8265900642898,131.13223089315463,131.18640241932866,0.49168694784053346,195.68904422306835,0.49168694784053346,0.0,0.0,199.12126943575095,195.60377952100004,0.08526470206831505,1,0.017539179192730625,1.01092317584619,1,1,0,1,998.9162094326368,980.2771344285004,0.018659297775058703,0.08265287096419802,0.0005410843750754196,0.08263599727786383,0.0003287622903408982,0.0003218852352492553,0.00032905611526298946,0.081086291000247,0.11510399999679066,0.35280779100139625,0.41036041600455064
endpoints,30.0,8.895707312287448e-05,0.03,-3.6,4.0,1.0,2.0,74613,0 1 2 5 6 7 11 23,0 4 8 9 11 15 17 23,120.66083548182462,122.04441221808335,82.18468079187984,82.2216466602782,0.4675069204143858,118.41477060878962,0.44018972397930045,0.018967776245206736,0.018967776245206736,123.12704860199472,121.59187046233879,-0.9310349805141698,0,0.020439217997471726,1.01146665967241,5,5,0,1,1002.5613053685303,1000.1250592893923,0.0024300220506140446,0.0832345792113659,0.0009233624630604972,0.08350982847729863,0.0005953006242149882,0.0005853286494480595,0.0005956999830204083,0.087053958006436,0.12316558399470523,0.34221650002291426,0.40380008300417103
endpoints,30.0,8.895707312287448e-05,0.03,-2.4000000000000004,4.0,1.0,2.0,74613,0 1 5 10 12 14 15 23,0 4 5 9 11 15 17 23,79.64582744579239,79.69808898990279,73.06619436902429,73.45653466371627,0.0842578922407744,79.43858969546504,0.08143666263504801,0.002608779324026367,0.002608779324026367,81.23855243789403,81.23855243789403,-1.5927249921016369,0,0.0199975948920319,1.0006561742879245,4,4,0,1,998.0224624046791,993.2685305101598,0.004763351601390742,0.08314308083032938,0.0010429106526139587,0.08267317653361404,0.0009483723984042056,0.000931487272727935,0.0009489737242659196,0.058436375024029985,0.1297299170109909,0.365639249997912,0.4305047085072147
endpoints,30.0,8.895707312287448e-05,0.03,-1.2000000000000002,4.0,1.0,2.0,74613,0 2 6 9 14 18 22 23,0 4 8 9 14 18 19 23,62.821013533659055,63.15868819651504,49.92612611215767,50.094990896536224,0.2540378271234054,62.821013533659055,0.2540378271234054,0.0,0.0,63.158688196515016,62.84565450767767,-0.024640974018616646,0,0.005375186483978611,1.0053751864839788,2,2,0,1,997.8336114497565,981.71199171698,0.016156621252067627,0.08244883525499237,0.0015568928168447317,0.08284619121962984,0.0012227578086342979,0.0012227578086342979,0.001223336543942942,0.07806712499586865,0.12001983300433494,0.32410408300347626,0.3841148335050093
endpoints,30.0,8.895707312287448e-05,0.03,0.0,4.0,1.0,2.0,74613,0 1 10 11 12 13 14 23,0 1 2 3 4 5 6 23,2.572285142825364,2.6814328836628545,2.5700828975813486,2.6268670009557393,-0.020778310478039685,2.572285142825364,-0.020778310478039685,0.0,0.0,2.7075601746413747,2.7075601746413747,-0.13527503181601075,0,0.05258943869163213,1.0424322090192553,74613,74613,0,1,2.819315243919212,2.7842712381412262,0.012429970665242096,0.08308408296186139,0.03153962668526029,0.08343954611814892,0.031028564691647154,0.031353999548172126,0.03234675652649182,1.2542569170182105,0.11906054097926244,1.546892582991859,1.6064231875061523
endpoints,30.0,8.895707312287448e-05,0.03,1.1999999999999993,4.0,1.0,2.0,74613,0 1 2 3 5 8 17 23,0 1 5 10 13 15 21 23,110.41798045715728,110.95759836480768,90.46171319029675,90.47251225258911,0.22045887428087174,105.8285025593611,0.16973100364340254,0.043367124988108685,0.043367124988108685,110.95759836480768,106.36839167428697,4.049588782870316,1,0.0048870474302848965,1.004887047430285,3,3,0,1,1002.9252838250811,958.5317483358459,0.04426405057804672,0.08314268115063446,0.0008300257104933184,0.08296698774455458,0.0006587788996022629,0.0006587788996022626,0.0006588142323310101,0.08510558301350102,0.1169718750170432,0.33560204101377167,0.39408827052102424
endpoints,30.0,8.895707312287448e-05,0.03,2.4000000000000004,4.0,1.0,2.0,74613,0 1 2 3 8 9 21 23,0 2 6 8 11 14 22 23,212.39019170033924,213.4757140340157,194.03097386409374,194.0978243156765,0.09424303157006264,212.39019170033924,0.09424303157006264,0.0,0.0,213.47571403401585,210.7010429096355,1.6891487907037401,1,0.005110981467581821,1.0051109814675812,1,1,0,1,1002.8559874431658,973.4426166610357,0.02932960579626298,0.08297758318624787,0.0003385468593853794,0.08301054186317869,0.00029989531806740206,0.00029989531806740195,0.00029999585229722987,0.08509195799706504,0.11742870800662786,0.35850779101019725,0.4172229370160494
endpoints,30.0,8.895707312287448e-05,0.03,3.5999999999999996,4.0,1.0,2.0,74613,0 3 5 6 7 9 14 23,0 4 7 8 10 11 19 23,425.34787566965275,425.5279860302515,422.3090635345789,422.4876743483823,0.006769904768658241,422.3090635345789,-0.00042275982152351066,0.007195706645839017,0.007195706645839017,425.5279860302514,424.43021149076105,0.9176641788916982,1,0.000423442482967884,1.000423442482968,3,3,0,1,1003.236223205657,1000.8856598755601,0.0023429809208703745,0.0830113131008038,0.00010752513959217121,0.0827138282898297,0.00010542221802896398,0.00010542221802896403,0.00010548960386129898,0.08007920801173896,0.11537033400963992,0.35663279198342934,0.4143182919942774
endpoints,30.0,8.895707312287448e-05,0.03,4.799999999999999,4.0,1.0,2.0,74613,0 3 5 6 7 8 20 23,0 3 5 8 12 13 20 23,618.5561434297019,618.7450944674019,542.5993203055817,542.7602406921267,0.13964895925486442,584.9550788819583,0.07774121062372763,0.05744212805531368,0.05744212805531368,618.7450944674017,615.5398150827076,3.016328346994328,1,0.0003054711196499582,1.0003054711196502,43,43,0,1,1001.8422026255823,998.2886127645471,0.0035470554661424236,0.08289892071194015,6.377872898051399e-05,0.08266432606245663,4.4642896883532954e-05,4.464289688353299e-05,4.4673456408590735e-05,0.09082850001868792,0.11478708399226889,0.3662941250076983,0.42368808400351554
endpoints,30.0,8.895707312287448e-05,0.03,6.0,4.0,1.0,2.0,74613,0 1 2 3 5 8 11 23,0 4 12 13 16 20 22 23,780.4516997090758,780.6239846379119,747.1891220867897,747.3445867617581,0.04429966247667716,763.4317651008047,0.021525784255362446,0.02229398275826755,0.02229398275826755,780.6239846379119,779.9937505730206,0.45794913605516285,1,0.0002207502769233649,1.0002207502769234,12,12,0,1,1006.3847138148165,994.9702041815036,0.011342093611542259,0.08326986257552008,2.2463901954135374e-05,0.08213129958076294,1.6255296977256486e-05,1.6255296977256486e-05,1.626916762227077e-05,0.08454854099545628,0.11461233298177831,0.36696337501052767,0.4242702494811965
endpoints,30.0,8.895707312287448e-05,0.05,0.0,0.0,1.0,2.0,74613,0 1 2 3 4 5 6 23,0 1 2 3 4 5 6 23,0.81194150622698,0.9987822379565591,0.81194150622698,0.9987822379565591,-0.18706853669308587,0.81194150622698,-0.18706853669308587,0.0,0.0,0.9987822379565591,0.9987818913358624,-0.18684038510888235,0,0.23011600010179456,1.2301160001017946,74613,74613,0,1,0.9990098100231743,0.9990098100231743,0.0,0.07296067820004871,0.07296067820004871,0.07296067820004871,0.07296067820004871,0.08795271728509471,0.08975934521812233,0.5271540840039961,0.10884449997683987,0.6439577499986626,0.6983802499889862
endpoints,30.0,8.895707312287448e-05,0.05,-6.0,1.0,1.0,2.0,74613,0 1 2 3 4 9 10 23,0 1 2 4 11 14 15 23,266.79428447142715,275.2847308764802,246.4663227865099,256.07604922354625,0.04185567248627864,266.79428447142715,0.04185567248627864,0.0,0.0,285.14799520549093,285.14799520549093,-18.35371073406378,0,0.06879349297315773,1.031823944136863,127,127,0,1,1004.9512886847984,1001.4679210782325,0.003466205422876456,0.07487798290591338,0.00020344818356923916,0.07361091534938062,0.000178442121576412,0.00016167581068520342,0.00018238500868201718,0.15351320899208076,0.1327282089914661,0.627988791995449,0.6943537295010174
endpoints,30.0,8.895707312287448e-05,0.05,-4.8,1.0,1.0,2.0,74613,0 2 3 4 5 11 13 23,0 8 11 15 18 19 21 23,128.32699281440344,129.95259671918848,116.21256825807701,118.32972977631377,0.08448648583063734,127.28265646859133,0.07566083949656477,0.008204859756912875,0.008204859756912875,139.05114208399058,139.05114208399058,-10.724149269587144,0,0.08356892836331986,1.012667669280898,146,143,0,1,1004.3145344836445,985.2439443613431,0.018988662881500806,0.07349124448037458,0.0005321146103779648,0.0714197399537808,0.0004606259421985511,0.0004394645654173047,0.0004675050141692991,0.10190558299655095,0.11721858300734311,0.4954592499998398,0.5540691244823392
endpoints,30.0,8.895707312287448e-05,0.05,-3.6,1.0,1.0,2.0,74613,0 1 3 4 6 7 18 23,0 4 5 7 8 14 22 23,49.42951339477437,50.72752197590247,38.28961197798187,38.70300423794391,0.27714926445721066,49.42951339477437,0.27714926445721066,0.0,0.0,52.49040359788518,52.49040359788518,-3.0608902031108087,0,0.06192434424075066,1.026259788777636,14,14,0,1,1004.3940969496973,965.9482088581153,0.03827769220103994,0.0726879500502204,0.0017891387357538459,0.07376515364961324,0.0013651875563872075,0.0012997945480607172,0.0013698857167427374,0.13262033398495987,0.11093870800687,0.4326630840077996,0.488132979022339
endpoints,30.0,8.895707312287448e-05,0.05,-2.4000000000000004,1.0,1.0,2.0,74613,0 2 3 7 8 10 18 23,0 10 18 19 20 21 22 23,19.678174643526702,20.56026706709666,17.713076001915933,18.702429918125084,0.05217208296853415,19.678174643526702,0.05217208296853415,0.0,0.0,21.24507414629134,21.149780376284156,-1.4716057327574532,0,0.07962626265643413,1.044825927178166,45,45,0,1,1003.0387229438568,903.6301049875813,0.09910745785019881,0.07628226341986934,0.003989778350766719,0.0736408704646486,0.003492750801795674,0.0033030270446991407,0.0035186912480235865,0.07334645901573822,0.10220295801991597,0.45608533298945986,0.5071873120032251
endpoints,30.0,8.895707312287448e-05,0.05,-1.2000000000000002,1.0,1.0,2.0,74613,0 1 2 4 6 7 21 23,0 6 7 13 20 21 22 23,9.663305804162022,9.67405869378992,7.790561770041255,7.796191297495795,0.23949059680795148,9.663305804162022,0.23949059680795148,0.0,0.0,9.674058693789926,9.671832354814718,-0.008526550652696585,0,0.0011127547700366947,1.001112754770036,2,2,0,1,1004.2959949283163,980.615760986828,0.02357893893938956,0.07251846097919043,0.009212823528705609,0.0714710798730579,0.007298953434277438,0.007292005789703544,0.007306013739013566,0.14017345898901112,0.10288095800206065,0.4295218750194181,0.480962604022352
endpoints,30.0,8.895707312287448e-05,0.05,0.0,1.0,1.0,2.0,74613,0 1 10 11 12 13 14 23,0 1 2 3 4 5 6 23,0.9019060352064342,1.1003638283762507,0.8985368847654239,1.0925445723596916,-0.17449039789883714,0.9019060352064342,-0.17449039789883714,0.0,0.0,1.103426875404605,1.103426875404605,-0.20152084019817085,0,0.22343884210958342,1.220042649037593,74613,74613,0,1,1.1101090351512608,1.1098161622028313,0.0002638235877340245,0.07319389176392017,0.06690500694047805,0.0729610771779592,0.06621736388766702,0.07916322869669135,0.08079703664083761,1.986252083996078,0.10600374999921769,2.3064799580024555,2.3594824580068234
endpoints,30.0,8.895707312287448e-05,0.05,1.1999999999999993,1.0,1.0,2.0,74613,0 2 6 7 8 9 21 23,0 1 2 3 14 20 21 23,22.69842855482304,22.71322632281829,19.140254935466395,19.151583539938823,0.18519852457566266,22.69842855482304,0.18519852457566266,0.0,0.0,22.71322632281829,22.44164620081096,0.2567823540120777,1,0.0006519291835340724,1.000651929183534,1,1,0,1,998.7438455608886,811.9347275000544,0.18704407430508208,0.07227459379044013,0.003684861088686997,0.07207032629424406,0.003084098364705452,0.003084098364705452,0.0030857035664043284,0.12111820900463499,0.10401808400638402,0.3863704579998739,0.43838008400052786
endpoints,30.0,8.895707312287448e-05,0.05,2.4000000000000004,1.0,1.0,2.0,74613,0 1 10 11 12 14 20 23,0 3 7 9 10 18 20 23,101.74104014889895,101.87351400572585,82.23113764446506,82.32212528450158,0.23588937721525616,93.68337054043135,0.13800962033798103,0.08600960407365044,0.08600960407365044,102.4844404925722,102.4844404925722,-0.7434003436732581,0,0.00730678930139983,1.0013020690237984,13,13,0,1,999.122190274067,998.4677587569653,0.0006550064881675199,0.0719508048679445,0.0007850583221221553,0.07196945056010548,0.0006175018260573423,0.0006175018260573423,0.0006183243061107039,0.07462391699664295,0.10178045902284794,0.3388776660140138,0.38976806252321694
endpoints,30.0,8.895707312287448e-05,0.05,3.5999999999999996,1.0,1.0,2.0,74613,0 2 3 5 7 10 20 23,0 5 9 10 15 16 20 23,298.36979197086407,298.70686928351324,221.15032526025848,221.28790979365468,0.34833300314095905,281.7294106223704,0.27313512466666556,0.059065119654115206,0.059065119654115206,300.1182364286319,300.1182364286319,-1.748444457767846,0,0.005859991543442078,1.0011297300253577,15,15,0,1,1002.6158246780852,991.5075442537448,0.011079298920807501,0.07239990429951067,0.00023821807335043142,0.07180232613956528,0.00015142014455475164,0.00015142014455475164,0.0001516551820381779,0.07656433302327059,0.08866358399973251,0.3396560419932939,0.3839883750042645
endpoints,30.0,8.895707312287448e-05,0.05,4.799999999999999,1.0,1.0,2.0,74613,0 3 4 5 6 7 8 23,0 1 3 4 12 14 20 23,573.6686283640157,574.3851749364944,555.4950096620431,555.8154263932358,0.03212073850960162,555.4950096620431,-0.000576480457320061,0.032716079147190325,0.032716079147190325,574.3851749364944,568.1088464493887,5.559781914627024,1,0.0012490600619423642,1.0012490600619424,12,12,0,1,1006.2378517800603,1002.0658601027359,0.004146128740778354,0.07271888029347792,4.187571207950992e-05,0.07224193237512103,3.681555390063513e-05,3.689996176848884e-05,3.6955211222424575e-05,0.07004216700443067,0.10538983400329016,0.36768195798504166,0.42037699998763856
endpoints,30.0,8.895707312287448e-05,0.05,6.0,1.0,1.0,2.0,74613,0 1 2 3 6 7 14 23,0 1 7 8 11 12 14 23,710.565431793062,710.7839002305827,683.0214126557273,683.2214328619178,0.04002216209260889,704.3364784335007,0.030905127614534678,0.00884371823736152,0.00884371823736152,710.7839002305826,709.0930028267763,1.4724289662856336,1,0.00030745717107194537,1.0003074571710722,14,14,0,1,1005.9234489611548,1000.4029169459486,0.005488023985232071,0.07270505045239323,1.745798787402965e-05,0.0722884027902979,1.2745290657238003e-05,1.2264047015212132e-05,1.2761707126354062e-05,0.0801355000003241,0.09928370898705907,0.3866571659746114,0.43629906249407213
endpoints,30.0,8.895707312287448e-05,0.05,-6.0,2.0,1.0,2.0,74613,0 1 2 4 5 8 19 23,0 1 3 4 12 15 17 23,218.84246778920775,223.95242074568432,186.8568085266993,190.59185767239381,0.14822569264933438,218.84246778920775,0.14822569264933438,0.0,0.0,225.99268395292586,224.93178085856832,-6.089313069360571,0,0.03267289130830542,1.0233499147039347,13,13,0,1,1005.1421464017664,1000.7990082118492,0.004320919389824374,0.07358237332231599,0.00029711594290699123,0.07362521379083793,0.00023979674675409478,0.00023092565764303073,0.00024133111471573784,0.1271930000220891,0.10761279097641818,0.5847832919971552,0.6385902704641921
endpoints,30.0,8.895707312287448e-05,0.05,-4.8,2.0,1.0,2.0,74613,0 1 4 5 6 13 16 23,0 2 5 8 11 13 17 23,105.32284151698487,106.27857530507555,76.15839390944183,76.25485886644225,0.3811951537600271,105.30893275452561,0.3810127553835039,0.00013207580872243163,0.00013207580872243163,112.24225314341751,112.24225314341751,-6.919411626432648,0,0.06569716052824859,1.0090743258947923,40,40,0,1,1003.5383938569654,993.5572511052101,0.009945950063150244,0.07244973128970075,0.0008611427941733717,0.07221768549204355,0.0005905560393246787,0.0005598486704677995,0.0005966265352366064,0.07584912498714402,0.1098597499949392,0.4948130830016453,0.5497445829823846
endpoints,30.0,8.895707312287448e-05,0.05,-3.6,2.0,1.0,2.0,74613,0 1 3 8 19 20 22 23,0 5 8 9 20 21 22 23,33.539800728835836,33.563065635675414,30.854786668758237,30.877841625640396,0.08620936448436844,33.48827365996973,0.08454062515048588,0.0015386600512554693,0.0015386600512554693,33.5630656356754,33.51522837492506,0.024572353910777167,1,0.0006936507174761797,1.0006936507174766,2,2,0,1,996.4251764125308,840.1198921842799,0.15686605269349274,0.07180741166095131,0.002236575019810841,0.071557679638495,0.002043079386694244,0.002043079386694245,0.0020442343341896176,0.08479633397655562,0.11965575002250262,0.38412816598429345,0.44395670799713116
endpoints,30.0,8.895707312287448e-05,0.05,-2.4000000000000004,2.0,1.0,2.0,74613,0 3 4 8 9 11 12 23,0 16 17 19 20 21 22 23,21.840209043096106,22.468140786269114,17.53518560469623,17.97719629889576,0.21488404976907494,21.840209043096106,0.21488404976907494,0.0,0.0,22.642446556196123,22.29724696821293,-0.4570379251168255,0,0.0367321352793375,1.0287511782480627,3,3,0,1,1003.4713281716665,960.8832413720609,0.04244076099035288,0.07341970816135532,0.0039950895680024206,0.07219279097888923,0.0031241610778461716,0.003042013847056405,0.0031564969273332275,0.14108558400766924,0.11284012498799711,0.5136278750142083,0.5700487704889383
endpoints,30.0,8.895707312287448e-05,0.05,-1.2000000000000002,2.0,1.0,2.0,74613,0 2 4 7 12 19 20 23,0 1 2 12 15 21 22 23,12.358478586729465,12.58688839481192,9.297590683154345,9.30395387758553,0.3283039393072116,12.358478586729465,0.3283039393072116,0.0,0.0,12.837988593290513,12.837988593290513,-0.47951000656104803,0,0.03880008394204326,1.0184820329201139,14,14,0,1,998.8473740440501,947.2483412175119,0.05165857584190092,0.07202507609236389,0.007652383548296363,0.07246440349066215,0.005668176955373844,0.0055539395599055125,0.005720753655435257,0.13614920899271965,0.10959750000620261,0.5156425829918589,0.5704424160066992
endpoints,30.0,8.895707312287448e-05,0.05,0.0,2.0,1.0,2.0,74613,0 1 10 11 12 13 14 23,0 1 2 3 4 5 6 23,1.1716811686076842,1.4041960641248497,1.1674852806246305,1.3741187316647807,-0.14732174039417834,1.1716811686076842,-0.14732174039417834,0.0,0.0,1.416445217049259,1.416445217049259,-0.24476404844157473,0,0.20889987395839893,1.1984455342859732,74613,74613,0,1,1.4465845001609647,1.4432044802698454,0.002336551989008062,0.07319389176392017,0.05317710362255214,0.0729610771779592,0.05187036615958496,0.060846924562752494,0.06217334418156011,1.998527500021737,0.09923979101586156,2.315819667011965,2.365440062523703
endpoints,30.0,8.895707312287448e-05,0.05,1.1999999999999993,2.0,1.0,2.0,74613,0 1 5 7 16 17 21 23,0 2 6 12 15 17 22 23,26.745903081284723,27.54695864288655,17.409742334811995,17.416271344212753,0.5356847945626497,25.2222885759309,0.4482025502153195,0.060407464642513675,0.060407464642513675,27.5746462873029,26.62037131062691,0.12553177065781185,1,0.030985800086821058,1.0299505894105465,11,11,0,1,997.4857082294026,981.4875271947452,0.01603850651961225,0.07195562353141438,0.004042560064460337,0.07307518343915168,0.0025637925239010376,0.002554303653292543,0.002595450103646256,0.10590675001731142,0.12444866701844148,0.43585425001219846,0.49807933349802624
endpoints,30.0,8.895707312287448e-05,0.05,2.4000000000000004,2.0,1.0,2.0,74613,0 1 2 9 10 11 14 23,0 2 3 11 12 14 17 23,87.12349781809668,87.2000030676371,59.324302074314346,59.358591942030976,0.4677487279883701,82.48055825079315,0.3895302356791559,0.056291320836918235,0.056291320836918235,87.2000030676371,85.66600404526156,1.4574937728351216,1,0.0008781241738038403,1.0008781241738038,11,11,0,1,1003.5375087765833,970.8277997434382,0.032594406035726275,0.07241136936270277,0.0011309399458869264,0.0721480060865051,0.0007384282886705552,0.0007384282886705552,0.0007390399549189441,0.08306762500433251,0.10929654201027006,0.36426191599457525,0.4189105620025657
endpoints,30.0,8.895707312287448e-05,0.05,3.5999999999999996,2.0,1.0,2.0,74613,0 1 2 3 5 8 20 23,0 1 3 4 19 20 22 23,191.2444747712074,191.40502575183854,181.5207902664184,181.63810188516274,0.05288743268258833,184.35604068504927,0.014963483826784918,0.03736484066679546,0.03736484066679546,191.40502575183862,189.74721020746404,1.4972645637433573,1,0.0008395065050810224,1.0008395065050806,17,17,0,1,1003.9547296383461,997.815172541815,0.006115372451846235,0.07256248285121183,0.00031053225261940887,0.07188918797919948,0.0002866296581910965,0.00028662965819109635,0.00028688906508751374,0.07458004201180302,0.10244058302487247,0.34699591700336896,0.39821670851961244
endpoints,30.0,8.895707312287448e-05,0.05,4.799999999999999,2.0,1.0,2.0,74613,0 1 2 5 6 10 13 23,0 2 7 8 10 19 22 23,486.10216628431914,486.46046468378626,462.6897547198325,462.98416422527845,0.0499325977978633,474.9098417818642,0.02575828392865498,0.023567261652151172,0.023567261652151172,487.632771506529,487.632771506529,-1.5306052222098856,0,0.00314873153911166,1.000737084556125,13,13,0,1,1005.5321167288733,997.2794730469967,0.008207240270677318,0.07262448341705952,6.790462761927433e-05,0.07193841837567047,5.8924252489953235e-05,5.8924252489953214e-05,5.900970707324324e-05,0.10395408302429132,0.1088185419794172,0.45033370799501427,0.5047433539875783
endpoints,30.0,8.895707312287448e-05,0.05,6.0,2.0,1.0,2.0,74613,0 2 3 4 5 6 9 23,0 4 10 12 13 14 16 23,677.504098102572,677.7669226224732,666.5052782747496,666.748154249992,0.016131943949179828,672.4322320444217,0.008525074660046927,0.0075425683309828795,0.0075425683309828795,680.7022683657212,680.7022683657212,-3.1981702631492226,0,0.0047205179601217395,1.0003879305241654,11,11,0,1,1006.3767468949787,999.2727169909674,0.0070590163434615105,0.07279898931141447,2.022806499468686e-05,0.07194383816590467,1.7191273402408116e-05,1.719127340240812e-05,1.721661028009085e-05,0.069077333988389,0.12257933398359455,0.32692129199858755,0.3882118750043446
endpoints,30.0,8.895707312287448e-05,0.05,-6.0,4.0,1.0,2.0,74613,0 1 2 5 6 7 12 23,0 2 6 7 10 14 18 23,140.09563485346112,143.0484283718164,129.91123496616302,131.0204679605795,0.0692652608721569,132.037327527525,0.00776107414950955,0.06103052429818567,0.06103052429818567,144.89159653244997,144.89159653244997,-4.795961678988846,0,0.034233484033998396,1.021076984457395,76,76,0,1,1004.3261441581599,1000.2286071177772,0.004079886861670157,0.07270993590491517,0.00046599389779559004,0.0733164572077415,0.0004235718518169707,0.0004077142855687843,0.0004262880591589593,0.08641533300396986,0.12411633401643485,0.4300545419973787,0.4921130420116242
endpoints,30.0,8.895707312287448e-05,0.05,-4.8,4.0,1.0,2.0,74613,0 1 3 5 10 20 21 23,0 11 15 16 19 20 22 23,76.38268190218992,79.59328195786834,50.15334483426518,50.18394910293403,0.5220540285803088,76.38268190218992,0.5220540285803088,0.0,0.0,81.45667736330456,80.25513105503336,-3.872449152843444,0,0.06642861097247188,1.0420330888589338,11,11,0,1,998.9162094326368,980.2771344285004,0.018659297775058703,0.07209952540572451,0.0013477478234534927,0.07366131862748157,0.0008365144844700544,0.0007847667773105609,0.0008426603231563581,0.0680912499956321,0.1292802079988178,0.37910112499957904,0.4437416459986707
endpoints,30.0,8.895707312287448e-05,0.05,-3.6,4.0,1.0,2.0,74613,0 1 2 5 6 7 11 23,0 4 8 9 15 17 21 23,43.554568437152966,44.72150192652652,30.081174164545047,30.09956859658125,0.447016368271137,42.683406283167514,0.4180736892028265,0.020409855488243922,0.020409855488243922,46.39298788067751,46.39298788067751,-2.8384194435245433,0,0.06516927030559927,1.0267924475260817,121,121,0,1,1002.5613053685303,984.6519988120727,0.017863552543426975,0.07273214090201535,0.002327427755405079,0.07181812819353711,0.001516939980860866,0.0014827679954946811,0.0015596935629142335,0.10318704199744388,0.1287240420060698,0.3865143330185674,0.4508767710212851
endpoints,30.0,8.895707312287448e-05,0.05,-2.4000000000000004,4.0,1.0,2.0,74613,0 1 5 10 12 14 15 23,0 2 5 7 9 14 21 23,27.255283580655032,28.151537075313495,25.10851047787553,26.416372486395776,0.03175724050269535,26.680696978293085,0.01000608588607066,0.02153566688416797,0.02153566688416797,29.409531382702216,29.409531382702216,-2.154247802047184,0,0.07903963999025132,1.0328836605939626,42,42,0,1,998.0224624046791,993.1981741526814,0.004833847366895738,0.07557441494555135,0.0027719359198295677,0.07438744134533064,0.002553436525007229,0.0023908243632191455,0.0025583343875497416,0.10678250002092682,0.12230895800166763,0.4218821249960456,0.48303697899973486
endpoints,30.0,8.895707312287448e-05,0.05,-1.2000000000000002,4.0,1.0,2.0,74613,0 2 6 9 14 18 22 23,0 4 8 9 14 18 19 23,21.688520430118782,22.399102461336426,16.76611059861199,17.205197797029896,0.2605795461336011,21.688520430118782,0.2605795461336011,0.0,0.0,22.774709750196223,22.774709750196223,-1.086189320077441,0,0.05008130100793107,1.0327630477840646,15,15,0,1,997.8336114497565,981.71199171698,0.016156621252067627,0.07333057838237957,0.004173160645456245,0.07413104960043072,0.0032205973935522936,0.0031221662497258446,0.0032240482942759744,0.09179125001537614,0.12385883301612921,0.44093387501197867,0.5028645825077547
endpoints,30.0,8.895707312287448e-05,0.05,0.0,4.0,1.0,2.0,74613,0 1 10 11 12 13 14 23,0 1 2 3 4 5 6 23,2.249007468767542,2.609898257795729,2.2414943669619505,2.498173146030453,-0.09973915445325732,2.249007468767542,-0.09973915445325732,0.0,0.0,2.659005064764237,2.659005064764237,-0.4099975959966953,0,0.1823015715556402,1.1604666921030526,74613,74613,0,1,2.819315243919212,2.7842712381412262,0.012429970665242096,0.07319389176392017,0.02921000960587766,0.0729610771779592,0.027866568380800667,0.03135579370167238,0.032348269973645524,1.1041372919862624,0.10393429201212712,1.390035499993246,1.4420029379980406
endpoints,30.0,8.895707312287448e-05,0.05,1.1999999999999993,4.0,1.0,2.0,74613,0 1 2 3 5 8 17 23,0 1 5 10 13 15 21 23,39.854156006928505,40.3266381801691,31.689328235084567,31.69554670401739,0.2574055396203978,37.40933931911566,0.1802711487659574,0.0653531105416656,0.0653531105416656,40.32663818016909,37.98601365290231,1.8681423540261974,1,0.011855279864876556,1.0118552798648766,6,6,0,1,1002.9252838250811,958.5317483358459,0.04426405057804672,0.07263419299483256,0.0022026643231922815,0.07200711160650321,0.0016966396157157503,0.001713816451765546,0.001717560600761384,0.10498416700283997,0.11047033302020282,0.3912080000154674,0.44644350052112713
endpoints,30.0,8.895707312287448e-05,0.05,2.4000000000000004,4.0,1.0,2.0,74613,0 1 2 3 8 9 21 23,0 2 6 8 11 14 22 23,82.8952023936257,83.02506101048233,72.02541330669231,72.0600688205104,0.1503625204703012,82.8952023936257,0.1503625204703012,0.0,0.0,83.02506101048235,82.7375659980772,0.15763639554849362,1,0.001566539595862615,1.0015665395958624,1,1,0,1,1002.8559874431658,973.4426166610357,0.02932960579626298,0.07245457517330918,0.0009165176143046581,0.07205333588798013,0.0007788933687922846,0.0007798460052061589,0.0007801300536246296,0.10138283300329931,0.10923629201715812,0.35686487500788644,0.4114836880180519
endpoints,30.0,8.895707312287448e-05,0.05,3.5999999999999996,4.0,1.0,2.0,74613,0 3 5 6 7 9 14 23,0 3 5 6 7 9 14 23,192.4681846413495,192.59220057434763,192.4681846413495,192.59220057434763,-0.0006439301935815545,192.4681846413495,-0.0006439301935815545,0.0,0.0,194.09540247197225,194.09540247197225,-1.6272178306227545,0,0.008454476949813605,1.000644345106851,3,3,0,1,1003.236223205657,1003.236223205657,0.0,0.07248296896955782,0.00028739757028116485,0.07248296896955782,0.00028739757028116485,0.00028601181748595244,0.0002875904160662024,0.08558099999208935,0.10867554202559404,0.36065312498249114,0.41499156299687456
endpoints,30.0,8.895707312287448e-05,0.05,4.799999999999999,4.0,1.0,2.0,74613,0 3 5 6 7 8 20 23,0 3 5 8 12 13 20 23,348.5804866558059,348.7743226175397,280.3729611330729,280.51630184401745,0.24263896381193528,335.18170006648035,0.19487422963696366,0.03997469607281068,0.03997469607281068,353.20630159154786,353.20630159154786,-4.625814935741971,0,0.01327043570373343,1.0005560723251994,19,19,0,1,1001.8422026255823,998.2886127645471,0.0035470554661424236,0.07236302592551982,0.00016900663682849106,0.07210443239835998,0.00011777956923433405,0.00011777956923433405,0.00011786440166282282,0.10012541699688882,0.11087575001874939,0.3666934159991797,0.4221319580101408
endpoints,30.0,8.895707312287448e-05,0.05,6.0,4.0,1.0,2.0,74613,0 1 2 3 5 8 11 23,0 4 12 13 16 20 22 23,538.1066108889362,538.3511628897777,491.2755996815197,491.48278680370805,0.09486359509849751,522.6559362530228,0.06342673698105505,0.02956184664557915,0.02956184664557915,538.3511628897777,537.9818291894853,0.12478169945086393,1,0.00045446756440603586,1.000454467564406,9,9,0,1,1006.3847138148165,994.9702041815036,0.011342093611542259,0.07277235193012484,5.910986611499791e-05,0.07152436660741766,4.3901127133417345e-05,4.3901127133417345e-05,4.393934004917947e-05,0.06896054098615423,0.10384441600763239,0.31455550002283417,0.36647799900674727
free,20.0,0.0008895707312287448,0.03,0.0,0.0,1.0,2.0,735471,0 1 2 3 4 5 6 7,0 1 2 3 4 5 6 7,0.920953450756187,0.9894939275982013,0.920953450756187,0.9894939275982013,-0.06926821371039904,0.920953450756187,-0.06926821371039904,0.0,,0.9894939275982013,0.9894915703894609,-0.06853811963327394,0,0.0744233889190995,1.0744233889190995,735471,199936,1,0,0.9902204176946969,0.9902204176946969,0.0,0.08378248341114047,0.08378248341114047,0.08378248341114047,0.08378248341114047,0.08767170982262312,0.0900783285718622,4.694397415994899,0.09575375000713393,7.409973541012732,7.4578512080188375
free,20.0,0.0008895707312287448,0.03,-6.0,1.0,1.0,2.0,735471,0 1 2 3 4 5 6 7,4 5 6 7 8 9 10 11,86.86459578067368,86.88487235037839,85.23534704462803,85.24665703186712,0.018979497908073295,86.86459578067368,0.018979497908073295,0.0,0.0,86.88487235037833,86.82362844285058,0.0409673378231048,1,0.00023342731894882007,1.0002334273189495,1,1,0,1,101.08356525418696,100.6496383127518,0.004292754616875616,0.08378272038492615,9.325631797280095e-05,0.08319895343227524,6.800624600108826e-05,6.506817115666654e-05,6.816045698787145e-05,0.21693545798189007,0.1506436659838073,3.4624922499933746,3.5378142499830574
free,20.0,0.0008895707312287448,0.03,-4.8,1.0,1.0,2.0,735471,0 1 2 3 4 6 10 14,1 2 3 4 5 7 11 15,77.62938491708437,77.82242163343517,77.3849463234805,77.91942149437072,-0.00372226297018019,77.5515362849612,-0.004721354475611728,0.0010038309471667173,0.0010038309471667173,77.96707360647503,77.96707360647503,-0.3376886893906601,0,0.004350011142705057,1.0024866449290688,17,17,0,1,100.99760551906859,100.83346669133638,0.001625175437463322,0.08354781075898234,0.00018266272683174957,0.08340242181701814,0.00018213097203957925,0.0001716820372119287,0.00018471822806877898,0.19003141700522974,0.17276358298840933,3.517138499999419,3.6035207914974308
free,20.0,0.0008895707312287448,0.03,-3.6,1.0,1.0,2.0,735471,0 1 2 4 5 7 8 18,3 4 6 7 11 12 19 22,59.92887694853455,59.95234514328717,53.618148404601804,53.63805780043738,0.11728275418737977,58.91780137732585,0.09843278808736833,0.017160782438799593,0.017160782438799593,59.95234514328713,59.680041419141986,0.24883552939256504,1,0.00039160077657940384,1.00039160077658,7,7,0,1,100.86713279852128,100.0659355291092,0.007943095507755293,0.08344605441639945,0.0006661540253771703,0.08268462401236139,0.0004896017400856578,0.0004896017400856578,0.0004900344317357141,0.15458095801295713,0.17263608300709166,3.426110208994942,3.512428916510544
free,20.0,0.0008895707312287448,0.03,-2.4000000000000004,1.0,1.0,2.0,735471,0 1 2 4 5 6 8 12,8 10 14 18 19 21 22 23,37.44184785310249,37.71814227729195,32.977313608681946,32.99555849718433,0.134754177787219,35.576262199593174,0.07821366935277285,0.05243905734230414,0.05243905734230414,37.718142277291946,37.396119221391466,0.045728631711021706,1,0.007379294560286187,1.0073792945602862,95,95,0,1,101.01334073441586,98.87658489206952,0.021153204386778035,0.08359309888214696,0.0016438944589204192,0.08204294264139544,0.0012855878976942142,0.0012855878976942142,0.0012907278513751234,0.17916362499818206,0.08182537500397302,3.2887389160168823,3.329652395521407
free,20.0,0.0008895707312287448,0.03,-1.2000000000000002,1.0,1.0,2.0,735471,0 2 3 4 5 6 8 14,7 10 13 16 20 21 22 23,22.219331047922616,22.234365067579276,17.671333217038757,17.679659440684006,0.25677370214451223,22.219331047922616,0.25677370214451223,0.0,0.0,22.234365067579276,22.169071948925215,0.050259098997401,1,0.0006766189145943624,1.0006766189145944,1,1,0,1,100.9717583097859,99.04755565324506,0.019056840137786857,0.08351727165885141,0.0038343478453171068,0.0817019719462945,0.002785010112342411,0.002785010112342411,0.0027871830594974863,0.16345391698996536,0.09012516698567197,3.447732958011329,3.492795666505117
free,20.0,0.0008895707312287448,0.03,0.0,1.0,1.0,2.0,735471,0 1 2 9 10 11 12 13,0 1 2 3 4 5 6 7,1.0220225062436752,1.0925313418916147,1.0210098569227724,1.0890831591693966,-0.06157532816581801,1.0220225062436752,-0.06157532816581801,0.0,,1.0972945284449878,1.0972945284449878,-0.07527202220131257,0,0.07365006322411238,1.0689895136527732,735471,199936,1,0,1.0991820564812236,1.0990274905042479,0.00014061908676943347,0.0836215936556776,0.0758920716545122,0.08378300985039085,0.07579748312054313,0.0789047740948611,0.08108240176391356,6.345720333978534,0.0987553329905495,9.706286666012602,9.755665457516443
free,20.0,0.0008895707312287448,0.03,1.1999999999999993,1.0,1.0,2.0,735471,0 1 2 3 6 7 8 9,0 1 2 3 6 7 8 9,42.6162414114102,42.63427056946133,42.6162414114102,42.63427056946133,-0.00042287947724484187,42.6162414114102,-0.00042287947724484187,0.0,0.0,42.63427056946132,42.3911040984905,0.22513731291969918,1,0.0004230583799511578,1.0004230583799514,1,1,0,1,101.09329534853936,101.09329534853936,0.0,0.08363373340280285,0.0010720843477890533,0.08363373340280285,0.0010720843477890533,0.0010720843477890533,0.0010727817510947635,0.1719241249957122,0.09452070799306966,3.1442471250193194,3.1915079789905576
free,20.0,0.0008895707312287448,0.03,2.4000000000000004,1.0,1.0,2.0,735471,0 1 2 3 6 7 8 9,0 3 7 9 10 18 20 23,73.89229005882895,73.91764377320567,68.01000882398297,68.0280644356257,0.0862030350540477,72.20495348573499,0.06139949864459027,0.02336870937015867,0.02336870937015867,73.99416960254129,73.99416960254129,-0.10187954371234298,0,0.0013787574269417124,1.000343117182544,75,75,0,1,100.98145691176674,99.9426020643632,0.010287580306067912,0.08363373257578324,0.00033982971209748036,0.08254045574060866,0.00022708358196689115,0.00022708358196689107,0.00022738764962887818,0.20225179099361412,0.1159409579995554,3.3235280830122065,3.381498979011667
free,20.0,0.0008895707312287448,0.03,3.5999999999999996,1.0,1.0,2.0,735471,0 1 3 4 5 6 8 9,0 1 2 3 9 12 14 17,87.91384569336972,87.96905449108154,84.73760455371868,84.74850018668035,0.037349870495842374,86.81023028371564,0.02432762930900023,0.01271296488958984,0.01271296488958984,88.10125030913396,88.10125030913396,-0.18740461576423684,0,0.0021316848817860556,1.0006279875175108,242,128,0,1,101.09333846734215,100.54107245009637,0.005462931837236673,0.08363585636565475,9.730049577144148e-05,0.0831917361048799,5.612246265813544e-05,5.1765742698655035e-05,5.664871787902869e-05,0.12842154197278433,0.10840358299901709,3.212830833013868,3.26703358249506
free,20.0,0.0008895707312287448,0.03,4.799999999999999,1.0,1.0,2.0,735471,0 1 3 4 6 7 9 10,0 1 2 4 8 10 11 12,92.30573756092619,92.31467260065303,91.63829427972216,91.64722464533439,0.007185301225871132,91.95908993897976,0.003402888574665086,0.0037695851728900553,0.0037695851728900553,92.314672600653,92.1989244836162,0.10681307730999379,1,9.679831354914015e-05,1.0000967983135494,9,9,0,1,100.92015367115125,100.84977841688561,0.0006973359800358514,0.08356002922690638,2.218660294340671e-05,0.08340191911203697,1.38817402199487e-05,1.2621446279255065e-05,1.3906053580178675e-05,0.18465954100247473,0.10694337502354756,3.3581817919912282,3.4116537705122028
free,20.0,0.0008895707312287448,0.03,6.0,1.0,1.0,2.0,735471,0 1 2 3 5 6 7 9,0 1 2 5 6 8 9 12,93.34029099709676,93.34719866400054,93.27033480281257,93.2773802032602,0.0006744485501144482,93.27243417584302,-5.302493923386997e-05,0.0007275120656313749,0.0007275120656313749,93.34719866400053,93.3226934385308,0.01759755856595291,1,7.400520000500066e-05,1.0000740052000052,4,4,0,1,101.11711447711653,100.95683903896662,0.001585047585452859,0.08368967465927765,7.64223162366344e-06,0.08349988067036525,4.93796175217352e-06,4.183976416425452e-06,4.944622229275091e-06,0.1686374999990221,0.09711099998094141,3.3122109579853714,3.3607666669704486
free,20.0,0.0008895707312287448,0.03,-6.0,2.0,1.0,2.0,735471,0 1 2 3 4 5 6 7,0 1 2 3 4 6 12 15,84.42503359805833,84.43667106870807,84.17677697721625,84.19406801607201,0.0027432524336779007,84.42503359805833,0.0027432524336779007,0.0,0.0,84.48300797393361,84.48300797393361,-0.05797437587527554,0,0.0006866965093705879,1.0001378438379442,3,3,0,1,101.16219658772606,100.90993453659176,0.002493639517955115,0.08378271985096189,0.00010554355443528097,0.08348618761247024,9.917250741143823e-05,9.082219857094753e-05,9.924333255006339e-05,0.17734654201194644,0.11650266702054068,3.4310349999868777,3.4892875005025417
free,20.0,0.0008895707312287448,0.03,-4.8,2.0,1.0,2.0,735471,0 1 2 3 4 5 8 11,3 5 7 11 13 15 18 19,74.378134105477,74.61210995982005,71.9649020883271,71.98235426754668,0.03328287692599763,72.66669584742002,0.00950707415500407,0.023551893176078087,0.023551893176078087,74.61210995982002,74.56991857188297,-0.19178446640596292,0,0.0031457612799374868,1.003145761279938,257,134,0,1,101.12490019148844,99.97313191341243,0.011389561580728791,0.08366716618491067,0.0002727581066685744,0.08255958480398322,0.00021694649296506285,0.00021192014280416188,0.00022033463918930395,0.20184225001139566,0.10941175001789816,3.45359124999959,3.508297541018692
free,20.0,0.0008895707312287448,0.03,-3.6,2.0,1.0,2.0,735471,0 1 3 4 5 6 7 8,5 6 7 8 19 20 22 23,48.75928588217745,48.77576523741965,38.97897642174421,38.98969727443201,0.25056846527895393,47.77551747585516,0.22533696888138088,0.02059147568248676,0.02059147568248676,48.77576523741965,48.663876601033735,0.09540928114371638,1,0.0003379736791473409,1.0003379736791473,55,55,0,1,101.12526190228925,99.47275883969417,0.016341149891822226,0.08367416677159757,0.0012564876539556914,0.08213986744323956,0.00079445958676663,0.0007939038458981237,0.0007948894868921862,0.15919291699538007,0.10922187499818392,3.223809416987933,3.2784213544946397
free,20.0,0.0008895707312287448,0.03,-2.4000000000000004,2.0,1.0,2.0,735471,0 1 2 4 5 9 11 13,15 16 17 18 19 20 21 22,39.78997872102579,39.81434634257302,30.946037511192177,30.96193654768003,0.2851256464449814,39.78997872102579,0.2851256464449814,0.0,0.0,39.81434634257302,39.594410282401284,0.19556843862450535,1,0.0006124059959435879,1.0006124059959436,1,1,0,1,100.81581056841218,98.7358532826619,0.02063126085108291,0.08345678194973644,0.0018058931594493025,0.08138351623535567,0.001154504425377135,0.001154504425377135,0.0011555690859932828,0.2281325410003774,0.12545558300917037,3.358461208001245,3.421190041510272
free,20.0,0.0008895707312287448,0.03,-1.2000000000000002,2.0,1.0,2.0,735471,0 1 2 3 4 8 10 11,0 7 8 9 12 15 19 20,27.432481445789563,27.44824770786397,22.534712940813822,22.545542227048756,0.21675855783489473,26.85986648952608,0.191360412583081,0.021318607688789903,0.021318607688789903,27.448247707863963,27.368022748793322,0.0644586969962404,1,0.000574729708850974,1.0005747297088514,11,11,0,1,100.94187746095325,99.96625238221078,0.00966521629360284,0.08357251710547577,0.002817260369298551,0.08256915637944764,0.0021186051369812844,0.002108602397820209,0.0021200773626775106,0.1746968750085216,0.09762158300145529,3.4568125839869026,3.505624458499369
free,20.0,0.0008895707312287448,0.03,0.0,2.0,1.0,2.0,735471,0 1 10 11 12 13 14 23,0 1 2 3 4 5 6 7,1.3239195351479356,1.4003294117923228,1.3214987608570363,1.3853055818658269,-0.04431227847592456,1.3239195351479356,-0.04431227847592456,0.0,,1.4193539068287693,1.4193539068287693,-0.09543437168083369,0,0.07208472202970384,1.0577148947619759,735471,199936,1,0,1.428011228120147,1.4253684504984672,0.0018506700575168233,0.08308408296186139,0.05908570407417405,0.08378300985039085,0.05894135843789761,0.060655431830288806,0.062390106429711115,6.065849166014232,0.12411537501611747,9.278896207979415,9.340955520499847
free,20.0,0.0008895707312287448,0.03,1.1999999999999993,2.0,1.0,2.0,735471,0 1 2 3 5 6 8 17,0 1 2 13 14 17 20 21,45.91779927793467,45.930113128753106,41.86710451620027,41.879232095304346,0.0964336493429434,43.42980930892229,0.03702496765196894,0.05728760979158265,0.05728760979158265,45.93011312875312,45.897990245828325,0.01980903210634466,1,0.0002681716243393417,1.0002681716243391,121,121,0,1,100.89499053008988,99.97182767411671,0.009149739259828316,0.08350389361257467,0.0011043505857272417,0.08257152659072407,0.0009081937628245641,0.0009081937628245641,0.0009085357450519797,0.2019258750078734,0.1248023749794811,3.4037680419860408,3.4661698544805404
free,20.0,0.0008895707312287448,0.03,2.4000000000000004,2.0,1.0,2.0,735471,0 1 2 3 4 8 9 15,0 1 2 3 4 8 9 15,72.01678205360123,72.37617905742847,72.01678205360123,72.37617905742847,-0.004965680815259277,72.01678205360123,-0.004965680815259277,0.0,0.0,72.37617905742847,72.04540007808441,-0.028618024483179738,0,0.0049904618559566405,1.0049904618559566,2,2,0,1,100.94927694540554,100.94927694540554,0.0,0.08390268354432409,0.00026968753077137635,0.08390268354432409,0.00026968753077137635,0.00026968753077137624,0.0002699234078253659,0.14658529200823978,0.11634287500055507,3.398935583012644,3.457107479509432
free,20.0,0.0008895707312287448,0.03,3.5999999999999996,2.0,1.0,2.0,735471,0 1 2 3 5 6 7 8,0 1 2 3 11 14 22 23,82.969175510458,82.9810512183597,81.40346683573051,81.41152256124171,0.019133077237863283,82.969175510458,0.019133077237863283,0.0,0.0,82.9810512183597,82.97259722273132,-0.0034217122733224414,0,0.00014313397510146153,1.0001431339751015,2,2,0,1,101.12409250861211,100.07664828570603,0.010358008630009463,0.08370890595452413,0.00013864865739101972,0.08279429240897535,0.00010817864882076894,0.00010532848859556126,0.00010824624796257737,0.10028845799388364,0.10848712499137037,2.9925379590131342,3.0467821874917718
free,20.0,0.0008895707312287448,0.03,4.799999999999999,2.0,1.0,2.0,735471,0 1 2 3 4 8 9 12,0 1 4 5 6 8 9 14,91.18776382319345,91.1978297751595,91.03981591999285,91.04820935589973,0.001532753562985656,91.18776382319345,0.001532753562985656,0.0,0.0,91.19782977515955,91.1853279974557,0.002435825737748587,1,0.00011038709081212517,1.0001103870908117,1,1,0,1,101.0345731624256,100.77551250740117,0.002564079274209985,0.0835715525257578,2.8311708381722354e-05,0.08342390353869848,2.5186821054824135e-05,2.1947850950496453e-05,2.522237324778992e-05,0.13777750000008382,0.11195487499935552,3.102206165989628,3.158184812491527
free,20.0,0.0008895707312287448,0.03,6.0,2.0,1.0,2.0,735471,0 1 2 4 5 6 10 11,0 1 3 4 6 9 10 12,92.96698267550035,92.97445894770217,92.88129558482701,92.88898672220508,0.0008396684692937306,92.88129558482701,-8.279923863374616e-05,0.0009225440938760432,0.0009225440938760432,92.97445894770217,92.93795072368775,0.029031951812598322,1,8.041857427953936e-05,1.0000804185742795,7,7,0,1,100.95480283630596,100.90054134665449,0.000537482993646643,0.08357455592381895,1.0154401673802863e-05,0.08346178938322645,8.114400019756777e-06,6.137553522458254e-06,8.12520955260371e-06,0.1630086659861263,0.09115229101735167,2.9833251659874804,3.0289021034986945
free,20.0,0.0008895707312287448,0.03,-6.0,4.0,1.0,2.0,735471,0 1 2 4 5 7 8 10,2 3 4 6 7 9 10 14,78.22555858738838,78.47576380490064,76.18478594331447,76.55293044573271,0.021849302592555464,78.18046894986617,0.021260303095610444,0.0005767378749177432,0.0005767378749177432,78.47576380490064,78.3948873776413,-0.16932879025291925,0,0.0031985098224993624,1.0031985098224994,7,7,0,1,101.05513958082345,100.73333351015243,0.003184460206634432,0.08361494531918981,0.00020267936073165718,0.0832810161262127,0.00017166157908375454,0.00016561446429877008,0.00017497715275460358,0.16678366699488834,0.07822616698103957,3.047331415989902,3.0864452084788354
free,20.0,0.0008895707312287448,0.03,-4.8,4.0,1.0,2.0,735471,0 1 2 3 4 5 6 7,3 7 12 16 17 20 21 23,68.19812605604731,68.2688957937061,51.82911831871929,51.83886732020836,0.315579015930034,67.3889283262289,0.2999691507526181,0.012007873547136505,0.012007873547136505,68.2688957937061,68.21402944381946,-0.015903387772141286,0,0.0010377079511043608,1.0010377079511044,28,28,0,1,101.2520807787936,99.32952319606349,0.018987832822224493,0.08378278781488761,0.0007266449028313488,0.08196431074821912,0.000311039148208849,0.000311039148208849,0.00031218908344253184,0.14513195902691223,0.1003344589844346,3.1345813749940135,3.1847493124951143
free,20.0,0.0008895707312287448,0.03,-3.6,4.0,1.0,2.0,735471,0 1 2 5 6 7 8 11,3 7 10 16 18 19 21 22,56.270183686091016,56.28981054886774,45.373377884611564,45.386400541681816,0.2398027385849597,55.63051678732464,0.22570893755354904,0.0114984892412886,0.0114984892412886,56.65981457648067,56.65981457648067,-0.3896308903896539,0,0.00692428680459356,1.0003487968492553,55,55,0,1,100.97611076555722,99.38656042412826,0.015741845565031887,0.08355845445965737,0.0009514753412157804,0.08202878563155565,0.0005676874267169591,0.000559226014127747,0.0005680739660043624,0.21704554199823178,0.10627962497528642,3.1756586249975953,3.2287993534991983
free,20.0,0.0008895707312287448,0.03,-2.4000000000000004,4.0,1.0,2.0,735471,0 2 3 4 5 7 11 19,1 3 4 6 8 10 12 15,45.52096014585095,45.69856858891152,43.29847018552377,43.31506366619434,0.050926774497118465,43.76548031423409,0.010398614475344292,0.040111060566743406,0.040111060566743406,45.6985685889115,45.52425405340376,-0.0032939075528091166,0,0.003901684904964231,1.003901684904965,83,83,0,1,100.74819443321387,100.64675759224274,0.001006835323866473,0.08333002473403703,0.001034240933374042,0.0831978131987665,0.0009310073693062017,0.000918595362460427,0.0009379740047617557,0.1490501249791123,0.10937650001142174,3.1411700829921756,3.1958589169953484
free,20.0,0.0008895707312287448,0.03,-1.2000000000000002,4.0,1.0,2.0,735471,0 1 2 3 4 5 7 16,0 4 8 9 14 18 19 23,39.01714762713727,39.22031523798914,35.772073673425645,35.783716897259225,0.09036039322471012,38.772308039472925,0.08351818652026632,0.006314805593081507,0.006314805593081507,39.22031523798913,39.15517091379986,-0.13802328666258745,0,0.005207136431227832,1.005207136431228,7,7,0,1,101.01942248737944,99.68372054749521,0.013222229022850529,0.08358153862360045,0.001446171496544195,0.08284619121962984,0.0012227578086342979,0.0012213489484113862,0.001223336543942942,0.1860383750172332,0.1324221669929102,3.109572500019567,3.1757842505176086
free,20.0,0.0008895707312287448,0.03,0.0,4.0,1.0,2.0,735471,0 1 10 11 12 13 14 23,0 1 2 3 4 5 6 7,2.5121905205812167,2.6113892625618274,2.5076680843573596,2.562014776215715,-0.019447294409477345,2.5121905205812167,-0.019447294409477345,0.0,,2.684036138982937,2.684036138982937,-0.1718456184017203,0,0.06840469183920117,1.0394869502006003,735471,199936,1,0,2.749615904666994,2.7210887522945177,0.010374959034844311,0.08308408296186139,0.03153962668526029,0.08378300985039085,0.03119412167401534,0.031353999548172126,0.03245869648213546,5.526645583013305,0.10461824998492375,8.475233707984444,8.527544332988327
free,20.0,0.0008895707312287448,0.03,1.1999999999999993,4.0,1.0,2.0,735471,0 2 3 4 5 7 11 14,1 5 6 7 11 15 16 21,54.350554584678235,54.35602416804737,50.8348129861261,50.83969051839678,0.06905754205980119,53.65832950572653,0.05544170231150014,0.012900608075729014,0.012900608075729014,54.35602416804737,54.16729169260744,0.18326289207079327,1,0.00010063528166237568,1.0001006352816624,6,6,0,1,100.80817838169087,100.1405532999979,0.006622727366078607,0.08343996404702099,0.000751665932413563,0.08272774564721107,0.0006323902089505727,0.0006323902089505727,0.0006324282474286664,0.12386929200147279,0.0953784590237774,3.104966458020499,3.1526565215317532
free,20.0,0.0008895707312287448,0.03,2.4000000000000004,4.0,1.0,2.0,735471,0 1 2 3 5 6 7 8,1 2 3 6 7 8 12 17,70.17944468229861,70.19142767751175,65.29684728070862,65.30689876778403,0.07460997239878431,67.92332901305011,0.040063611879190386,0.03321562270328404,0.03321562270328404,70.19142767751177,70.03872235868273,0.14072232361587567,1,0.0001707479343475704,1.0001707479343473,141,128,0,1,101.00487182840229,100.68064488611026,0.00321001290752454,0.08370890662677538,0.00039220666451660443,0.08324640745035737,0.0002964203535063537,0.00029139746599756426,0.0002965402149580724,0.13477291699382477,0.10911950000445358,3.008842334005749,3.063402750020032
free,20.0,0.0008895707312287448,0.03,3.5999999999999996,4.0,1.0,2.0,735471,0 1 4 5 6 7 10 16,0 3 5 6 7 9 14 23,83.2416212060497,83.25309083113544,78.10143718959995,78.11129726917412,0.06567966627408994,83.22546086096946,0.06547277756982806,0.00019417549525169164,0.00019417549525169164,83.54318093920442,83.54318093920442,-0.3015597331547184,0,0.0036227037482639,1.0001377871420518,3,3,0,1,100.77092759740756,100.4359756592258,0.0033238945613355275,0.0833801013342111,0.00017788179163591227,0.0830113131008038,0.00010752513959217121,0.00010542221802896403,0.00010759491194169439,0.13340991697623394,0.10213045799173415,2.972464291000506,3.0235301869979594
free,20.0,0.0008895707312287448,0.03,4.799999999999999,4.0,1.0,2.0,735471,0 1 3 4 5 6 8 9,0 1 4 5 9 12 16 19,89.11771509149591,89.1276636628405,86.44806820217785,86.45638161035774,0.030782383342530917,88.54738782779204,0.024185678124468035,0.006440927030089805,0.006440927030089805,89.1276636628405,89.12380552336174,-0.006090431865828805,0,0.00011163404867797766,1.000111634048678,49,49,0,1,101.08465241522148,100.45566570833479,0.006222375918186196,0.08363585632929958,7.780558930974683e-05,0.08303424379574346,4.2061944680412464e-05,3.9825197810894576e-05,4.2097136188101886e-05,0.12176537502091378,0.08893125000759028,3.0874404170026537,3.1319068749871803
free,20.0,0.0008895707312287448,0.03,6.0,4.0,1.0,2.0,735471,0 1 3 4 5 6 8 9,0 2 5 7 8 9 10 14,91.75032454776904,91.757931726247,90.88471097079685,90.89222720746184,0.00944082202264207,91.64016109543738,0.008228799215893146,0.0012021307144685078,0.0012021307144685078,91.75793172624695,91.71167569582568,0.03864885194336409,1,8.291173372310112e-05,1.0000829117337235,4,4,0,1,101.06841882877777,100.72884054864659,0.0033598851556831955,0.08363585636565475,3.0594380082210434e-05,0.0832756013021727,1.7986792524289508e-05,1.6255296977256486e-05,1.7999733723733702e-05,0.12006191699765623,0.10117041700868867,3.022979208995821,3.0735648754780414
free,20.0,0.0008895707312287448,0.05,0.0,0.0,1.0,2.0,735471,0 1 2 3 4 5 6 7,0 1 2 3 4 5 6 7,0.8060005892593549,0.9880146788126197,0.8060005892593549,0.9880146788126197,-0.18422204999221914,0.8060005892593549,-0.18422204999221914,0.0,,0.9880146788126197,0.9880112639732642,-0.1820106747139093,0,0.22582376735049303,1.225823767350493,735471,199936,1,0,0.9902204176946969,0.9902204176946969,0.0,0.07333211405477504,0.07333211405477504,0.07333211405477504,0.07333211405477504,0.0876765495420848,0.09008194745047841,4.845140082994476,0.11569341600988992,7.580850875005126,7.638698416019906
free,20.0,0.0008895707312287448,0.05,-6.0,1.0,1.0,2.0,735471,0 1 2 3 4 5 6 7,4 5 6 7 8 9 10 11,68.0808345547025,68.86809541657715,66.44339731955874,66.93317432754073,0.01714635886751248,68.0808345547025,0.01714635886751248,0.0,0.0,68.86809541657715,68.83898114242663,-0.7581465877241271,0,0.011563619438919925,1.01156361943892,239,239,0,1,101.08356525418696,100.6496383127518,0.004292754616875616,0.07333243705786735,0.0002060360107884726,0.07267722349949723,0.0001657397584817518,0.00015969983035312962,0.0001777952961006962,0.1829135000007227,0.18587195800500922,3.5183142500172835,3.611250978996395
free,20.0,0.0008895707312287448,0.05,-4.8,1.0,1.0,2.0,735471,0 1 2 3 4 6 10 14,3 4 10 12 13 18 19 23,53.02300383361208,53.065346877174505,52.31807252374722,54.28795743429271,-0.023300814038024198,52.77667872927784,-0.027838194259639293,0.0046673096955907045,0.0046673096955907045,55.325685274575555,55.325685274575555,-2.3026814409634753,0,0.04342797039921331,1.0007985787394336,948,896,0,1,100.99760551906859,99.59398585739049,0.013897553852532551,0.075032944124884,0.0004925579704395751,0.0717226256400196,0.0004620198992071477,0.0004242051800063703,0.0004628868012518544,0.2696894999826327,0.17140070899040438,3.6526312500063796,3.738331979504437
free,20.0,0.0008895707312287448,0.05,-3.6,1.0,1.0,2.0,735471,0 1 2 4 5 7 8 18,3 4 6 7 11 12 19 20,33.39286645743724,33.97820992457099,28.42731658242054,28.758530034635047,0.16114649869867748,32.38763552754039,0.12619231541162446,0.031037490496707232,0.031037490496707232,34.276342672619606,34.276342672619606,-0.8834762151823625,0,0.026457034358174925,1.0175289973347998,212,184,0,1,100.86713279852128,100.09714615645065,0.00763367234407919,0.07296181388310402,0.0016474787561836226,0.07217097367514301,0.0012344662276150855,0.0012185958961411826,0.001271382355373667,0.1898208339989651,0.1955237080110237,3.63337966700783,3.731142604025081
free,20.0,0.0008895707312287448,0.05,-2.4000000000000004,1.0,1.0,2.0,735471,0 1 2 4 5 6 8 12,8 10 14 18 19 21 22 23,16.5445154586951,17.376124397036243,14.209069904864274,14.541295325854303,0.1377607763236255,16.5445154586951,0.1377607763236255,0.0,0.0,17.69379169666899,17.653287974927547,-1.1087725162324489,0,0.06946569337997022,1.050264931627483,80,80,0,1,101.01334073441586,98.87658489206952,0.021153204386778035,0.07397882170488772,0.004197928012666098,0.07401030326026649,0.0033697394330614028,0.0031769261599478788,0.0034003339490271643,0.19984666700474918,0.08430770799168386,3.4772641669842415,3.519418603988015
free,20.0,0.0008895707312287448,0.05,-1.2000000000000002,1.0,1.0,2.0,735471,0 2 3 4 5 6 8 14,7 10 13 16 20 21 22 23,8.806546057307123,8.818206927003745,6.600186255751495,6.726678936691286,0.3091967284585282,8.806546057307123,0.3091967284585282,0.0,0.0,8.818206927003747,8.797854933574563,0.008691123732560868,1,0.0013241138603876657,1.0013241138603874,1,1,0,1,100.9717583097859,99.04755565324506,0.019056840137786857,0.07378892939918978,0.01008002215311442,0.0710518771176791,0.0071678356900357594,0.007167835690035758,0.007177212747707962,0.1833120830124244,0.08905062498524785,3.530306415981613,3.5748322704748716
free,20.0,0.0008895707312287448,0.05,0.0,1.0,1.0,2.0,735471,0 1 2 9 10 11 12 13,0 1 2 3 4 5 6 7,0.8944534933892393,1.0867433072987378,0.8919076310444125,1.080850652449796,-0.17245413012249133,0.8944534933892393,-0.17245413012249133,0.0,,1.0949046958160686,1.0949046958160686,-0.20045120242682934,0,0.22410466716082134,1.2149802257251845,735471,199936,1,0,1.0991820564812236,1.0990274905042479,0.00014061908676943347,0.07378722985089928,0.06737816790931075,0.0733328796375915,0.06658991512810566,0.07890809783077207,0.08108573352124857,6.334982083004434,0.09420033299829811,9.679907708981773,9.72700837548473
free,20.0,0.0008895707312287448,0.05,1.1999999999999993,1.0,1.0,2.0,735471,0 1 2 3 6 7 8 9,0 1 2 3 6 7 8 9,19.29254589796946,19.30444702199742,19.29254589796946,19.30444702199742,-0.0006164965002311007,19.29254589796946,-0.0006164965002311007,0.0,0.0,19.304447021997422,19.15895383200769,0.1335920659617713,1,0.0006168768026211247,1.000616876802621,1,1,0,1,101.09329534853936,101.09329534853936,0.0,0.07316591356303745,0.002900535946246393,0.07316591356303745,0.002900535946246393,0.002900535946246393,0.0029023804865208882,0.20270504200016148,0.08616854198044166,3.302059250010643,3.3451437710027676
free,20.0,0.0008895707312287448,0.05,2.4000000000000004,1.0,1.0,2.0,735471,0 1 2 3 6 7 8 9,0 3 7 9 10 18 20 23,47.721851600585246,47.75446955898856,40.29362275582553,40.31413470903887,0.1837498670134048,45.28848548045921,0.12338974425029736,0.05373034876990901,0.05373034876990901,48.069244372314536,48.069244372314536,-0.3473927717292895,0,0.007279532542803224,1.0006835015262256,239,129,0,1,100.98145691176674,99.9426020643632,0.010287580306067912,0.07316591211153363,0.0009253240355719683,0.07196945056010548,0.0006175018260573423,0.0006175018260573423,0.0006183243061107039,0.17751387500902638,0.11477633300819434,3.2505031659966335,3.307892124503269
free,20.0,0.0008895707312287448,0.05,3.5999999999999996,1.0,1.0,2.0,735471,0 1 3 4 5 6 8 9,0 1 6 7 11 14 16 19,69.92359463879419,70.09164763108993,63.50870105847267,63.52698302066297,0.10069125455006467,69.52144100885658,0.09436081650916495,0.0057845985943583145,0.0057845985943583145,70.52609116438983,70.52609116438983,-0.6024965255956403,0,0.008616498175014753,1.0024033803348333,37,37,0,1,101.09333846734215,100.18649647505033,0.008970343704543637,0.07316772936998933,0.000262187559357644,0.07233725904484212,0.00014246748572930738,0.00013979731291651246,0.00014480067766517687,0.12789262499427423,0.09681212500436231,3.259822374995565,3.308229479502188
free,20.0,0.0008895707312287448,0.05,4.799999999999999,1.0,1.0,2.0,735471,0 1 3 4 6 7 9 10,0 1 2 4 8 10 11 12,78.73063588909143,78.74663288671096,77.61548432392148,77.6313595992167,0.01416020916740246,78.08722278462646,0.005872152539427633,0.00823967201701592,0.00823967201701592,78.74663288671096,78.50277606971515,0.22785981937627753,1,0.00020318643992744967,1.0002031864399274,22,22,0,1,100.92015367115125,100.84977841688561,0.0006973359800358514,0.07308335803231496,5.1844676276914453e-05,0.07290916837141029,3.629956568034649e-05,3.474138488971375e-05,3.636349710733061e-05,0.1572891669929959,0.1276782080240082,3.276945791003527,3.340785312015214
free,20.0,0.0008895707312287448,0.05,6.0,1.0,1.0,2.0,735471,0 1 2 3 5 6 7 9,0 1 3 4 5 7 11 12,80.92933649051238,80.95044560543455,80.69427069064989,80.7064161918925,0.0027621137096442983,80.82717985838606,0.0014963329087296362,0.0012638896013112966,0.0012638896013112966,80.95044560543455,80.87634405572572,0.052992434786659715,1,0.00026083390569553444,1.0002608339056955,5,5,0,1,101.11711447711653,100.939769719588,0.0017538550070934633,0.07322846358231046,1.777303445399832e-05,0.07301615098886377,1.2415050847813448e-05,1.1373229341824719e-05,1.2529293550533756e-05,0.19835441597388126,0.09290854100254364,3.4702124999894295,3.5166671454935567
free,20.0,0.0008895707312287448,0.05,-6.0,2.0,1.0,2.0,735471,0 1 2 3 4 5 6 7,0 1 3 4 12 15 17 23,63.914549584859095,64.51708153095241,63.21152412415446,64.00167557288597,-0.001361307922753574,63.914549584859095,-0.001361307922753574,0.0,0.0,65.01474745203554,65.01474745203554,-1.1001978671764405,0,0.017213574597998438,1.0094271484350106,357,357,0,1,101.16219658772606,100.2391389794293,0.00912453109394773,0.07333243613804778,0.0002562185857171187,0.07229115687597809,0.00023092565764303073,0.00022075114436703855,0.00024133111471573784,0.24416562498663552,0.10038620900013484,3.506168666994199,3.5563629795069573
free,20.0,0.0008895707312287448,0.05,-4.8,2.0,1.0,2.0,735471,0 1 2 3 4 5 8 11,2 5 6 15 16 19 22 23,49.10260612494232,50.0438030762222,46.023859992488326,46.88564864511512,0.047284351265089786,49.10260612494232,0.047284351265089786,0.0,0.0,50.73467823154173,50.73467823154173,-1.6320721065994093,0,0.033237993568947743,1.0191679632825392,103,103,0,1,101.12490019148844,99.5678246692978,0.015397548173023412,0.07320428471841593,0.000671765985524621,0.07157271426911561,0.0005406306097864959,0.0005202078133347875,0.0005678103985981304,0.22113170797820203,0.11323824999271892,3.6488229999959003,3.705443082973943
free,20.0,0.0008895707312287448,0.05,-3.6,2.0,1.0,2.0,735471,0 1 3 4 5 6 7 8,7 9 10 14 20 21 22 23,24.844349689526414,24.8582311359574,18.11317238620513,18.123710889727803,0.3708202387849693,24.663642559058452,0.3608494810539802,0.00732686301446539,0.00732686301446539,24.85823113595739,24.829181388713803,0.015168300812611335,1,0.0005587365579879933,1.0005587365579884,9,9,0,1,101.12526190228925,97.76437087171252,0.03323493029688418,0.07321028116803002,0.003149904496194151,0.07118521986470633,0.0019740771074035464,0.0019740771074035464,0.001975211302753378,0.188122999999905,0.1266430839896202,3.365794375014957,3.429116209008498
free,20.0,0.0008895707312287448,0.05,-2.4000000000000004,2.0,1.0,2.0,735471,0 1 2 4 5 9 11 13,15 16 17 18 19 20 21 22,17.91545925853498,18.434975474376127,13.47390636181237,13.483758806636896,0.3286695138537141,17.91545925853498,0.3286695138537141,0.0,0.0,18.50088704496691,18.375190719218523,-0.45973146068354254,0,0.03267724136923977,1.0289982081030744,13,13,0,1,100.81581056841218,98.7358532826619,0.02063126085108291,0.07297076334874786,0.004522181614328684,0.07181954379402167,0.003006259989774814,0.0029320674009956455,0.00305627464157837,0.24678975000279024,0.11774962497293018,3.5721344169869553,3.631009812481352
free,20.0,0.0008895707312287448,0.05,-1.2000000000000002,2.0,1.0,2.0,735471,0 1 2 3 4 8 10 11,0 7 8 9 12 15 19 20,11.12659503059006,11.32017299458798,8.948636067679857,8.954349881314194,0.24259105106099055,10.683057932239942,0.19305790747949114,0.04151780334463839,0.04151780334463839,11.397213986027662,11.397213986027662,-0.2706189554376017,0,0.02432181226094743,1.0173977720466791,152,132,0,1,100.94187746095325,99.96625238221078,0.00966521629360284,0.07309902183105758,0.007273950105007457,0.07199435027522964,0.005470257012538878,0.0053933702670781285,0.005579864625516694,0.19821337499888614,0.12229062500409782,3.5905653750232887,3.6517111465218477
free,20.0,0.0008895707312287448,0.05,0.0,2.0,1.0,2.0,735471,0 1 10 11 12 13 14 23,0 1 2 3 4 5 6 7,1.1586656652541303,1.3808882501883355,1.1525446799763424,1.3537709252280232,-0.14411984800237176,1.1586656652541303,-0.14411984800237176,0.0,,1.414262008378499,1.414262008378499,-0.25559634312436863,0,0.2205954235023515,1.1917918098362439,735471,199936,1,0,1.428011228120147,1.4253684504984672,0.0018506700575168233,0.07319389176392017,0.05317710362255214,0.0733328796375915,0.0522160152041935,0.060656494807329306,0.06239278884761675,5.942059249995509,0.11073879100149497,9.198963041999377,9.254333228484029
free,20.0,0.0008895707312287448,0.05,1.1999999999999993,2.0,1.0,2.0,735471,0 1 2 3 5 6 8 17,0 1 2 5 12 13 17 20,21.743711094410898,21.753469619037972,18.808227611824123,19.098536957258617,0.13850140160327573,20.54057268773114,0.07550503652189233,0.05857375181162272,0.05857375181162272,21.963923011361118,21.963923011361118,-0.2202119169502197,0,0.010127614186651979,1.0004487975665564,108,108,0,1,100.89499053008988,100.08788590744604,0.007999451889567744,0.07302554817970187,0.0029340492844367842,0.07241034338051604,0.0024391094585808253,0.0024266098861130624,0.002440158247994527,0.19448199999169447,0.10887595900567248,3.365575458999956,3.4200143964844756
free,20.0,0.0008895707312287448,0.05,2.4000000000000004,2.0,1.0,2.0,735471,0 1 2 3 4 8 9 15,0 1 2 3 4 8 9 15,45.18016768393592,45.85294272653933,45.18016768393592,45.85294272653933,-0.0146724507217727,45.18016768393592,-0.0146724507217727,0.0,0.0,45.85294272653932,45.514837978872315,-0.33467029493639444,0,0.014890937264993909,1.0148909372649944,5,5,0,1,100.94927694540554,100.94927694540554,0.0,0.07407910928878415,0.0007260095321925542,0.07407910928878415,0.0007260095321925542,0.0007260095321925548,0.0007266288992907592,0.15371541600325145,0.11902820799150504,3.425510666012997,3.4850255199853564
free,20.0,0.0008895707312287448,0.05,3.5999999999999996,2.0,1.0,2.0,735471,0 1 2 3 5 6 7 8,0 1 3 4 19 20 22 23,61.097283155700616,61.11984711606726,57.94032558750724,57.953196582211646,0.05425216828253476,60.98587311555633,0.052329754218864766,0.0018268171701532054,0.0018268171701532054,61.11984711606728,61.0982721022129,-0.0009889465122867591,0,0.0003693120086725177,1.0003693120086723,4,4,0,1,101.12409250861211,99.84983097106596,0.012600968828843984,0.07324974439950786,0.0003743758449639375,0.07188918797919948,0.0002866296581910965,0.00028662965819109635,0.00028688906508751374,0.0925051250087563,0.10258425000938587,3.040049709001323,3.0913432499946794
free,20.0,0.0008895707312287448,0.05,4.799999999999999,2.0,1.0,2.0,735471,0 1 2 3 4 8 9 12,0 1 4 5 6 8 9 14,76.82484521509932,76.84027680389794,75.5452210699914,75.55995088268963,0.01674027467769923,76.82484521509932,0.01674027467769923,0.0,0.0,76.84027680389795,76.69933539623287,0.12550981886644763,1,0.00020086716420220085,1.000200867164202,1,1,0,1,101.0345731624256,100.77551250740117,0.002564079274209985,0.07309802809972432,7.784689207294892e-05,0.07293252632018876,5.957377154703199e-05,5.8924252489953214e-05,5.963991723922644e-05,0.17126954201376066,0.10734337498433888,3.2290538330271374,3.2827262295177206
free,20.0,0.0008895707312287448,0.05,6.0,2.0,1.0,2.0,735471,0 1 2 4 5 6 10 11,0 2 4 5 6 8 9 13,80.14955577355818,80.16263700828299,79.77115664810529,79.78435561377037,0.004577340469549052,80.14955577355818,0.004577340469549052,0.0,0.0,80.211773585286,80.211773585286,-0.062217811727819594,0,0.0007762714481363009,1.0001632103209874,2,2,0,1,100.95480283630596,100.86080676017669,0.0009310708702159332,0.07310072123550423,2.6658029073323923e-05,0.07293614035945985,2.0281328053231675e-05,1.68379934934972e-05,2.030941791263136e-05,0.16840587501064874,0.09908299997914582,3.0274377090099733,3.0769807919859886
free,20.0,0.0008895707312287448,0.05,-6.0,4.0,1.0,2.0,735471,0 1 2 4 5 7 8 10,0 2 6 7 10 14 18 23,54.856641487276086,55.44315301361227,51.40393468905669,52.80803646375428,0.03879343298302529,54.856641487276086,0.03879343298302529,0.0,0.0,55.59025468177976,55.59025468177976,-0.7336131945036755,0,0.01337327941729427,1.0106917140830107,49,49,0,1,101.05513958082345,100.15501168598962,0.008907294557877643,0.07420210413304473,0.0005155582813596071,0.07219456029596623,0.0004125658965031087,0.0004043454232244367,0.0004262880591589593,0.18742216701502912,0.10558758399565704,3.152177499985555,3.204972124993219
free,20.0,0.0008895707312287448,0.05,-4.8,4.0,1.0,2.0,735471,0 1 2 3 4 5 6 7,4 5 13 14 18 19 21 22,41.95819461791401,42.792097570867725,26.97200237202674,26.98364998945209,0.5549488165728309,40.95587984904325,0.517803553820662,0.024473037145463117,0.024473037145463117,42.95025302794991,42.95025302794991,-0.9920584100359022,0,0.02364397274644281,1.0198746147337254,211,145,0,1,101.2520807787936,99.35026584263986,0.018782971387113045,0.07333253647131924,0.0018280948366238227,0.07140861118838421,0.0007791628724494776,0.0007748494911133203,0.0008120608851173799,0.17703629098832607,0.09924979199422523,3.1266830419772305,3.1763092709879857
free,20.0,0.0008895707312287448,0.05,-3.6,4.0,1.0,2.0,735471,0 1 2 5 6 7 8 11,2 6 10 11 14 15 17 18,29.83878438609791,30.719125569156695,22.29386057019402,22.30480724859225,0.33777369396371526,29.83878438609791,0.33777369396371526,0.0,0.0,31.391939580648398,31.391939580648398,-1.553155194550488,0,0.0520515572770488,1.029503252266166,338,338,0,1,100.97611076555722,99.8791814179802,0.010863256063840976,0.07308191538653083,0.0023869388826861363,0.07332424737932654,0.0014973542225514237,0.0014175212646235524,0.0015210600045492495,0.3148086669971235,0.10536175000015646,3.319796709023649,3.3724784170044586
free,20.0,0.0008895707312287448,0.05,-2.4000000000000004,4.0,1.0,2.0,735471,0 2 3 4 5 7 11 19,2 4 5 9 11 13 17 23,21.481778121124144,22.010060391512454,20.51007289613121,20.696252185830375,0.03795498471126946,21.406858504822445,0.03433502416822032,0.003499794997235073,0.003499794997235073,22.234808006267407,22.234808006267407,-0.7530298851432633,0,0.03505435541217006,1.024592110923482,89,89,0,1,100.74819443321387,100.09812926068741,0.006452375411624689,0.07283305896191357,0.002629571686825984,0.07340803761179637,0.002445633094023096,0.0023501312426280623,0.0024671828464062125,0.1931273750087712,0.11229779198765755,3.2987667499983218,3.3549159379908815
free,20.0,0.0008895707312287448,0.05,-1.2000000000000002,4.0,1.0,2.0,735471,0 1 2 3 4 5 7 16,0 4 8 9 14 18 19 23,17.46738921383392,18.011500380065282,15.74937764234831,15.757552684294117,0.10850901556839032,17.37709857325646,0.10277902421843588,0.005195956056577522,0.005195956056577522,18.234601271273775,18.234601271273775,-0.7672120574398562,0,0.04392253748100128,1.0311501140537038,31,31,0,1,101.01942248737944,99.68372054749521,0.013222229022850529,0.0731117922604945,0.0037502228791944365,0.07292695025508526,0.0031593396158403502,0.0031221662497258446,0.0032240482942759744,0.2034949160006363,0.1083153749932535,3.146516332984902,3.200675270491047
free,20.0,0.0008895707312287448,0.05,0.0,4.0,1.0,2.0,735471,0 1 10 11 12 13 14 23,0 1 2 3 4 5 6 7,2.1986093354969714,2.5304384183538584,2.1870619510658202,2.431724660083969,-0.09586419400745305,2.1986093354969714,-0.09586419400745305,0.0,,2.6640277587621286,2.6640277587621286,-0.46541842326515726,0,0.21168764079679248,1.150926805185188,735471,199936,1,0,2.749615904666994,2.7210887522945177,0.010374959034844311,0.07319389176392017,0.02921000960587766,0.0733328796375915,0.028090735252782197,0.03135579370167238,0.032460190900571215,5.5811954159871675,0.1055010829877574,8.567326958000194,8.620078374500736
free,20.0,0.0008895707312287448,0.05,1.1999999999999993,4.0,1.0,2.0,735471,0 2 3 4 5 7 11 14,1 5 6 7 11 15 16 21,27.88614468719567,27.89137247152931,25.279970739165865,25.284425566271995,0.10289809092575242,27.605354233277815,0.09179281771391357,0.010171593943155033,0.010171593943155033,28.03046578732536,28.03046578732536,-0.1443211001296909,0,0.00517536940830543,1.000187468880775,18,18,0,1,100.80817838169087,100.1405532999979,0.006622727366078607,0.07295146952923022,0.00199566268402208,0.07216806464269884,0.0016978983765165222,0.0016925044071374295,0.0016980110623377109,0.11793612502515316,0.09315199998673052,3.0742237910162657,3.120800208009314
free,20.0,0.0008895707312287448,0.05,2.4000000000000004,4.0,1.0,2.0,735471,0 1 2 3 5 6 7 8,0 2 6 8 11 14 22 23,43.14734347792469,43.18542777580409,38.397093304996226,38.408118153088445,0.12339123999635904,42.275179480513245,0.10068343655920153,0.020630639730659706,0.020630639730659706,43.185427775804094,43.04455675901066,0.10278671891403235,1,0.000882656840713425,1.0008826568407132,37,37,0,1,101.00487182840229,99.75577439195746,0.012366704831494935,0.07324974555492338,0.0010175715365325117,0.07205333588798013,0.0007788933687922846,0.0007798460052061589,0.0007801300536246296,0.15293924999423325,0.10322320798877627,3.0671097500016913,3.118721769977128
free,20.0,0.0008895707312287448,0.05,3.5999999999999996,4.0,1.0,2.0,735471,0 1 4 5 6 7 10 16,0 3 5 6 7 9 14 23,61.566262055131354,61.58446992716018,53.16182497308051,53.17637307940086,0.1577747501357989,61.430957828469644,0.15523030757933354,0.002202541380512235,0.002202541380512235,62.13757188085548,62.13757188085548,-0.5713098257241285,0,0.009279592534179315,1.0002957443154907,4,4,0,1,100.77092759740756,100.4359756592258,0.0033238945613355275,0.07288564466185296,0.0004810689051568167,0.07248296896955782,0.00028739757028116485,0.00028601181748595244,0.0002875904160662024,0.14718670799629763,0.1029541669995524,3.165084416978061,3.216562083485769
free,20.0,0.0008895707312287448,0.05,4.799999999999999,4.0,1.0,2.0,735471,0 1 3 4 5 6 8 9,0 1 5 8 10 13 19 20,72.44819204507911,72.46470256063088,66.7401704433978,66.75380118281294,0.08530436861073176,71.24577710901366,0.06729168746359382,0.016876999379564994,0.016876999379564994,72.46470256063088,72.29243184679959,0.15576019827952337,1,0.00022789410040080504,1.0002278941004008,154,128,0,1,101.08465241522148,100.25456161977341,0.008211838054686504,0.07316772931942142,0.0002065126081910317,0.07228560434537898,0.00010795774527190667,0.00010795774527190664,0.0001080425111505087,0.15397791599389166,0.09585462498944253,3.052366999996593,3.1002948124951217
free,20.0,0.0008895707312287448,0.05,6.0,4.0,1.0,2.0,735471,0 1 3 4 5 6 8 9,0 2 5 7 8 11 12 14,77.73270865348822,77.747213914588,75.61897028218961,75.63187896982457,0.027777039421456484,77.73270865348822,0.027777039421456484,0.0,0.0,77.74721391458796,77.62696839471107,0.10574025877714632,1,0.00018660434392425707,1.000186604343925,1,1,0,1,101.06841882877777,100.61464190122184,0.00448979941325367,0.07316772936998933,7.784843601396803e-05,0.07268011866260563,4.5255290221374235e-05,4.3901127133417345e-05,4.529491911073548e-05,0.13062783298664726,0.10541762498905882,3.0547647920029704,3.1074741875054315
free,30.0,8.895707312287448e-05,0.03,0.0,0.0,1.0,2.0,735471,0 1 2 3 4 5 6 7,0 1 2 3 4 5 6 7,0.9291307836533779,0.9989393639526251,0.9291307836533779,0.9989393639526251,-0.06988270041039035,0.9291307836533779,-0.06988270041039035,0.0,,0.9989393639526251,0.9989391237095044,-0.06980834005612657,0,0.07513321216713664,1.0751332121671366,735471,199936,1,0,0.9990133577149808,0.9990133577149808,0.0,0.08378248341114047,0.08378248341114047,0.08378248341114047,0.08378248341114047,0.08767170982262312,0.0900783285718622,4.955344624991994,0.09575375000713393,7.556940291979117,7.6048176669864915
free,30.0,8.895707312287448e-05,0.03,-6.0,1.0,1.0,2.0,735471,0 1 2 4 5 6 8 12,1 2 11 12 13 14 15 16,534.6576011129575,536.9301995835772,452.9731737659557,453.5004132191464,0.17895725235997362,533.1092572915843,0.175543046382999,0.002904364912437396,0.002904364912437396,537.0983459464508,537.0983459464508,-2.440744833493227,0,0.004565061505555246,1.004250567963289,10,10,0,1,1010.5262513283741,1001.1794551533318,0.009249434304903548,0.08359297671090575,9.537126324516947e-05,0.08270080515192318,6.506817115666651e-05,6.506817115666654e-05,6.571093329489038e-05,0.1962578330130782,0.1506436659838073,3.596959833987057,3.6722825419856235
free,30.0,8.895707312287448e-05,0.03,-4.8,1.0,1.0,2.0,735471,0 1 3 4 6 7 10 14,1 5 7 8 9 17 20 23,311.3640633430809,313.8045430840318,302.935643965126,306.084567455746,0.01724848766868381,302.935643965126,-0.010287756474606558,0.0278224749905136,0.0278224749905136,318.59257180234493,318.59257180234493,-7.228508459264049,0,0.023215615770337594,1.0078380263757731,55,55,0,1,1009.123317447698,998.1383226801988,0.010885681241894929,0.0842458575819395,0.00018628012123230922,0.08295393501860304,0.00017539198378797245,0.0001716820372119287,0.00017614684584837769,0.09672262499225326,0.17276358298840933,3.7226006250130013,3.808982708505937
free,30.0,8.895707312287448e-05,0.03,-3.6,1.0,1.0,2.0,735471,0 1 2 4 5 7 8 20,3 4 6 7 11 12 19 22,142.7968931410369,142.9148119856901,109.31078076552274,109.38688366820664,0.30542975860039867,137.72729667750087,0.25908419783908143,0.03680894481946351,0.03680894481946351,142.91481198569,140.30891576623605,2.4879773748008347,1,0.000825780183723257,1.000825780183724,5,5,0,1,1007.3675427740623,996.9008344738131,0.010390158364072533,0.0834000476461886,0.0006734748094706404,0.08268462401236139,0.0004896017400856578,0.0004896017400856578,0.0004900344317357141,0.10588695900514722,0.17263608300709166,3.658556000009412,3.744875291493372
free,30.0,8.895707312287448e-05,0.03,-2.4000000000000004,1.0,1.0,2.0,735471,0 1 2 5 6 11 12 20,8 10 14 18 19 21 22 23,59.16887715062332,59.671277977737645,48.888543921534236,48.92663883885588,0.20933868654867416,54.23335363093486,0.10846268858887087,0.09100531664103517,0.09100531664103517,59.687347000822804,58.98796767522686,0.1809094753964544,1,0.00876254333641735,1.0084909643601212,107,107,0,1,1006.3176986974548,976.9669007232861,0.029166532609094964,0.0832070662986155,0.001611692476351905,0.0821561127742781,0.0012878546118041548,0.0012855878976942142,0.0012907278513751234,0.1640945420076605,0.08182537500397302,3.3220177500043064,3.3629309784882935
free,30.0,8.895707312287448e-05,0.03,-1.2000000000000002,1.0,1.0,2.0,735471,0 2 3 4 5 6 8 14,7 10 13 16 20 21 22 23,28.40439126428126,28.42828977292837,21.275697816374947,21.287479152158348,0.33432385588038604,28.40439126428126,0.33432385588038604,0.0,0.0,28.42828977292837,28.314349992609646,0.09004127167161258,1,0.0008413666895641381,1.0008413666895641,1,1,0,1,1009.0695352839903,988.1798234714958,0.02070195470386027,0.08351727165885141,0.0038343478453171068,0.0817019719462945,0.002785010112342411,0.002785010112342411,0.0027871830594974863,0.17414266700507142,0.09012516698567197,3.2310019999858923,3.2760652084834874
free,30.0,8.895707312287448e-05,0.03,0.0,1.0,1.0,2.0,735471,0 1 10 11 12 13 14 23,0 1 2 3 4 5 6 7,1.0321029729145983,1.1040577161950462,1.0302556779829053,1.0999457873236735,-0.06167832559652475,1.0321029729145983,-0.06167832559652475,0.0,,1.1090419920680095,1.1090419920680095,-0.07693901915341117,0,0.07454587494902754,1.06971663212756,735471,199936,1,0,1.1101090351512608,1.1098695410400894,0.00021573926847540115,0.08308408296186139,0.07544575010914374,0.08378300985039085,0.07579748312054313,0.0789047740948611,0.08108240176391356,6.5378250000067055,0.0987553329905495,9.923957207996864,9.97333633247763
free,30.0,8.895707312287448e-05,0.03,1.1999999999999993,1.0,1.0,2.0,735471,0 1 2 3 6 7 8 9,0 1 2 3 6 7 8 9,71.98527360682573,72.03337615389606,71.98527360682573,72.03337615389606,-0.0006677813763380502,71.98527360682573,-0.0006677813763380502,0.0,0.0,72.03337615389604,71.42640394953267,0.5588696572930587,1,0.0006682276062885961,1.0006682276062888,1,1,0,1,1010.3320954484859,1010.3320954484859,0.0,0.08363373340280285,0.0010720843477890533,0.08363373340280285,0.0010720843477890533,0.0010720843477890533,0.0010727817510947635,0.18794879200868309,0.09452070799306966,3.4260337500018068,3.4732945209980244
free,30.0,8.895707312287448e-05,0.03,2.4000000000000004,1.0,1.0,2.0,735471,0 1 3 4 5 8 16 21,0 3 7 9 10 18 20 23,260.9008677117695,261.17037289764045,242.296735347491,242.51803895372308,0.07579984085865954,242.296735347491,-0.0009125243103021985,0.07678243100385673,0.07678243100385673,261.1703728976406,258.81524140820994,2.085626303559536,1,0.0010329792623338108,1.0010329792623331,43,43,0,1,1005.6348716851973,998.4677587569653,0.007126953459978602,0.0831772049563976,0.00025401619729957585,0.08254045574060866,0.00022708358196689115,0.00022708358196689107,0.00022738764962887818,0.155589375004638,0.1159409579995554,3.421491791988956,3.479462520990637
free,30.0,8.895707312287448e-05,0.03,3.5999999999999996,1.0,1.0,2.0,735471,0 1 3 4 5 6 8 9,2 4 5 10 13 15 18 22,586.1861078517333,586.5797486715685,448.85776937446764,449.03332982462797,0.3054400841039371,556.3533478895502,0.23900234333793557,0.053621965384677894,0.053621965384677894,586.5797486715683,586.5653769318014,-0.37926908006818394,0,0.0006715287424290395,1.0006715287424293,107,107,0,1,1010.1032194695218,999.4971442515471,0.01049999149942793,0.08363585636565475,9.730049577144148e-05,0.08258175096468016,5.182813323943801e-05,5.1765742698655035e-05,5.1911052659641226e-05,0.11184816699824296,0.10840358299901709,3.2742775000224356,3.3284797505184542
free,30.0,8.895707312287448e-05,0.03,4.799999999999999,1.0,1.0,2.0,735471,0 1 2 3 6 10 11 14,1 4 6 9 12 14 15 17,815.0955648737454,815.3340303322116,800.9253217803115,801.1440931101304,0.01741443503559248,800.9253217803115,-0.00027307363519291084,0.0176923399823794,0.0176923399823794,815.334030332211,815.1627851776112,-0.0672203038658381,0,0.00029256134954258606,1.0002925613495433,22,22,0,1,1008.5036662780802,1002.5286622280811,0.005924623032903864,0.08341551538123988,1.5163416684909767e-05,0.08282042361931702,1.2621446279255052e-05,1.2621446279255065e-05,1.264366836729444e-05,0.16292358402279206,0.10694337502354756,3.3168085000070278,3.370281062525464
free,30.0,8.895707312287448e-05,0.03,6.0,1.0,1.0,2.0,735471,0 1 2 5 6 8 9 12,0 2 3 4 5 6 12 19,893.9375267132593,894.0653925009908,889.167368917276,889.289628375811,0.00522652934335599,889.167368917276,-0.00013747991051948905,0.0053647467987854025,0.0053647467987854025,894.0653925009909,890.9782515959175,2.9592751173418037,1,0.00014303660368941706,1.0001430366036892,8,8,0,1,1009.1704981516575,1007.7129915281603,0.0014442620213004354,0.08349988067036525,4.93796175217352e-06,0.08332886895886257,4.245135191849243e-06,4.183976416425452e-06,4.2516514217346064e-06,0.1819697089958936,0.09711099998094141,3.42957170799491,3.478127707989188
free,30.0,8.895707312287448e-05,0.03,-6.0,2.0,1.0,2.0,735471,0 1 2 3 6 7 9 10,7 8 9 10 11 13 17 21,453.0436661098119,458.06853809682843,412.05720268768687,412.4628075258489,0.09838670988879361,444.48870386120103,0.0776455373696816,0.01924674839719276,0.01924674839719276,459.44248419231576,456.94654345919867,-3.902877349386756,0,0.014124064767198075,1.011091363510639,89,89,0,1,1010.5309699245195,997.9923327013032,0.012407969271988617,0.08359477712660375,0.00011371520568947612,0.08333895538319523,9.297848553708024e-05,9.082219857094753e-05,9.306984255825771e-05,0.18341437500203028,0.11650266702054068,3.52284341698396,3.5810960415110458
free,30.0,8.895707312287448e-05,0.03,-4.8,2.0,1.0,2.0,735471,0 1 2 3 4 5 8 11,3 5 13 15 16 18 19 22,269.9873962259389,272.58640420696844,231.16095479506092,231.30675973607177,0.16722657190824397,245.83055645119697,0.06279019571973299,0.09826622094286974,0.09826622094286974,272.99536301288026,269.8876180483949,0.09977817754395346,1,0.011141137804907553,1.009626404852079,283,140,0,1,1010.450261074904,994.3292398473932,0.01595429468280951,0.08366716618491067,0.0002727581066685744,0.08282008885476622,0.00021487351995352444,0.00021192014280416188,0.00021524775810770393,0.18774212498101406,0.10941175001789816,3.5059990829904564,3.560705833006068
free,30.0,8.895707312287448e-05,0.03,-3.6,2.0,1.0,2.0,735471,0 1 2 3 4 5 8 13,5 6 7 8 19 20 22 23,92.92685070937416,92.97975821908702,62.17601859219137,62.199967562719856,0.4940015943846048,88.95198556452642,0.43009697673605607,0.04468551342189375,0.04468551342189375,92.97975821908702,92.6809311895172,0.2459195198569688,1,0.0005693457736808405,1.0005693457736808,73,73,0,1,1010.683038979224,989.4136046443218,0.021044613904260268,0.08362605792165216,0.001255514012610846,0.08213986744323956,0.00079445958676663,0.0007939038458981237,0.0007948894868921862,0.17400558397639543,0.10922187499818392,3.4133047079958487,3.467916020497796
free,30.0,8.895707312287448e-05,0.03,-2.4000000000000004,2.0,1.0,2.0,735471,1 2 3 7 9 11 13 15,15 16 17 18 19 20 21 22,65.38719111101614,65.44916455678667,47.66123057807272,47.69654328613427,0.37089999832387566,65.38719111101614,0.37089999832387566,0.0,0.0,65.44916455678667,64.76735015526245,0.6198409557536877,1,0.0009477918338061109,1.000947791833806,1,1,0,1,1005.879487649924,987.1037520338626,0.0186659891633022,0.0831538230656425,0.0016544359976663017,0.08138351623535567,0.001154504425377135,0.001154504425377135,0.0011555690859932828,0.19055216701235622,0.12545558300917037,3.4528665419784375,3.515595499498886
free,30.0,8.895707312287448e-05,0.03,-1.2000000000000002,2.0,1.0,2.0,735471,0 1 3 5 7 8 10 16,0 7 8 9 12 15 19 20,37.374752587107174,37.40286729022772,24.944935574564987,24.958803625716417,0.49745769659399564,36.41215072384742,0.45889006820543243,0.026436281409472517,0.026436281409472517,37.402867290227704,37.33872574807684,0.036026839030334656,1,0.0007522378390332207,1.0007522378390337,9,9,0,1,1008.065123476269,997.7924848727563,0.010190451355055363,0.08336050662419947,0.003250966902171702,0.08256915637944764,0.0021186051369812844,0.002108602397820209,0.0021200773626775106,0.17489483300596476,0.09762158300145529,3.3434955409902614,3.3923074574995553
free,30.0,8.895707312287448e-05,0.03,0.0,2.0,1.0,2.0,735471,0 1 10 11 12 13 14 23,0 1 2 3 4 5 6 7,1.3408843870942926,1.4193217353674694,1.3386303607113943,1.404048309715697,-0.04498700093460062,1.3408843870942926,-0.04498700093460062,0.0,,1.4390618767905574,1.4390618767905574,-0.09817748969626483,0,0.07321845987707887,1.058496727255622,735471,199936,1,0,1.4465845001609647,1.4436588272376651,0.002022469425722484,0.08308408296186139,0.05908570407417405,0.08378300985039085,0.05894135843789761,0.060655431830288806,0.062390106429711115,5.609000124997692,0.12411537501611747,8.678523082984611,8.740581645499333
free,30.0,8.895707312287448e-05,0.03,1.1999999999999993,2.0,1.0,2.0,735471,1 2 3 4 6 7 9 18,0 1 2 13 14 17 20 21,82.77261826233976,82.80745862512275,71.11157495190032,71.14255182432673,0.16347553102581025,74.77427698672327,0.051048564737520286,0.10696648096024597,0.10696648096024597,82.80745862512278,82.1365941535599,0.6360241087798642,1,0.000420916524261683,1.0004209165242612,126,126,0,1,1005.5153655955875,998.6644141313657,0.006813373219974439,0.08335752619749008,0.0010827400906691406,0.08257152659072407,0.0009081937628245641,0.0009081937628245641,0.0009085357450519797,0.1450020000047516,0.1248023749794811,3.179404041991802,3.2418064794910606
free,30.0,8.895707312287448e-05,0.03,2.4000000000000004,2.0,1.0,2.0,735471,0 1 2 3 4 8 9 15,0 1 2 3 4 8 9 15,232.67645117966484,233.9438057433131,232.67645117966484,233.9438057433131,-0.0054173460999383805,232.67645117966484,-0.0054173460999383805,0.0,0.0,233.9438057433132,231.74344110374548,0.9330100759193556,1,0.005446853590996836,1.0054468535909964,1,1,0,1,1007.7799495679046,1007.7799495679046,0.0,0.08390268354432409,0.00026968753077137635,0.08390268354432409,0.00026968753077137635,0.00026968753077137624,0.0002699234078253659,0.12342175000230782,0.11634287500055507,3.118582625000272,3.1767551045049913
free,30.0,8.895707312287448e-05,0.03,3.5999999999999996,2.0,1.0,2.0,735471,0 1 3 4 5 6 8 9,0 1 3 4 18 19 21 22,424.6621415008661,424.8868084357433,374.32656487713393,374.43140390313584,0.1341520424679037,419.81063816854396,0.12119505413372744,0.011556408750114544,0.011556408750114544,424.8868084357432,423.77432734225437,0.8878141586117181,1,0.0005290486552040896,1.0005290486552043,4,4,0,1,1010.8851752332189,998.9207773121859,0.011835565714249041,0.08363585632929958,0.0001344105596597003,0.08254937224369177,0.00010532848859556123,0.00010532848859556126,0.00010541615713980016,0.0952802500105463,0.10848712499137037,3.1249772500013933,3.179221687503741
free,30.0,8.895707312287448e-05,0.03,4.799999999999999,2.0,1.0,2.0,735471,0 1 2 3 4 8 9 12,1 3 6 9 11 13 16 19,745.1919362258069,745.4233969248589,712.4586055956124,712.6496195620646,0.04566383783904926,712.4586055956124,-0.0002680334924889394,0.045944185912147883,0.045944185912147883,745.4233969248589,744.8612669014494,0.33066932435747276,1,0.00031060548001149435,1.0003106054800115,467,130,0,1,1010.3336197052676,1001.8910835252077,0.00835618652631065,0.0835715525257578,2.8311708381722354e-05,0.08281336813660983,2.2138672567755744e-05,2.1947850950496453e-05,2.2164257185803117e-05,0.14713241698336788,0.11195487499935552,3.1046086249989457,3.1605865214951336
free,30.0,8.895707312287448e-05,0.03,6.0,2.0,1.0,2.0,735471,0 1 4 5 6 7 10 16,0 4 10 12 13 14 16 18,868.85222204449,868.9968412596811,837.3705871435992,837.4927570537122,0.0374444611331326,860.4546719341027,0.027417448911642106,0.009759433453375932,0.009759433453375932,870.1907323256228,870.1907323256228,-1.3385102811328125,0,0.0015405499890224217,1.000166448576089,55,55,0,1,1008.2309548908667,1000.5935639878726,0.007575041081555378,0.08338025826735329,1.0602305230060613e-05,0.08263693017556285,6.137553522458257e-06,6.137553522458254e-06,6.146080500162181e-06,0.12508579200948589,0.09115229101735167,3.059258542023599,3.1048356455139583
free,30.0,8.895707312287448e-05,0.03,-6.0,4.0,1.0,2.0,735471,1 2 3 4 5 7 8 15,1 6 8 9 11 15 16 22,322.1602725384622,323.1066776798338,275.9426086663868,277.2952050998146,0.16179532358844084,321.64360429949465,0.15993208098826117,0.0016063376733164159,0.0016063376733164159,324.22783247357205,324.22783247357205,-2.0675599351098413,0,0.006417799186779094,1.0029376841964852,5,5,0,1,1008.5954585308486,1000.2881324428561,0.008236529341598797,0.08364298687687541,0.00021268170511264334,0.08261051097371955,0.00016671858040100053,0.00016561446429877008,0.00016745082065264917,0.21250645798863843,0.07822616698103957,3.2041387910139747,3.2432524164760252
free,30.0,8.895707312287448e-05,0.03,-4.8,4.0,1.0,2.0,735471,0 1 2 3 4 5 6 7,3 7 12 16 17 20 21 23,204.3089930906036,204.91271261346435,102.69353635166863,102.72509175430201,0.9888908308718776,197.91737560487456,0.9266702246249003,0.03229437267038815,0.03229437267038815,204.91271261346435,204.0660741947235,0.24291889588008075,1,0.002954933670457738,1.0029549336704577,24,24,0,1,1012.3610731228141,991.5229138746487,0.020583722351044442,0.08378278781488761,0.0007266449028313488,0.08196431074821912,0.000311039148208849,0.000311039148208849,0.00031218908344253184,0.15191116600180976,0.1003344589844346,3.2399110829865094,3.290079104481265
free,30.0,8.895707312287448e-05,0.03,-3.6,4.0,1.0,2.0,735471,0 1 2 3 6 8 9 22,3 7 10 16 18 19 21 22,124.83722986864791,124.92114934574771,81.68247277182499,81.72051587610956,0.5276118674765149,121.32400697943268,0.48462115882091417,0.028957359525809245,0.028957359525809245,126.6440864711544,126.6440864711544,-1.8068566025064854,0,0.014473699908333693,1.0006722311700451,50,50,0,1,1006.1141787105705,991.1076572315391,0.014915326507239701,0.08331453270937537,0.0009305486387069724,0.08202878563155565,0.0005676874267169591,0.000559226014127747,0.0005680739660043624,0.21690104200388305,0.10627962497528642,3.2583927499945275,3.3115337704657577
free,30.0,8.895707312287448e-05,0.03,-2.4000000000000004,4.0,1.0,2.0,735471,1 3 4 6 8 10 12 15,1 6 12 13 14 18 20 22,81.5641814698379,81.61979353061889,81.00990697754438,81.50630780546737,0.0007100513558859767,81.00990697754438,-0.006090336334554247,0.006842058125645867,0.006842058125645867,81.61979353061885,81.56932706460665,-0.005145594768748651,0,0.0006818196391942255,1.000681819639195,4,4,0,1,1006.3797951180045,992.7294439086071,0.013563816836959508,0.083476490465132,0.000935215076404091,0.08223622176358124,0.0009185953624604267,0.000918595362460427,0.0009191994566945369,0.12341058297897689,0.10937650001142174,3.0923759999859612,3.1470653750002384
free,30.0,8.895707312287448e-05,0.03,-1.2000000000000002,4.0,1.0,2.0,735471,0 1 2 3 5 7 10 16,1 5 8 9 13 18 22 23,62.8237610696226,62.85812034224377,55.329309404961315,55.35333819428648,0.1349588501621246,62.102170099668896,0.1219227624844319,0.01161941633916519,0.01161941633916519,63.158688196515016,63.158688196515016,-0.334927126892417,0,0.005331217380017073,1.000546915244108,6,6,0,1,1008.8875718604066,980.771217971837,0.02786866908938379,0.08346823183397925,0.0014189597853150285,0.08236337358676722,0.0012213489484113862,0.0012213489484113862,0.0012219661903991423,0.1912517909950111,0.1324221669929102,3.19247633300256,3.2586879584996495
free,30.0,8.895707312287448e-05,0.03,0.0,4.0,1.0,2.0,735471,0 1 10 11 12 13 14 23,0 1 2 3 4 5 6 7,2.5739858828529303,2.678221364578937,2.5700828975813486,2.6268670009557393,-0.020130869999725576,2.5739858828529303,-0.020130869999725576,0.0,,2.7553943323012864,2.7553943323012864,-0.1814084494483561,0,0.07047763962376052,1.040495747245698,735471,199936,1,0,2.819315243919212,2.788533719233303,0.010918085429538094,0.08308408296186139,0.03153962668526029,0.08378300985039085,0.03119412167401534,0.031353999548172126,0.03245869648213546,5.71869916698779,0.10461824998492375,8.839507083990611,8.891817249997985
free,30.0,8.895707312287448e-05,0.03,1.1999999999999993,4.0,1.0,2.0,735471,0 2 3 4 6 11 15 19,1 5 6 7 11 15 16 21,114.67032418139418,114.68504519684012,94.99216289533457,95.00293777536683,0.2070187182266996,111.85393975438075,0.17737348311120527,0.025179125860009144,0.025179125860009144,114.68504519684012,112.52969980988284,2.140624371511336,1,0.0001283768538289376,1.000128376853829,3,3,0,1,1005.6306124406993,1000.2103792711832,0.0053898848170115254,0.08315113660494669,0.0007862909829062604,0.08272774564721107,0.0006323902089505727,0.0006323902089505727,0.0006324282474286664,0.12654204200953245,0.0953784590237774,2.9793968750163913,3.0270865205093287
free,30.0,8.895707312287448e-05,0.03,2.4000000000000004,4.0,1.0,2.0,735471,0 1 2 5 6 7 11 16,3 4 7 8 12 13 18 19,217.34056959557878,217.42277055010598,210.21343966366308,210.29119897514772,0.033521947921672846,210.21343966366308,-0.0003697696901420189,0.03390425437745059,0.03390425437745059,217.42277055010612,216.0655870642553,1.2749825313234737,1,0.0003782126580431644,1.0003782126580425,18,18,0,1,1007.1002324184489,1000.850918210098,0.0062052554524227865,0.08339477608142272,0.0003076110024211636,0.08269773768687451,0.00029139746599756447,0.00029139746599756426,0.00029151386108530703,0.14367308301734738,0.10911950000445358,3.069023499992909,3.12358379100624
free,30.0,8.895707312287448e-05,0.03,3.5999999999999996,4.0,1.0,2.0,735471,0 1 2 4 6 7 15 18,0 4 7 8 10 11 19 23,425.34787566965275,425.5279860302515,375.1809720985056,375.32893691322886,0.1332669395751589,422.2742180841154,0.12507770265989282,0.007278818961486078,0.007278818961486078,425.5279860302514,424.43021149076105,0.9176641788916982,1,0.000423442482967884,1.000423442482968,3,3,0,1,1006.0002230689166,1000.8856598755601,0.00508405771298337,0.08328544692329905,0.0001329428091730476,0.0827138282898297,0.00010542221802896398,0.00010542221802896403,0.00010548960386129898,0.12432487501064315,0.10213045799173415,3.076439958997071,3.127506313001504
free,30.0,8.895707312287448e-05,0.03,4.799999999999999,4.0,1.0,2.0,735471,0 1 3 4 5 6 8 9,0 1 5 8 10 13 19 20,642.9718313661133,643.1887047288667,501.40904791399686,501.52627158427487,0.2820302101722907,615.1963750519714,0.22664835305361608,0.04514892714020857,0.04514892714020857,643.1887047288669,637.1006756922577,5.871155673855583,1,0.0003372983887846015,1.0003372983887842,38,38,0,1,1009.2367096980403,1002.1185201621662,0.007053042628625605,0.08363585632929958,7.780558930974683e-05,0.08283130203393291,3.982519781089459e-05,3.9825197810894576e-05,3.985886599183194e-05,0.11562566697830334,0.08893125000759028,3.0135699580132496,3.0580360000167275
free,30.0,8.895707312287448e-05,0.03,6.0,4.0,1.0,2.0,735471,0 1 2 3 5 6 14 15,0 4 12 13 16 20 22 23,780.4516997090758,780.6239846379119,714.7942652617526,714.9159489660855,0.09166916871524333,762.9738669054387,0.06722177342505065,0.022907511727139118,0.022907511727139118,780.6239846379119,779.9937505730206,0.45794913605516285,1,0.0002207502769233649,1.0002207502769234,112,112,0,1,1008.7300337917447,994.9702041815036,0.01364074544159144,0.0834269174625307,2.7737648240081624e-05,0.08213129958076294,1.6255296977256486e-05,1.6255296977256486e-05,1.626916762227077e-05,0.11127162497723475,0.10117041700868867,2.961941832996672,3.0125275415048236
free,30.0,8.895707312287448e-05,0.05,0.0,0.0,1.0,2.0,735471,0 1 2 3 4 5 6 7,0 1 2 3 4 5 6 7,0.8131569451106321,0.9987883985924435,0.8131569451106321,0.9987883985924435,-0.18585663764558658,0.8131569451106321,-0.18585663764558658,0.0,,0.9987883985924435,0.9987880496194557,-0.18563110450882359,0,0.22828490194664175,1.2282849019466417,735471,199936,1,0,0.9990133577149808,0.9990133577149808,0.0,0.07333211405477504,0.07333211405477504,0.07333211405477504,0.07333211405477504,0.0876765495420848,0.09008194745047841,4.975052416994004,0.11569341600988992,7.571281874988927,7.629129207998631
free,30.0,8.895707312287448e-05,0.05,-6.0,1.0,1.0,2.0,735471,0 1 2 4 5 6 8 12,6 7 8 9 10 11 18 22,277.40244281314483,286.62724253934937,219.29679535343772,224.00731358307195,0.23836333008954003,277.40244281314483,0.23836333008954003,0.0,0.0,291.14653836328023,291.14653836328023,-13.744095550135398,0,0.04954569040833312,1.033254212301289,309,309,0,1,1010.5262513283741,999.3281467298368,0.01108145838251795,0.07425805665028254,0.0002425412849552618,0.07326005582194109,0.00016663641189585554,0.00015969983035312962,0.00017049934723897437,0.17660308300401084,0.18587195800500922,3.7545531670039054,3.847490853993804
free,30.0,8.895707312287448e-05,0.05,-4.8,1.0,1.0,2.0,735471,0 1 3 4 6 7 10 14,3 11 12 17 18 21 22 23,130.99090529738962,131.10899402735376,123.61789726000933,129.1593284735689,0.01418075523825224,129.94863993148329,0.006111145569140275,0.008020594647669022,0.008020594647669022,141.60197403624707,141.60197403624707,-10.611068738857455,0,0.08100614859304223,1.000901503273804,463,463,0,1,1009.123317447698,980.5753683055212,0.02828985184326238,0.07588060514785994,0.0004985390531316693,0.07115711142738126,0.00045377542173964804,0.0004242051800063703,0.00045418020121044424,0.1280153339903336,0.17140070899040438,3.6330082089989446,3.718709188498906
free,30.0,8.895707312287448e-05,0.05,-3.6,1.0,1.0,2.0,735471,0 1 2 4 5 7 8 20,3 4 6 7 11 12 19 20,53.04589158417135,54.443073534229725,41.360828239786585,41.39739975207695,0.2813822100386869,50.49237856815279,0.2196992775040063,0.050572246513836294,0.050572246513836294,55.15778086077068,55.15778086077068,-2.111889276599328,0,0.03981249468204817,1.0263391170990381,206,145,0,1,1007.3675427740623,995.5491605491803,0.01173194660643595,0.07291245986566201,0.001672324077440306,0.07275260107660202,0.0012473488397102912,0.0012185958961411826,0.001271382355373667,0.12828899998567067,0.1955237080110237,3.533981791988481,3.6317442709987517
free,30.0,8.895707312287448e-05,0.05,-2.4000000000000004,1.0,1.0,2.0,735471,0 1 2 5 6 11 12 20,8 10 14 18 19 21 22 23,20.34063477316065,21.388480953771182,17.02426260474346,17.38765191466209,0.1698321816534909,20.34063477316065,0.1698321816534909,0.0,0.0,22.023888754167928,21.98089629848481,-1.64026152532416,0,0.08275326703315677,1.0515149203697989,68,68,0,1,1006.3176986974548,976.9669007232861,0.029166532609094964,0.07341749300210589,0.004133435539889856,0.07428243896959605,0.0033840543637411674,0.0031769261599478788,0.0034003339490271643,0.19023970898706466,0.08430770799168386,3.454167417017743,3.49632189598924
free,30.0,8.895707312287448e-05,0.05,-1.2000000000000002,1.0,1.0,2.0,735471,0 2 3 4 5 6 8 14,7 10 13 16 20 21 22 23,9.776884107211426,9.79108532331198,7.115021816934957,7.2557640407278505,0.3474644506535902,9.776884107211426,0.3474644506535902,0.0,0.0,9.791085323311984,9.76473694009197,0.012147167119456626,1,0.0014525298597007907,1.0014525298597003,1,1,0,1,1009.0695352839903,988.1798234714958,0.02070195470386027,0.07391908177770186,0.01009867876547129,0.0710518771176791,0.0071678356900357594,0.007167835690035758,0.007177212747707962,0.1817454579868354,0.08905062498524785,3.4303601249994244,3.47488693750347
free,30.0,8.895707312287448e-05,0.05,0.0,1.0,1.0,2.0,735471,0 1 10 11 12 13 14 23,0 1 2 3 4 5 6 7,0.9032753524946388,1.099791841353915,0.8985368847654239,1.0925445723596916,-0.17323706936392247,0.9032753524946388,-0.17323706936392247,0.0,,1.1083361327867876,1.1083361327867876,-0.2050607802921488,0,0.22701912514917866,1.217559892801838,735471,199936,1,0,1.1101090351512608,1.1098695410400894,0.00021573926847540115,0.07319389176392017,0.06690500694047805,0.0733328796375915,0.06658991512810566,0.07890809783077207,0.08108573352124857,6.438783167017391,0.09420033299829811,9.777688041998772,9.824789041478653
free,30.0,8.895707312287448e-05,0.05,1.1999999999999993,1.0,1.0,2.0,735471,0 1 2 3 6 7 8 9,0 1 2 3 6 7 8 9,24.456080750715458,24.47435504581784,24.456080750715458,24.47435504581784,-0.0007466711612286181,24.456080750715458,-0.0007466711612286181,0.0,0.0,24.474355045817845,24.255303394422576,0.20077735629288185,1,0.0007472290956453964,1.0007472290956452,1,1,0,1,1010.3320954484859,1010.3320954484859,0.0,0.07316591356303745,0.002900535946246393,0.07316591356303745,0.002900535946246393,0.002900535946246393,0.0029023804865208882,0.17635287501616403,0.08616854198044166,3.4391064590017777,3.4821923959825654
free,30.0,8.895707312287448e-05,0.05,2.4000000000000004,1.0,1.0,2.0,735471,0 1 3 4 5 8 16 21,0 3 7 9 10 18 20 23,101.74104014889895,101.87351400572585,92.29967906924563,92.63254702382486,0.09832929588702122,92.29967906924563,-0.003593423319058875,0.10229029152495928,0.10229029152495928,102.50351467154597,102.50351467154597,-0.7624745226470253,0,0.007494267028635981,1.0013020690237984,153,128,0,1,1005.6348716851973,998.4677587569653,0.007126953459978602,0.07266956398169842,0.0006955357030825342,0.07196945056010548,0.0006175018260573423,0.0006175018260573423,0.0006183243061107039,0.1532112910063006,0.11477633300819434,3.3748781670001335,3.432267583513749
free,30.0,8.895707312287448e-05,0.05,3.5999999999999996,1.0,1.0,2.0,735471,0 1 3 4 5 6 8 9,4 5 9 12 14 17 21 22,313.01508805014726,313.3557028361306,208.23436716913764,208.36920915784944,0.5022137354901781,303.8477889382754,0.45821827594544673,0.0301706954784986,0.0301706954784986,315.7762440428596,315.7762440428596,-2.761155992712361,0,0.008821159420500546,1.0010881736982875,33,33,0,1,1010.1032194695218,994.5384129249925,0.015409124775093375,0.07316772936998933,0.000262187559357644,0.07168149141421963,0.00013979731291651246,0.00013979731291651246,0.00014001104340100252,0.13588533300207928,0.09681212500436231,3.2628824159910437,3.3112888954929076
free,30.0,8.895707312287448e-05,0.05,4.799999999999999,1.0,1.0,2.0,735471,0 1 2 3 6 10 11 14,0 2 4 8 10 11 12 20,584.4438780579676,584.8199735501498,562.3989484215153,562.720778338548,0.038603692196257144,562.3989484215153,-0.0005719176000269499,0.039198027838291294,0.039198027838291294,584.8199735501497,584.2143824527577,0.22949560520987689,1,0.0006435100208967981,1.000643510020897,58,58,0,1,1008.5036662780802,1004.5377555553985,0.003932470307537961,0.07292575905929072,4.063785542162761e-05,0.07249476525217423,3.500374991826541e-05,3.474138488971375e-05,3.506444171037684e-05,0.1525321250082925,0.1276782080240082,3.2699738329974934,3.333813479010132
free,30.0,8.895707312287448e-05,0.05,6.0,1.0,1.0,2.0,735471,0 1 2 5 6 8 9 12,0 2 3 4 5 6 12 19,725.6946956363449,725.9260537116897,714.160342458864,714.3740443272533,0.015846952166008066,714.160342458864,-0.00029914562278166024,0.01615092926858419,0.01615092926858419,725.9260537116897,722.0725271352771,3.62216850106779,1,0.0003188091035197793,1.0003188091035198,44,44,0,1,1009.1704981516575,1007.7129915281603,0.0014442620213004354,0.07301719242509465,1.3254356596492005e-05,0.07283238053589931,1.1373229341824727e-05,1.1373229341824719e-05,1.13912039379366e-05,0.17252158300834708,0.09290854100254364,3.448182584019378,3.4946372705016984
free,30.0,8.895707312287448e-05,0.05,-6.0,2.0,1.0,2.0,735471,0 1 2 3 6 7 9 10,0 1 3 4 12 15 17 23,218.84246778920775,223.95242074568432,190.39231940388197,196.1609892923071,0.11562685617935009,218.84246778920775,0.11562685617935009,0.0,0.0,231.76994396128705,231.76994396128705,-12.92747617207931,0,0.059072063583797796,1.0233499147039347,334,334,0,1,1010.5309699245195,1000.7990082118492,0.009630542756544291,0.07466147476994878,0.00029165619274260714,0.07362521379083793,0.00023979674675409478,0.00022075114436703855,0.00024133111471573784,0.2779449580120854,0.10038620900013484,3.5947250419994816,3.6449185215024045
free,30.0,8.895707312287448e-05,0.05,-4.8,2.0,1.0,2.0,735471,0 1 2 3 4 5 8 11,2 5 6 15 16 19 22 23,108.959737918037,112.78075272265093,92.68064122669038,96.21572839960025,0.13245245585533283,108.959737918037,0.13245245585533283,0.0,0.0,117.41428704481493,117.41428704481493,-8.45454912677792,0,0.07759333207223484,1.0350681350526763,74,74,0,1,1010.450261074904,995.4683946445035,0.014826921232583001,0.07556884362922489,0.0006964534297771779,0.07279943156999713,0.0005565381005884113,0.0005202078133347875,0.0005678103985981304,0.1932330839917995,0.11323824999271892,3.5074044999782927,3.5640244579844875
free,30.0,8.895707312287448e-05,0.05,-3.6,2.0,1.0,2.0,735471,0 1 2 3 4 5 8 13,7 9 10 14 20 21 22 23,34.48054309344359,34.505109288369674,22.561483153517237,22.57683703105722,0.5272530446143258,34.108392169235984,0.5107692951991321,0.010910831632318096,0.010910831632318096,34.50510928836966,34.44124515638691,0.03929793705668061,1,0.0007124654289665244,1.000712465428967,9,9,0,1,1010.683038979224,864.8593012799923,0.1442823635850381,0.07315930349345957,0.0031515014283412563,0.07118521986470633,0.0019740771074035464,0.0019740771074035464,0.001975211302753378,0.17714275000616908,0.1266430839896202,3.3883098750084173,3.45163183301338
free,30.0,8.895707312287448e-05,0.05,-2.4000000000000004,2.0,1.0,2.0,735471,1 2 3 7 9 11 13 15,15 16 17 18 19 20 21 22,22.475810505973932,23.184035033826138,16.290610029425846,16.69688537074161,0.3461079720508162,22.475810505973932,0.3461079720508162,0.0,0.0,23.40388037791445,23.186857691966125,-0.711047185992193,0,0.04129194236149325,1.0315105222863472,12,12,0,1,1005.879487649924,987.1037520338626,0.0186659891633022,0.07413213451887511,0.004350920956391467,0.07226635890975647,0.0030281171895892843,0.0029320674009956455,0.00305627464157837,0.23763279197737575,0.11774962497293018,3.5765747090044897,3.635450187473907
free,30.0,8.895707312287448e-05,0.05,-1.2000000000000002,2.0,1.0,2.0,735471,0 1 3 5 7 8 10 16,0 7 8 9 12 15 19 20,12.698015763727797,12.950454716416925,8.519498911964963,8.524020868700598,0.4896744106239481,12.13697555321227,0.42385568268352114,0.04622570162193651,0.04622570162193651,13.066413375820273,13.066413375820273,-0.3683976120924761,0,0.029012218833812886,1.019880188951271,148,132,0,1,1008.065123476269,997.7924848727563,0.010190451355055363,0.07286343263895462,0.008459054922777121,0.07199435027522964,0.005470257012538878,0.0053933702670781285,0.005579864625516694,0.2055945000029169,0.12229062500409782,3.440294708998408,3.501440937485313
free,30.0,8.895707312287448e-05,0.05,0.0,2.0,1.0,2.0,735471,0 1 10 11 12 13 14 23,0 1 2 3 4 5 6 7,1.1735122983484987,1.4020250168337152,1.1674852806246305,1.3741187316647807,-0.14598915559010106,1.1735122983484987,-0.14598915559010106,0.0,,1.436526651249392,1.436526651249392,-0.26301435290089326,0,0.22412577462633942,1.1947254569098302,735471,199936,1,0,1.4465845001609647,1.4436588272376651,0.002022469425722484,0.07319389176392017,0.05317710362255214,0.0733328796375915,0.0522160152041935,0.060656494807329306,0.06239278884761675,5.642977833980694,0.11073879100149497,8.751283374993363,8.806653728504898
free,30.0,8.895707312287448e-05,0.05,1.1999999999999993,2.0,1.0,2.0,735471,1 2 3 4 6 7 9 18,0 1 2 5 12 13 17 20,28.626873730269768,28.6425782203278,23.882206869218734,24.362686689291788,0.17502942493006035,26.59910097055424,0.09179670164397047,0.07623463522170604,0.07623463522170604,28.88279962411989,28.88279962411989,-0.2559258938501223,0,0.008940057383196143,1.0005485925639663,106,106,0,1,1005.5153655955875,975.6783516073795,0.029673354589201062,0.07286143200394614,0.002901740666136366,0.07241034338051604,0.0024391094585808253,0.0024266098861130624,0.002440158247994527,0.1962047909910325,0.10887595900567248,3.1952308750187512,3.249669521523174
free,30.0,8.895707312287448e-05,0.05,2.4000000000000004,2.0,1.0,2.0,735471,0 1 2 3 4 8 9 15,0 1 2 3 4 8 9 15,89.53092964741853,90.89833719028549,89.53092964741853,90.89833719028549,-0.015043262452694162,89.53092964741853,-0.015043262452694162,0.0,0.0,90.89833719028543,90.10240135195487,-0.5714717045363358,0,0.015273018478104472,1.0152730184781051,4,4,0,1,1007.7799495679046,1007.7799495679046,0.0,0.07407910928878415,0.0007260095321925542,0.07407910928878415,0.0007260095321925542,0.0007260095321925548,0.0007266288992907592,0.14199308399111032,0.11902820799150504,3.090391375008039,3.1499062289803987
free,30.0,8.895707312287448e-05,0.05,3.5999999999999996,2.0,1.0,2.0,735471,0 1 3 4 5 6 8 9,0 1 3 4 19 20 22 23,191.2444747712074,191.40502575183854,160.27626341510387,160.35099539157395,0.19266160028624824,188.14110235326757,0.17330797912311513,0.016494919925114093,0.016494919925114093,191.40502575183862,190.64137943003033,0.6030953411770668,1,0.0008395065050810224,1.0008395065050806,6,6,0,1,1010.8851752332189,997.815172541815,0.012929265372190857,0.07316772931942142,0.0003673402460222127,0.07188918797919948,0.0002866296581910965,0.00028662965819109635,0.00028688906508751374,0.08485083401319571,0.10258425000938587,3.0585408750048373,3.109833750015241
free,30.0,8.895707312287448e-05,0.05,4.799999999999999,2.0,1.0,2.0,735471,0 1 2 3 4 8 9 12,0 1 4 5 6 8 9 14,490.74319047362513,491.02613320669735,438.0018396503049,438.22716093055215,0.11983745925642308,490.74319047362513,0.11983745925642308,0.0,0.0,491.0261332066974,488.4675255062677,2.275664967357443,1,0.0005765596722782096,1.0005765596722782,1,1,0,1,1010.3336197052676,998.2685345276889,0.011941684352836157,0.07309802809972432,7.784689207294892e-05,0.07293252632018876,5.957377154703199e-05,5.8924252489953214e-05,5.963991723922644e-05,0.15253229101654142,0.10734337498433888,3.134325416991487,3.1879980624944437
free,30.0,8.895707312287448e-05,0.05,6.0,2.0,1.0,2.0,735471,0 1 4 5 6 7 10 16,0 4 10 12 13 14 16 18,680.9375991562204,681.186630304875,619.589644576067,619.7925040908777,0.09865413773442011,669.9184217071438,0.08087532082981808,0.016448536257588797,0.016448536257588797,682.3029678394163,682.3029678394163,-1.3653686831959249,0,0.002005130403854638,1.0003657180172798,65,65,0,1,1008.2309548908667,1000.5935639878726,0.007575041081555378,0.07288587101037428,2.864013970125368e-05,0.072066184931286,1.683799349349719e-05,1.68379934934972e-05,1.6861254151482456e-05,0.1290027920040302,0.09908299997914582,3.0566091669898015,3.106151832995238
free,30.0,8.895707312287448e-05,0.05,-6.0,4.0,1.0,2.0,735471,1 2 3 4 5 7 8 15,0 2 6 7 10 14 18 23,140.09563485346112,143.0484283718164,113.26854215355606,116.1848712291815,0.20579928669985126,140.09563485346112,0.20579928669985126,0.0,0.0,145.8114019197655,145.8114019197655,-5.71576706630438,0,0.04079903754519565,1.021076984457395,49,49,0,1,1008.5954585308486,1000.2286071177772,0.008295547379579604,0.07458365352312807,0.0005529823871017483,0.0733164572077415,0.0004235718518169707,0.0004043454232244367,0.0004262880591589593,0.2146670410002116,0.10558758399565704,3.2559852090198547,3.3087795009923866
free,30.0,8.895707312287448e-05,0.05,-4.8,4.0,1.0,2.0,735471,0 1 2 3 4 5 6 7,4 5 13 14 18 19 21 22,79.24080743750098,81.69067269086484,38.231415701033676,38.252765143437756,1.0715053445252622,75.91828786161241,0.9846483666458856,0.043764416578321974,0.043764416578321974,82.75842376544067,82.75842376544067,-3.5176163279396917,0,0.044391475070646,1.030916712393373,182,137,0,1,1012.3610731228141,987.3687061589463,0.024687206597912903,0.07333253647131924,0.0018280948366238227,0.0730736117090679,0.0008055589016150767,0.0007748494911133203,0.0008120608851173799,0.19080708399997093,0.09924979199422523,3.3092820000019856,3.358907354006078
free,30.0,8.895707312287448e-05,0.05,-3.6,4.0,1.0,2.0,735471,0 1 2 3 6 8 9 22,2 6 10 11 14 15 17 18,44.67672533224431,46.157055869061324,29.710525666276954,29.729023648478233,0.5027982708248551,44.67672533224431,0.5027982708248551,0.0,0.0,47.846525876388526,47.846525876388526,-3.1698005441442163,0,0.07094970637555864,1.0331342667979433,332,332,0,1,1006.1141787105705,993.0428510661418,0.012991892889513634,0.07281997078042256,0.002360500118659139,0.07369669936160575,0.0015076937091685501,0.0014175212646235524,0.0015210600045492495,0.2856157080095727,0.10536175000015646,3.3663437500072177,3.4190250000101514
free,30.0,8.895707312287448e-05,0.05,-2.4000000000000004,4.0,1.0,2.0,735471,1 3 4 6 8 10 12 15,2 4 5 9 11 13 17 23,28.21012848753926,28.943353605246763,27.869902378916624,28.66434118880822,-0.015845914555548957,28.12759607967528,-0.018725185609446693,0.002934214770085486,0.002934214770085486,29.486273259362502,29.486273259362502,-1.2761447718232404,0,0.04523711305983347,1.0259915554100143,79,79,0,1,1006.3797951180045,1000.3696278461442,0.005972066709820534,0.07449753617034684,0.0025100050198706967,0.07369350936453904,0.002457171836803448,0.0023501312426280623,0.0024671828464062125,0.16413716701208614,0.11229779198765755,3.182966291991761,3.239115979988128
free,30.0,8.895707312287448e-05,0.05,-1.2000000000000002,4.0,1.0,2.0,735471,0 1 2 3 5 7 10 16,0 4 8 9 14 18 19 23,21.688520430118782,22.399102461336426,19.115742783183727,19.228719105487585,0.1279233063386529,21.525064613914008,0.11942269767574287,0.007593743346959059,0.007593743346959059,22.774709750196223,22.774709750196223,-1.086189320077441,0,0.05008130100793107,1.0327630477840646,31,31,0,1,1008.8875718604066,981.71199171698,0.02693618288241406,0.07298525498443983,0.0037066808257952577,0.07413104960043072,0.0032205973935522936,0.0031221662497258446,0.0032240482942759744,0.19567474999348633,0.1083153749932535,3.1933116250147577,3.2474699375161435
free,30.0,8.895707312287448e-05,0.05,0.0,4.0,1.0,2.0,735471,0 1 10 11 12 13 14 23,0 1 2 3 4 5 6 7,2.2526886823437935,2.6023307419214774,2.2414943669619505,2.498173146030453,-0.09826559222955755,2.2526886823437935,-0.09826559222955755,0.0,,2.7441432815339284,2.7441432815339284,-0.4914545991901349,0,0.2181635674037321,1.155210998447376,735471,199936,1,0,2.819315243919212,2.788533719233303,0.010918085429538094,0.07319389176392017,0.02921000960587766,0.0733328796375915,0.028090735252782197,0.03135579370167238,0.032460190900571215,5.656296083005145,0.1055010829877574,8.671898333006538,8.72465029147861
free,30.0,8.895707312287448e-05,0.05,1.1999999999999993,4.0,1.0,2.0,735471,0 2 3 4 6 11 15 19,1 5 6 7 11 15 16 21,40.379947942803724,40.38830598035393,32.90296958595588,33.02179607093855,0.2228271247287137,39.85114700567935,0.2068134307434326,0.013269403188044038,0.013269403188044038,40.4613540645398,40.4613540645398,-0.08140612173607309,0,0.0020160036325798103,1.000206984852037,14,14,0,1,1005.6306124406993,1000.2103792711832,0.0053898848170115254,0.07263645180794419,0.0021106946857307046,0.07216806464269884,0.0016978983765165222,0.0016925044071374295,0.0016980110623377109,0.13139137500547804,0.09315199998673052,3.077026917017065,3.1236036250193138
free,30.0,8.895707312287448e-05,0.05,2.4000000000000004,4.0,1.0,2.0,735471,0 1 2 5 6 7 11 16,0 2 6 8 11 14 22 23,82.8952023936257,83.02506101048233,79.80924854739027,79.84696567962416,0.038175986877600376,81.5883013640666,0.02180841400322353,0.016018240454932275,0.016018240454932275,83.02506101048235,82.7375659980772,0.15763639554849362,1,0.001566539595862615,1.0015665395958624,4,4,0,1,1007.1002324184489,973.4426166610357,0.033420323691702336,0.07290302839595454,0.0008240773518603955,0.07205333588798013,0.0007788933687922846,0.0007798460052061589,0.0007801300536246296,0.1577165829949081,0.10322320798877627,3.1752942920138594,3.2269068130117375
free,30.0,8.895707312287448e-05,0.05,3.5999999999999996,4.0,1.0,2.0,735471,0 1 2 4 6 7 15 18,0 3 5 6 7 9 14 23,192.4681846413495,192.59220057434763,161.07780574869034,161.1716845745966,0.19418113143979476,191.23891166583078,0.18655402883325878,0.00642794379454914,0.00642794379454914,194.09540247197225,194.09540247197225,-1.6272178306227545,0,0.008454476949813605,1.000644345106851,4,4,0,1,1006.0002230689166,1003.236223205657,0.0027475141653823254,0.07278533563739976,0.00036264418568081964,0.07248296896955782,0.00028739757028116485,0.00028601181748595244,0.0002875904160662024,0.13052745899767615,0.1029541669995524,3.0592854999995325,3.1107635005027987
free,30.0,8.895707312287448e-05,0.05,4.799999999999999,4.0,1.0,2.0,735471,0 1 3 4 5 6 8 9,0 1 5 8 10 13 19 20,366.8803466625964,367.09072955829294,247.5316635198558,247.6319363599551,0.48155505325978276,337.793322387111,0.36409433836554217,0.08610893806287767,0.08610893806287767,367.09072955829305,363.41798418897224,3.4623624736241823,1,0.0005734373552861438,1.0005734373552857,158,128,0,1,1009.2367096980403,1002.1185201621662,0.007053042628625605,0.07316772931942142,0.0002065126081910317,0.07228560434537898,0.00010795774527190667,0.00010795774527190664,0.0001080425111505087,0.16128937501343898,0.09585462498944253,3.0381780000170693,3.0861060625175014
free,30.0,8.895707312287448e-05,0.05,6.0,4.0,1.0,2.0,735471,0 1 2 3 5 6 14 15,0 2 5 7 8 11 12 14,541.2928182215816,541.5307267646004,443.96453559098694,444.1189293116163,0.2188015022475729,518.9617518683,0.16851977616151137,0.04303027395157377,0.04303027395157377,541.5307267646001,538.3511628897777,2.9416553318038723,1,0.00043951911979944747,1.0004395191198001,102,102,0,1,1008.7300337917447,1003.3438766742071,0.0053395427290803266,0.07294035382277637,7.52790109725137e-05,0.07268011866260563,4.5255290221374235e-05,4.3901127133417345e-05,4.529491911073548e-05,0.07193166698561981,0.10541762498905882,2.8728292919986416,2.9255381464899983
